datetime,open,high,low,close,volume,date
2023-09-11 11:00:00,179.35,179.95,179.35,179.41,12946,2023-09-11
2023-09-11 11:05:00,179.42,179.49,179.37,179.47,8386,2023-09-11
2023-09-11 11:10:00,179.5,179.74,179.47,179.68,11939,2023-09-11
2023-09-11 11:15:00,179.68,179.72,179.52,179.71,9520,2023-09-11
2023-09-11 11:20:00,179.73,179.74,179.61,179.64,6322,2023-09-11
2023-09-11 11:25:00,179.65,179.69,179.59,179.69,4267,2023-09-11
2023-09-11 11:30:00,179.68,179.69,179.67,179.67,1880,2023-09-11
2023-09-11 11:35:00,179.67,179.69,179.52,179.52,4731,2023-09-11
2023-09-11 11:40:00,179.54,179.69,179.4,179.4,7755,2023-09-11
2023-09-11 11:45:00,179.4,179.4,179.4,179.4,548,2023-09-11
2023-09-11 11:50:00,179.41,179.43,179.4,179.43,1180,2023-09-11
2023-09-11 12:00:00,179.48,179.54,179.48,179.54,2444,2023-09-11
2023-09-11 12:05:00,179.59,179.68,179.59,179.68,612,2023-09-11
2023-09-11 12:10:00,179.62,179.65,179.62,179.64,6260,2023-09-11
2023-09-11 12:15:00,179.64,179.69,179.64,179.69,6554,2023-09-11
2023-09-11 12:20:00,179.67,179.67,179.67,179.67,697,2023-09-11
2023-09-11 12:25:00,179.69,179.7,179.69,179.7,1126,2023-09-11
2023-09-11 12:30:00,179.7,179.7,179.66,179.66,597,2023-09-11
2023-09-11 12:35:00,179.64,179.64,179.59,179.59,5009,2023-09-11
2023-09-11 12:40:00,179.58,179.6,179.58,179.6,682,2023-09-11
2023-09-11 12:45:00,179.6,179.6,179.55,179.55,5502,2023-09-11
2023-09-11 12:50:00,179.58,179.58,179.52,179.53,3271,2023-09-11
2023-09-11 12:55:00,179.56,179.56,179.56,179.56,178,2023-09-11
2023-09-11 13:00:00,179.57,179.57,179.47,179.47,6756,2023-09-11
2023-09-11 13:05:00,179.48,179.5,179.48,179.48,1410,2023-09-11
2023-09-11 13:10:00,179.58,179.58,179.46,179.46,3522,2023-09-11
2023-09-11 13:15:00,179.48,179.48,179.45,179.45,5187,2023-09-11
2023-09-11 13:20:00,179.45,179.52,179.45,179.47,3943,2023-09-11
2023-09-11 13:25:00,179.54,179.54,179.54,179.54,322,2023-09-11
2023-09-11 13:30:00,179.6,179.63,179.6,179.63,1365,2023-09-11
2023-09-11 13:35:00,179.63,179.63,179.58,179.58,809,2023-09-11
2023-09-11 13:40:00,179.61,179.61,179.61,179.61,267,2023-09-11
2023-09-11 13:45:00,179.64,179.66,179.64,179.66,5063,2023-09-11
2023-09-11 13:50:00,179.66,179.74,179.64,179.64,9138,2023-09-11
2023-09-11 13:55:00,179.64,179.67,179.61,179.65,5238,2023-09-11
2023-09-11 14:00:00,179.58,179.74,179.48,179.73,24987,2023-09-11
2023-09-11 14:05:00,179.7,179.7,179.6,179.62,5549,2023-09-11
2023-09-11 14:10:00,179.62,179.65,179.57,179.57,6113,2023-09-11
2023-09-11 14:15:00,179.58,179.75,179.56,179.75,12509,2023-09-11
2023-09-11 14:20:00,179.7,179.82,179.69,179.8,13974,2023-09-11
2023-09-11 14:25:00,179.8,179.8,179.78,179.78,5563,2023-09-11
2023-09-11 14:30:00,179.83,179.87,179.25,179.5,60459,2023-09-11
2023-09-11 14:35:00,179.5,179.84,179.5,179.84,18872,2023-09-11
2023-09-11 14:40:00,179.85,179.98,179.85,179.9,45450,2023-09-11
2023-09-11 14:45:00,179.95,180.1,179.9,180.1,38675,2023-09-11
2023-09-11 14:50:00,180.11,180.11,180,180.01,21210,2023-09-11
2023-09-11 14:55:00,180,180.1,179.97,180.04,22251,2023-09-11
2023-09-11 15:00:00,179.66,180.13,179.2,180.05,184585,2023-09-11
2023-09-11 15:05:00,180.07,180.23,180.05,180.22,18543,2023-09-11
2023-09-11 15:10:00,180.24,180.33,180.2,180.32,22320,2023-09-11
2023-09-11 15:15:00,180.36,180.6322,180.36,180.55,39635,2023-09-11
2023-09-11 15:20:00,180.5108,180.59,180.5,180.59,32977,2023-09-11
2023-09-11 15:25:00,180.6,180.64,180.56,180.64,33060,2023-09-11
2023-09-11 15:30:00,180.62,180.64,180.51,180.53,54659,2023-09-11
2023-09-11 15:35:00,180.54,180.6,180.51,180.56,31254,2023-09-11
2023-09-11 15:40:00,180.53,180.58,180.5,180.58,23360,2023-09-11
2023-09-11 15:45:00,180.5999,180.77,180.59,180.706,28586,2023-09-11
2023-09-11 15:50:00,180.69,180.78,180.69,180.73,26503,2023-09-11
2023-09-11 15:55:00,180.7302,180.8,180.65,180.68,32778,2023-09-11
2023-09-11 16:00:00,180.66,180.8,180.62,180.77,137149,2023-09-11
2023-09-11 16:05:00,180.75,180.75,180.47,180.47,43300,2023-09-11
2023-09-11 16:10:00,180.48,180.65,180.48,180.58,35033,2023-09-11
2023-09-11 16:15:00,180.5627,180.5627,180.44,180.47,38320,2023-09-11
2023-09-11 16:20:00,180.48,180.56,180.45,180.51,36822,2023-09-11
2023-09-11 16:25:00,180.51,180.51,180.01,180.01,149746,2023-09-11
2023-09-11 16:30:00,180.07,180.3,179.78,179.81,2435041.0,2023-09-11
2023-09-11 16:35:00,179.81,180,178.3885,178.4699,1716054.0,2023-09-11
2023-09-11 16:40:00,178.46,178.7,178.1502,178.21,1441605.0,2023-09-11
2023-09-11 16:45:00,178.22,178.34,177.51,177.78,1730066.0,2023-09-11
2023-09-11 16:50:00,177.77,178.18,177.48,178.1058,1565529.0,2023-09-11
2023-09-11 16:55:00,178.11,178.33,177.9,178.01,1191990.0,2023-09-11
2023-09-11 17:00:00,178.01,178.33,177.92,178.11,1085262.0,2023-09-11
2023-09-11 17:05:00,178.1,178.1599,177.82,178.039,948067,2023-09-11
2023-09-11 17:10:00,178.03,178.18,177.64,177.68,928602,2023-09-11
2023-09-11 17:15:00,177.6801,177.88,177.51,177.86,915085,2023-09-11
2023-09-11 17:20:00,177.84,177.9,177.4,177.55,1032178.0,2023-09-11
2023-09-11 17:25:00,177.545,177.92,177.535,177.89,789245,2023-09-11
2023-09-11 17:30:00,177.9,177.905,177.34,177.65,960840,2023-09-11
2023-09-11 17:35:00,177.64,177.66,177.4701,177.63,500989,2023-09-11
2023-09-11 17:40:00,177.62,177.85,177.485,177.82,680060,2023-09-11
2023-09-11 17:45:00,177.81,177.97,177.81,177.9329,522088,2023-09-11
2023-09-11 17:50:00,177.94,178.22,177.93,178.03,849561,2023-09-11
2023-09-11 17:55:00,178.03,178.13,177.74,177.8,600749,2023-09-11
2023-09-11 18:00:00,177.79,178.05,177.755,178.005,481235,2023-09-11
2023-09-11 18:05:00,178.0008,178.43,177.99,178.37,770313,2023-09-11
2023-09-11 18:10:00,178.365,178.3699,178.171,178.25,561525,2023-09-11
2023-09-11 18:15:00,178.25,178.56,178.18,178.54,571575,2023-09-11
2023-09-11 18:20:00,178.54,178.68,178.411,178.6401,501075,2023-09-11
2023-09-11 18:25:00,178.65,178.95,178.64,178.75,795302,2023-09-11
2023-09-11 18:30:00,178.75,178.805,178.48,178.495,609862,2023-09-11
2023-09-11 18:35:00,178.49,178.645,178.46,178.5101,395223,2023-09-11
2023-09-11 18:40:00,178.515,178.5899,178.2101,178.2905,724002,2023-09-11
2023-09-11 18:45:00,178.29,178.44,178.23,178.4,452073,2023-09-11
2023-09-11 18:50:00,178.4079,178.49,178.34,178.4599,355996,2023-09-11
2023-09-11 18:55:00,178.47,178.5,178.35,178.4201,321109,2023-09-11
2023-09-11 19:00:00,178.42,178.58,178.385,178.4,384494,2023-09-11
2023-09-11 19:05:00,178.39,178.7,178.25,178.5999,541223,2023-09-11
2023-09-11 19:10:00,178.6,178.7218,178.57,178.66,365739,2023-09-11
2023-09-11 19:15:00,178.67,178.6969,178.5001,178.575,332646,2023-09-11
2023-09-11 19:20:00,178.5759,178.5782,178.42,178.49,346452,2023-09-11
2023-09-11 19:25:00,178.49,178.86,178.48,178.685,555760,2023-09-11
2023-09-11 19:30:00,178.6891,178.742,178.47,178.57,464735,2023-09-11
2023-09-11 19:35:00,178.59,178.6157,178.46,178.465,527741,2023-09-11
2023-09-11 19:40:00,178.46,178.465,178.33,178.375,359298,2023-09-11
2023-09-11 19:45:00,178.37,178.529,178.35,178.47,323861,2023-09-11
2023-09-11 19:50:00,178.465,178.57,178.33,178.53,318643,2023-09-11
2023-09-11 19:55:00,178.515,178.72,178.4515,178.6646,520311,2023-09-11
2023-09-11 20:00:00,178.67,178.73,178.57,178.68,337025,2023-09-11
2023-09-11 20:05:00,178.68,178.74,178.56,178.7077,327225,2023-09-11
2023-09-11 20:10:00,178.71,178.95,178.705,178.83,491247,2023-09-11
2023-09-11 20:15:00,178.83,178.97,178.79,178.94,284315,2023-09-11
2023-09-11 20:20:00,178.95,179.2,178.95,179.19,492406,2023-09-11
2023-09-11 20:25:00,179.19,179.3024,179.0801,179.265,459366,2023-09-11
2023-09-11 20:30:00,179.27,179.4274,179.205,179.26,511554,2023-09-11
2023-09-11 20:35:00,179.27,179.32,179.1701,179.28,259803,2023-09-11
2023-09-11 20:40:00,179.277,179.335,179.085,179.1,341952,2023-09-11
2023-09-11 20:45:00,179.11,179.2774,179.0601,179.0635,273366,2023-09-11
2023-09-11 20:50:00,179.065,179.3,179.065,179.21,344893,2023-09-11
2023-09-11 20:55:00,179.21,179.26,179.01,179.245,364216,2023-09-11
2023-09-11 21:00:00,179.25,179.465,179.25,179.33,482763,2023-09-11
2023-09-11 21:05:00,179.33,179.35,179.04,179.06,478268,2023-09-11
2023-09-11 21:10:00,179.06,179.5,179.0496,179.48,519982,2023-09-11
2023-09-11 21:15:00,179.4899,179.55,179.33,179.535,465426,2023-09-11
2023-09-11 21:20:00,179.53,179.55,179.39,179.51,290933,2023-09-11
2023-09-11 21:25:00,179.505,179.55,179.42,179.515,336470,2023-09-11
2023-09-11 21:30:00,179.515,179.53,179.42,179.42,370645,2023-09-11
2023-09-11 21:35:00,179.42,179.48,179.36,179.438,349871,2023-09-11
2023-09-11 21:40:00,179.4301,179.51,179.38,179.415,317915,2023-09-11
2023-09-11 21:45:00,179.41,179.57,179.39,179.56,326768,2023-09-11
2023-09-11 21:50:00,179.569,179.64,179.49,179.58,288580,2023-09-11
2023-09-11 21:55:00,179.585,179.675,179.48,179.6623,332898,2023-09-11
2023-09-11 22:00:00,179.67,179.75,179.6,179.7228,387558,2023-09-11
2023-09-11 22:05:00,179.73,179.83,179.66,179.7889,456803,2023-09-11
2023-09-11 22:10:00,179.7888,179.82,179.6507,179.66,440959,2023-09-11
2023-09-11 22:15:00,179.665,179.67,179.52,179.5601,557156,2023-09-11
2023-09-11 22:20:00,179.565,179.93,179.56,179.88,686192,2023-09-11
2023-09-11 22:25:00,179.88,179.93,179.595,179.695,734909,2023-09-11
2023-09-11 22:30:00,179.7,179.95,179.66,179.9401,674979,2023-09-11
2023-09-11 22:35:00,179.945,179.95,179.73,179.745,562762,2023-09-11
2023-09-11 22:40:00,179.74,179.78,179.62,179.68,602165,2023-09-11
2023-09-11 22:45:00,179.685,179.71,179.55,179.6099,756243,2023-09-11
2023-09-11 22:50:00,179.59,179.59,179.3,179.31,1176997.0,2023-09-11
2023-09-11 22:55:00,179.31,179.48,179.16,179.38,2340123.0,2023-09-11
2023-09-11 23:00:00,179.36,179.39,179.26,179.29,373309,2023-09-11
2023-09-11 23:05:00,179.29,179.32,179.2,179.24,33361,2023-09-11
2023-09-11 23:10:00,179.24,179.36,179.2,179.26,101952,2023-09-11
2023-09-11 23:15:00,179.26,179.28,179.15,179.2,10953,2023-09-11
2023-09-11 23:20:00,179.22,179.36,179.16,179.16,21999,2023-09-11
2023-09-11 23:25:00,179.16,179.17,179.06,179.1,10148,2023-09-11
2023-09-11 23:30:00,179.12,179.16,179.12,179.15,7748,2023-09-11
2023-09-11 23:35:00,179.15,179.2,179.13,179.17,5771,2023-09-11
2023-09-11 23:40:00,179.2,179.36,179.2,179.2295,244033,2023-09-11
2023-09-11 23:45:00,179.23,179.27,179.23,179.26,178211,2023-09-11
2023-09-11 23:50:00,179.26,179.3,179.24,179.25,5955,2023-09-11
2023-09-11 23:55:00,179.28,179.3,179.07,179.1,22555,2023-09-11
2023-09-12 00:00:00,179.1,179.19,179.05,179.18,9775,2023-09-11
2023-09-12 00:05:00,179.2,179.2,179.14,179.16,3866,2023-09-11
2023-09-12 00:10:00,179.17,179.2,179.15,179.19,5875,2023-09-11
2023-09-12 00:15:00,179.166,179.22,179.16,179.22,2872,2023-09-11
2023-09-12 00:20:00,179.18,179.1801,179.15,179.16,2943,2023-09-11
2023-09-12 00:25:00,179.14,179.14,179.1,179.1,2186,2023-09-11
2023-09-12 00:30:00,179.1109,179.1619,179.08,179.13,2188,2023-09-11
2023-09-12 00:35:00,179.15,179.15,179.11,179.15,4142,2023-09-11
2023-09-12 00:40:00,179.1143,179.15,179,179.0799,9469,2023-09-11
2023-09-12 00:45:00,179.0499,179.0737,179,179.0225,1670,2023-09-11
2023-09-12 00:50:00,179.02,179.08,179.02,179.05,3534,2023-09-11
2023-09-12 00:55:00,179.07,179.15,179.07,179.1,7109,2023-09-11
2023-09-12 01:00:00,179.1,179.2,179.0754,179.15,4728,2023-09-11
2023-09-12 01:05:00,179.18,179.2115,179.14,179.2115,3054,2023-09-11
2023-09-12 01:10:00,179.26,179.26,179.23,179.26,4083,2023-09-11
2023-09-12 01:15:00,179.25,179.34,179.24,179.25,6469,2023-09-11
2023-09-12 01:20:00,179.28,179.28,179.24,179.28,893,2023-09-11
2023-09-12 01:25:00,179.26,179.26,179.2022,179.2022,1937,2023-09-11
2023-09-12 01:30:00,179.24,179.2807,179.2052,179.2807,2698,2023-09-11
2023-09-12 01:35:00,179.28,179.28,179.22,179.22,1664,2023-09-11
2023-09-12 01:40:00,179.21,179.28,179.21,179.28,1800,2023-09-11
2023-09-12 01:45:00,179.277,179.277,179.22,179.25,1097,2023-09-11
2023-09-12 01:50:00,179.27,179.28,179.2406,179.2406,1425,2023-09-11
2023-09-12 01:55:00,179.22,179.25,179.22,179.25,1936,2023-09-11
2023-09-12 02:00:00,179.29,179.36,179.29,179.36,10589,2023-09-11
2023-09-12 02:05:00,179.3,179.33,179.3,179.33,1090,2023-09-11
2023-09-12 02:10:00,179.3,179.3,179.3,179.3,823,2023-09-11
2023-09-12 02:15:00,179.31,179.32,179.31,179.32,845,2023-09-11
2023-09-12 02:20:00,179.34,179.34,179.34,179.34,915,2023-09-11
2023-09-12 02:25:00,179.35,179.44,179.34,179.4,7773,2023-09-11
2023-09-12 02:30:00,179.43,179.44,179.3,179.3,3542,2023-09-11
2023-09-12 02:35:00,179.39,179.39,179.3,179.38,2169,2023-09-11
2023-09-12 02:40:00,179.3,179.4,179.3,179.39,4498,2023-09-11
2023-09-12 02:45:00,179.33,179.44,179.33,179.4399,4963,2023-09-11
2023-09-12 02:50:00,179.39,179.45,179.39,179.4,6595,2023-09-11
2023-09-12 02:55:00,179.42,179.55,179.39,179.55,17962,2023-09-11
2023-09-12 11:00:00,179.78,179.78,179.2,179.2,10206,2023-09-12
2023-09-12 11:05:00,179.27,179.3,179.07,179.16,7012,2023-09-12
2023-09-12 11:10:00,179.18,179.28,179.18,179.23,1753,2023-09-12
2023-09-12 11:15:00,179.27,179.3,179.25,179.3,3300,2023-09-12
2023-09-12 11:20:00,179.33,179.5,179.25,179.48,5879,2023-09-12
2023-09-12 11:25:00,179.42,179.47,179.42,179.43,2518,2023-09-12
2023-09-12 11:30:00,179.42,179.42,179.3,179.3,3849,2023-09-12
2023-09-12 11:35:00,179.37,179.37,179.37,179.37,541,2023-09-12
2023-09-12 11:40:00,179.31,179.35,179.31,179.35,1055,2023-09-12
2023-09-12 11:45:00,179.36,179.36,179.3,179.35,4192,2023-09-12
2023-09-12 11:50:00,179.38,179.38,179.38,179.38,1186,2023-09-12
2023-09-12 11:55:00,179.43,179.49,179.43,179.44,2996,2023-09-12
2023-09-12 12:00:00,179.49,179.55,179.49,179.55,1090,2023-09-12
2023-09-12 12:05:00,179.63,179.69,179.63,179.69,2066,2023-09-12
2023-09-12 12:10:00,179.66,179.67,179.61,179.61,2955,2023-09-12
2023-09-12 12:15:00,179.58,179.62,179.58,179.59,1986,2023-09-12
2023-09-12 12:20:00,179.57,179.65,179.56,179.65,1323,2023-09-12
2023-09-12 12:25:00,179.65,179.8,179.65,179.76,4802,2023-09-12
2023-09-12 12:30:00,179.74,179.74,179.56,179.6,3909,2023-09-12
2023-09-12 12:35:00,179.68,179.74,179.68,179.74,2932,2023-09-12
2023-09-12 12:40:00,179.74,179.79,179.74,179.79,1224,2023-09-12
2023-09-12 12:45:00,179.8,179.84,179.8,179.84,1690,2023-09-12
2023-09-12 12:50:00,179.89,179.89,179.86,179.86,917,2023-09-12
2023-09-12 12:55:00,179.86,179.86,179.86,179.86,415,2023-09-12
2023-09-12 13:00:00,179.86,179.86,179.86,179.86,177,2023-09-12
2023-09-12 13:05:00,179.9,179.9,179.8,179.8,1409,2023-09-12
2023-09-12 13:10:00,179.78,179.78,179.78,179.78,555,2023-09-12
2023-09-12 13:15:00,179.82,179.91,179.82,179.91,1124,2023-09-12
2023-09-12 13:20:00,179.86,179.95,179.85,179.95,3742,2023-09-12
2023-09-12 13:25:00,179.95,179.95,179.93,179.93,2051,2023-09-12
2023-09-12 13:30:00,179.93,180.02,179.92,180,6344,2023-09-12
2023-09-12 13:35:00,180.02,180.02,179.95,179.95,3823,2023-09-12
2023-09-12 13:40:00,179.95,179.95,179.8,179.8,15466,2023-09-12
2023-09-12 13:45:00,179.81,179.81,179.72,179.79,3410,2023-09-12
2023-09-12 13:50:00,179.82,179.84,179.82,179.84,744,2023-09-12
2023-09-12 13:55:00,179.89,179.98,179.89,179.9,3337,2023-09-12
2023-09-12 14:00:00,179.91,179.95,179.83,179.9,16382,2023-09-12
2023-09-12 14:05:00,179.91,179.95,179.86,179.95,14287,2023-09-12
2023-09-12 14:10:00,179.94,179.96,179.94,179.96,680,2023-09-12
2023-09-12 14:15:00,179.95,179.96,179.91,179.93,6934,2023-09-12
2023-09-12 14:20:00,179.9,179.9,179.7,179.7,14338,2023-09-12
2023-09-12 14:25:00,179.71,179.79,179.69,179.78,4629,2023-09-12
2023-09-12 14:30:00,179.81,179.81,179.74,179.79,4225,2023-09-12
2023-09-12 14:35:00,179.77,179.77,179.74,179.75,1696,2023-09-12
2023-09-12 14:40:00,179.76,179.8,179.75,179.75,9058,2023-09-12
2023-09-12 14:45:00,179.75,179.77,179.75,179.75,4815,2023-09-12
2023-09-12 14:50:00,179.75,179.75,179.7,179.75,8038,2023-09-12
2023-09-12 14:55:00,179.76,179.76,179.75,179.75,1634,2023-09-12
2023-09-12 15:00:00,179.91,180,179.55,179.7306,97123,2023-09-12
2023-09-12 15:05:00,179.75,179.78,179.73,179.75,15441,2023-09-12
2023-09-12 15:10:00,179.8,179.91,179.7899,179.91,20673,2023-09-12
2023-09-12 15:15:00,179.91,179.93,179.83,179.86,22084,2023-09-12
2023-09-12 15:20:00,179.8,179.92,179.8,179.92,12922,2023-09-12
2023-09-12 15:25:00,179.9,180,179.89,179.97,20749,2023-09-12
2023-09-12 15:30:00,179.89,179.97,179.82,179.97,13280,2023-09-12
2023-09-12 15:35:00,179.97,179.98,179.91,179.97,15363,2023-09-12
2023-09-12 15:40:00,179.97,180.2,179.97,180.03,48956,2023-09-12
2023-09-12 15:45:00,180.05,180.1,179.931,179.97,23676,2023-09-12
2023-09-12 15:50:00,179.96,179.96,179.79,179.9004,17007,2023-09-12
2023-09-12 15:55:00,179.831,179.86,179.68,179.75,23942,2023-09-12
2023-09-12 16:00:00,179.74,179.74,179.53,179.59,40251,2023-09-12
2023-09-12 16:05:00,179.58,179.68,179.55,179.57,19530,2023-09-12
2023-09-12 16:10:00,179.59,179.6,179.32,179.42,47227,2023-09-12
2023-09-12 16:15:00,179.42,179.4367,179.35,179.4,29234,2023-09-12
2023-09-12 16:20:00,179.42,179.459,179.2607,179.36,41907,2023-09-12
2023-09-12 16:25:00,179.42,179.72,179.35,179.49,100086,2023-09-12
2023-09-12 16:30:00,179.49,180.13,179.2,179.75,2379184.0,2023-09-12
2023-09-12 16:35:00,179.76,179.8499,179.24,179.559,1004927.0,2023-09-12
2023-09-12 16:40:00,179.57,179.75,179.37,179.47,706887,2023-09-12
2023-09-12 16:45:00,179.47,179.52,178.5,178.605,1236264.0,2023-09-12
2023-09-12 16:50:00,178.61,178.85,178.45,178.7898,1098410.0,2023-09-12
2023-09-12 16:55:00,178.79,178.93,178.71,178.73,721692,2023-09-12
2023-09-12 17:00:00,178.73,178.7399,177.88,178.02,1417315.0,2023-09-12
2023-09-12 17:05:00,178.02,178.18,177.83,178.1699,937020,2023-09-12
2023-09-12 17:10:00,178.17,178.64,178.116,178.6,771953,2023-09-12
2023-09-12 17:15:00,178.6,178.72,178.45,178.509,711192,2023-09-12
2023-09-12 17:20:00,178.51,178.51,178.07,178.08,632237,2023-09-12
2023-09-12 17:25:00,178.08,178.08,177.46,177.55,1588395.0,2023-09-12
2023-09-12 17:30:00,177.55,177.78,177.4,177.43,1229761.0,2023-09-12
2023-09-12 17:35:00,177.43,177.46,176.97,177.04,1441267.0,2023-09-12
2023-09-12 17:40:00,177.045,177.15,176.64,176.8,1368726.0,2023-09-12
2023-09-12 17:45:00,176.81,177.1491,176.61,177.0199,1402180.0,2023-09-12
2023-09-12 17:50:00,177,177.0128,176.23,176.24,1166203.0,2023-09-12
2023-09-12 17:55:00,176.24,176.66,176.235,176.345,1042343.0,2023-09-12
2023-09-12 18:00:00,176.345,176.66,176.29,176.5079,824244,2023-09-12
2023-09-12 18:05:00,176.5078,176.676,176.25,176.32,667761,2023-09-12
2023-09-12 18:10:00,176.325,176.45,176.25,176.405,646265,2023-09-12
2023-09-12 18:15:00,176.4,176.445,176.27,176.31,434423,2023-09-12
2023-09-12 18:20:00,176.3,176.52,176.3,176.4377,437052,2023-09-12
2023-09-12 18:25:00,176.44,176.72,176.35,176.7,585179,2023-09-12
2023-09-12 18:30:00,176.712,177.03,176.712,176.89,823835,2023-09-12
2023-09-12 18:35:00,176.9,177.01,176.755,176.8984,588385,2023-09-12
2023-09-12 18:40:00,176.8992,177.03,176.87,176.9825,500026,2023-09-12
2023-09-12 18:45:00,176.98,177.12,176.94,176.945,503092,2023-09-12
2023-09-12 18:50:00,176.95,177.01,176.86,176.98,430314,2023-09-12
2023-09-12 18:55:00,176.98,177,176.68,176.6801,795148,2023-09-12
2023-09-12 19:00:00,176.685,177.18,176.64,177.13,681386,2023-09-12
2023-09-12 19:05:00,177.13,177.1802,176.99,177.14,1179682.0,2023-09-12
2023-09-12 19:10:00,177.14,177.179,176.9,177.0153,556018,2023-09-12
2023-09-12 19:15:00,177.02,177.04,176.86,176.87,317942,2023-09-12
2023-09-12 19:20:00,176.8623,176.8899,176.7,176.7699,346303,2023-09-12
2023-09-12 19:25:00,176.77,176.77,176.52,176.605,451797,2023-09-12
2023-09-12 19:30:00,176.61,176.66,176.395,176.445,503699,2023-09-12
2023-09-12 19:35:00,176.44,176.715,176.42,176.695,416824,2023-09-12
2023-09-12 19:40:00,176.7,177.1,176.68,177.04,658314,2023-09-12
2023-09-12 19:45:00,177.04,177.27,176.96,177.2308,600366,2023-09-12
2023-09-12 19:50:00,177.225,177.2499,176.92,177.0583,479898,2023-09-12
2023-09-12 19:55:00,177.05,177.12,176.8601,176.9691,427752,2023-09-12
2023-09-12 20:00:00,176.97,177.24,176.83,177.1799,547273,2023-09-12
2023-09-12 20:05:00,177.1709,177.2399,176.68,176.69,746703,2023-09-12
2023-09-12 20:10:00,176.69,177.1253,176.64,176.95,550353,2023-09-12
2023-09-12 20:15:00,176.956,177.3682,176.94,177.36,761437,2023-09-12
2023-09-12 20:20:00,177.35,177.87,177.35,177.7903,1111271.0,2023-09-12
2023-09-12 20:25:00,177.79,177.8299,177.54,177.5699,574898,2023-09-12
2023-09-12 20:30:00,177.57,177.75,177.5601,177.7,418737,2023-09-12
2023-09-12 20:35:00,177.69,177.8501,177.29,177.4108,1090918.0,2023-09-12
2023-09-12 20:40:00,177.41,177.49,176.66,176.7971,1334743.0,2023-09-12
2023-09-12 20:45:00,176.79,177.0494,176.71,176.8715,873699,2023-09-12
2023-09-12 20:50:00,176.88,177,175.83,176.065,2731311.0,2023-09-12
2023-09-12 20:55:00,176.065,176.5,175.45,176.3999,2629935.0,2023-09-12
2023-09-12 21:00:00,176.39,176.5899,176.01,176.45,1256379.0,2023-09-12
2023-09-12 21:05:00,176.4601,176.78,176.25,176.2611,995899,2023-09-12
2023-09-12 21:10:00,176.25,176.57,176.25,176.25,782547,2023-09-12
2023-09-12 21:15:00,176.25,176.4612,175.06,175.4275,2635751.0,2023-09-12
2023-09-12 21:20:00,175.42,175.83,174.82,175.6402,4076782.0,2023-09-12
2023-09-12 21:25:00,175.6328,176.36,175.63,176.1,1823145.0,2023-09-12
2023-09-12 21:30:00,176.11,176.75,175.65,176.48,1817276.0,2023-09-12
2023-09-12 21:35:00,176.48,176.6,175.93,176.04,1053356.0,2023-09-12
2023-09-12 21:40:00,176.0499,176.11,175.8,176.04,858999,2023-09-12
2023-09-12 21:45:00,176.03,176.2,175.66,175.68,920401,2023-09-12
2023-09-12 21:50:00,175.67,175.735,175.15,175.2,1125935.0,2023-09-12
2023-09-12 21:55:00,175.19,175.48,175.14,175.3287,760951,2023-09-12
2023-09-12 22:00:00,175.33,175.48,175.08,175.1,1952195.0,2023-09-12
2023-09-12 22:05:00,175.11,175.34,175.06,175.07,1000344.0,2023-09-12
2023-09-12 22:10:00,175.08,175.27,175.08,175.1,620713,2023-09-12
2023-09-12 22:15:00,175.09,175.295,175.0004,175.155,871281,2023-09-12
2023-09-12 22:20:00,175.155,175.37,175.12,175.31,652328,2023-09-12
2023-09-12 22:25:00,175.31,175.78,175.31,175.72,875125,2023-09-12
2023-09-12 22:30:00,175.72,175.95,175.62,175.625,971013,2023-09-12
2023-09-12 22:35:00,175.62,175.73,175.4901,175.665,979113,2023-09-12
2023-09-12 22:40:00,175.67,175.945,175.665,175.94,1116714.0,2023-09-12
2023-09-12 22:45:00,175.95,176.11,175.7115,175.775,1320757.0,2023-09-12
2023-09-12 22:50:00,175.78,176.3383,175.75,176.3383,1551288.0,2023-09-12
2023-09-12 22:55:00,176.34,176.46,176.22,176.31,3483891.0,2023-09-12
2023-09-12 23:00:00,176.31,176.83,176.3,176.34,489826,2023-09-12
2023-09-12 23:05:00,176.34,176.5,176.27,176.47,340231,2023-09-12
2023-09-12 23:10:00,176.49,176.54,176.3,176.45,256395,2023-09-12
2023-09-12 23:15:00,176.44,176.46,176.28,176.34,79404,2023-09-12
2023-09-12 23:20:00,176.39,176.4,176.29,176.38,19697,2023-09-12
2023-09-12 23:25:00,176.35,176.36,176.28,176.32,20334,2023-09-12
2023-09-12 23:30:00,176.31,176.45,176.31,176.45,10067,2023-09-12
2023-09-12 23:35:00,176.43,176.44,176.37,176.37,10961,2023-09-12
2023-09-12 23:40:00,176.37,176.38,176.3,176.3,80619,2023-09-12
2023-09-12 23:45:00,176.39,176.46,176.36,176.46,15004,2023-09-12
2023-09-12 23:50:00,176.46,176.46,176.34,176.4,15800,2023-09-12
2023-09-12 23:55:00,176.4,176.41,176.36,176.3603,5004,2023-09-12
2023-09-13 00:00:00,176.4,176.44,176.4,176.43,96206,2023-09-12
2023-09-13 00:05:00,176.42,176.5,176.42,176.46,10174,2023-09-12
2023-09-13 00:10:00,176.5,176.58,176.47,176.47,30402,2023-09-12
2023-09-13 00:15:00,176.48,176.5244,176.37,176.39,7323,2023-09-12
2023-09-13 00:20:00,176.37,176.49,176.37,176.49,10218,2023-09-12
2023-09-13 00:25:00,176.49,176.5299,176.48,176.49,8825,2023-09-12
2023-09-13 00:30:00,176.51,176.51,176.41,176.41,8556,2023-09-12
2023-09-13 00:35:00,176.4,176.47,176.35,176.45,14759,2023-09-12
2023-09-13 00:40:00,176.43,176.44,176.39,176.4,2754,2023-09-12
2023-09-13 00:45:00,176.42,176.45,176.4,176.45,2493,2023-09-12
2023-09-13 00:50:00,176.4,176.45,176.4,176.45,4153,2023-09-12
2023-09-13 00:55:00,176.46,176.47,176.42,176.45,11182,2023-09-12
2023-09-13 01:00:00,176.4,176.48,176.3902,176.43,5846,2023-09-12
2023-09-13 01:05:00,176.44,176.47,176.41,176.41,3621,2023-09-12
2023-09-13 01:10:00,176.4,176.43,176.4,176.4,1701,2023-09-12
2023-09-13 01:15:00,176.41,176.4101,176.3716,176.4,5484,2023-09-12
2023-09-13 01:20:00,176.38,176.39,176.37,176.39,2547,2023-09-12
2023-09-13 01:25:00,176.4,176.4,176.3821,176.3821,2496,2023-09-12
2023-09-13 01:30:00,176.3821,176.41,176.3821,176.4,4579,2023-09-12
2023-09-13 01:35:00,176.41,176.42,176.4058,176.41,2506,2023-09-12
2023-09-13 01:40:00,176.4,176.41,176.34,176.4,7694,2023-09-12
2023-09-13 01:45:00,176.41,176.44,176.4,176.42,2483,2023-09-12
2023-09-13 01:50:00,176.42,176.43,176.4,176.4,2240,2023-09-12
2023-09-13 01:55:00,176.38,176.41,176.38,176.39,2904,2023-09-12
2023-09-13 02:00:00,176.38,176.38,176.37,176.38,5261,2023-09-12
2023-09-13 02:05:00,176.38,176.38,176.37,176.38,1466,2023-09-12
2023-09-13 02:10:00,176.38,176.3899,176.37,176.37,6840,2023-09-12
2023-09-13 02:15:00,176.35,176.36,176.35,176.35,3400,2023-09-12
2023-09-13 02:20:00,176.35,176.37,176.35,176.35,3069,2023-09-12
2023-09-13 02:25:00,176.3506,176.3506,176.35,176.35,1656,2023-09-12
2023-09-13 02:30:00,176.37,176.38,176.36,176.36,3372,2023-09-12
2023-09-13 02:35:00,176.36,176.36,176.36,176.36,1679,2023-09-12
2023-09-13 02:40:00,176.35,176.39,176.34,176.39,7189,2023-09-12
2023-09-13 02:45:00,176.38,176.44,176.38,176.4201,5830,2023-09-12
2023-09-13 02:50:00,176.43,176.43,176.33,176.38,7134,2023-09-12
2023-09-13 02:55:00,176.35,176.39,176.35,176.35,8041,2023-09-12
2023-09-13 11:00:00,176.2,177,176.08,176.62,38971,2023-09-13
2023-09-13 11:05:00,176.62,176.7,176.46,176.51,9842,2023-09-13
2023-09-13 11:10:00,176.51,176.51,176.31,176.49,7701,2023-09-13
2023-09-13 11:15:00,176.48,176.48,176.38,176.38,3341,2023-09-13
2023-09-13 11:20:00,176.37,176.72,176.37,176.72,11153,2023-09-13
2023-09-13 11:25:00,176.68,176.7,176.56,176.58,5668,2023-09-13
2023-09-13 11:30:00,176.59,176.9,176.59,176.72,9753,2023-09-13
2023-09-13 11:35:00,176.67,176.8,176.4,176.47,11365,2023-09-13
2023-09-13 11:40:00,176.46,176.46,175.98,176.01,24878,2023-09-13
2023-09-13 11:45:00,176.06,176.15,176,176.03,8427,2023-09-13
2023-09-13 11:50:00,175.95,176.13,175.94,176,26699,2023-09-13
2023-09-13 11:55:00,175.99,176,175.81,175.81,6475,2023-09-13
2023-09-13 12:00:00,175.81,175.81,175.65,175.65,8520,2023-09-13
2023-09-13 12:05:00,175.62,175.62,175.4,175.5,17403,2023-09-13
2023-09-13 12:10:00,175.58,175.69,175.58,175.62,5088,2023-09-13
2023-09-13 12:15:00,175.65,175.8,175.65,175.8,9432,2023-09-13
2023-09-13 12:20:00,175.68,175.68,175.68,175.68,1349,2023-09-13
2023-09-13 12:25:00,175.76,175.89,175.76,175.82,6763,2023-09-13
2023-09-13 12:30:00,175.84,175.84,175.7,175.7,2016,2023-09-13
2023-09-13 12:35:00,175.76,175.76,175.66,175.69,2447,2023-09-13
2023-09-13 12:40:00,175.69,175.69,175.63,175.63,3089,2023-09-13
2023-09-13 12:45:00,175.52,175.85,175.43,175.77,10630,2023-09-13
2023-09-13 12:50:00,175.66,175.66,175.62,175.62,2736,2023-09-13
2023-09-13 12:55:00,175.58,175.6,175.54,175.54,3151,2023-09-13
2023-09-13 13:00:00,175.43,175.48,175.4,175.4,11962,2023-09-13
2023-09-13 13:05:00,175.45,175.5,175.3,175.3,8385,2023-09-13
2023-09-13 13:10:00,175.3,175.4,175.2,175.4,4483,2023-09-13
2023-09-13 13:20:00,175.24,175.45,175.24,175.36,6358,2023-09-13
2023-09-13 13:25:00,175.44,175.46,175.36,175.36,4960,2023-09-13
2023-09-13 13:30:00,175.38,175.49,175.28,175.28,11035,2023-09-13
2023-09-13 13:35:00,175.4,175.5,175.4,175.45,8009,2023-09-13
2023-09-13 13:40:00,175.48,175.59,175.48,175.5,6814,2023-09-13
2023-09-13 13:45:00,175.47,175.5,175.45,175.5,7336,2023-09-13
2023-09-13 13:50:00,175.5,175.5,175.47,175.47,5096,2023-09-13
2023-09-13 13:55:00,175.5,175.5,175.49,175.5,4930,2023-09-13
2023-09-13 14:00:00,175.58,175.6,175.21,175.44,35507,2023-09-13
2023-09-13 14:05:00,175.45,175.58,175.37,175.38,22369,2023-09-13
2023-09-13 14:10:00,175.4,175.5,175.38,175.45,10025,2023-09-13
2023-09-13 14:15:00,175.48,175.52,175.38,175.49,22825,2023-09-13
2023-09-13 14:20:00,175.5,175.65,175.46,175.65,14018,2023-09-13
2023-09-13 14:25:00,175.67,176.25,175.67,175.95,35619,2023-09-13
2023-09-13 14:30:00,175.95,176.27,175.9,176.25,26204,2023-09-13
2023-09-13 14:35:00,176.25,176.35,176.12,176.18,17591,2023-09-13
2023-09-13 14:40:00,176.15,176.35,176.1,176.25,23252,2023-09-13
2023-09-13 14:45:00,176.29,176.53,176.29,176.5,29238,2023-09-13
2023-09-13 14:50:00,176.48,176.51,176.41,176.49,18186,2023-09-13
2023-09-13 14:55:00,176.52,176.73,176.49,176.66,20481,2023-09-13
2023-09-13 15:00:00,175.44,177,175.37,176.36,223034,2023-09-13
2023-09-13 15:05:00,176.39,176.5,176.39,176.5,17575,2023-09-13
2023-09-13 15:10:00,176.55,176.91,176.47,176.745,45278,2023-09-13
2023-09-13 15:15:00,176.78,176.89,176.71,176.75,57789,2023-09-13
2023-09-13 15:20:00,176.75,176.79,176.35,176.37,48118,2023-09-13
2023-09-13 15:25:00,176.37,176.8,176.37,176.4002,23411,2023-09-13
2023-09-13 15:30:00,176.44,176.67,175.3,176.63,253028,2023-09-13
2023-09-13 15:35:00,176.57,177.11,176.33,176.75,188619,2023-09-13
2023-09-13 15:40:00,176.68,176.95,176.46,176.71,95855,2023-09-13
2023-09-13 15:45:00,176.69,176.8799,176.5,176.79,60546,2023-09-13
2023-09-13 15:50:00,176.73,177.17,176.73,177.01,96092,2023-09-13
2023-09-13 15:55:00,177.01,177.4,177.01,177.1,78764,2023-09-13
2023-09-13 16:00:00,177.1,177.25,176.98,177.2,60648,2023-09-13
2023-09-13 16:05:00,177.18,177.4982,177.12,177.36,100732,2023-09-13
2023-09-13 16:10:00,177.35,177.42,177.05,177.09,85404,2023-09-13
2023-09-13 16:15:00,177.07,177.2,177.07,177.18,28335,2023-09-13
2023-09-13 16:20:00,177.19,177.36,177.19,177.29,70134,2023-09-13
2023-09-13 16:25:00,177.28,177.31,176.21,176.5,212111,2023-09-13
2023-09-13 16:30:00,176.51,177.3,175.63,175.63,3273437.0,2023-09-13
2023-09-13 16:35:00,175.6488,176.31,175.36,175.67,1804425.0,2023-09-13
2023-09-13 16:40:00,175.66,175.97,175.33,175.83,1515988.0,2023-09-13
2023-09-13 16:45:00,175.84,175.84,175.02,175.32,1800212.0,2023-09-13
2023-09-13 16:50:00,175.3265,175.45,174.59,175.14,2151314.0,2023-09-13
2023-09-13 16:55:00,175.15,175.95,174.99,175.8082,1479905.0,2023-09-13
2023-09-13 17:00:00,175.815,175.8999,175.25,175.2585,830537,2023-09-13
2023-09-13 17:05:00,175.255,175.26,174.81,174.88,1206628.0,2023-09-13
2023-09-13 17:10:00,174.89,175.14,174.66,174.6802,1066326.0,2023-09-13
2023-09-13 17:15:00,174.67,174.6799,174.07,174.3401,1666731.0,2023-09-13
2023-09-13 17:20:00,174.3599,174.85,174.21,174.8,1499760.0,2023-09-13
2023-09-13 17:25:00,174.8,175.29,174.79,175.1896,1119116.0,2023-09-13
2023-09-13 17:30:00,175.19,175.43,175.02,175.1,1042148.0,2023-09-13
2023-09-13 17:35:00,175.108,175.3,175,175.29,733412,2023-09-13
2023-09-13 17:40:00,175.2822,175.5,175.04,175.09,954802,2023-09-13
2023-09-13 17:45:00,175.09,175.1225,174.8301,174.93,807265,2023-09-13
2023-09-13 17:50:00,174.93,175.12,174.7,174.755,783979,2023-09-13
2023-09-13 17:55:00,174.755,174.98,174.7,174.735,714482,2023-09-13
2023-09-13 18:00:00,174.74,175.19,174.67,175.1697,859321,2023-09-13
2023-09-13 18:05:00,175.17,175.22,174.94,174.95,806103,2023-09-13
2023-09-13 18:10:00,174.95,175.03,174.76,174.8258,3108677.0,2023-09-13
2023-09-13 18:15:00,174.82,174.9999,174.76,174.97,726153,2023-09-13
2023-09-13 18:20:00,174.965,175.2,174.935,175.0801,616761,2023-09-13
2023-09-13 18:25:00,175.085,175.3,175.04,175.2165,852194,2023-09-13
2023-09-13 18:30:00,175.2,175.45,175.18,175.24,682211,2023-09-13
2023-09-13 18:35:00,175.2307,175.2569,174.995,175.05,550235,2023-09-13
2023-09-13 18:40:00,175.05,175.22,174.87,175.175,623088,2023-09-13
2023-09-13 18:45:00,175.175,175.77,175.16,175.6748,816524,2023-09-13
2023-09-13 18:50:00,175.67,175.7,175.13,175.485,771258,2023-09-13
2023-09-13 18:55:00,175.485,175.77,175.35,175.7325,530146,2023-09-13
2023-09-13 19:00:00,175.74,175.94,175.69,175.9201,650810,2023-09-13
2023-09-13 19:05:00,175.9281,176.23,175.861,176.19,1027337.0,2023-09-13
2023-09-13 19:10:00,176.195,176.215,175.7,175.725,889112,2023-09-13
2023-09-13 19:15:00,175.73,176,175.67,175.85,685530,2023-09-13
2023-09-13 19:20:00,175.85,175.8864,175.725,175.84,469151,2023-09-13
2023-09-13 19:25:00,175.84,175.95,175.66,175.73,414436,2023-09-13
2023-09-13 19:30:00,175.705,175.77,175.52,175.71,427293,2023-09-13
2023-09-13 19:35:00,175.72,175.73,175.505,175.545,304771,2023-09-13
2023-09-13 19:40:00,175.545,175.55,175.37,175.4,542079,2023-09-13
2023-09-13 19:45:00,175.41,175.57,175.26,175.429,482658,2023-09-13
2023-09-13 19:50:00,175.4201,175.53,175.37,175.4536,418241,2023-09-13
2023-09-13 19:55:00,175.45,175.72,175.44,175.565,603291,2023-09-13
2023-09-13 20:00:00,175.565,175.69,175.3913,175.4,543988,2023-09-13
2023-09-13 20:05:00,175.4099,175.55,175.39,175.4678,354012,2023-09-13
2023-09-13 20:10:00,175.47,175.72,175.395,175.554,498113,2023-09-13
2023-09-13 20:15:00,175.56,175.73,175.43,175.505,555691,2023-09-13
2023-09-13 20:20:00,175.505,175.62,175.43,175.5226,471831,2023-09-13
2023-09-13 20:25:00,175.53,175.59,175.311,175.3213,446111,2023-09-13
2023-09-13 20:30:00,175.33,175.42,175.2102,175.3307,542034,2023-09-13
2023-09-13 20:35:00,175.34,175.38,175.25,175.38,325802,2023-09-13
2023-09-13 20:40:00,175.37,175.47,175.335,175.42,364089,2023-09-13
2023-09-13 20:45:00,175.44,175.5,175.32,175.345,492398,2023-09-13
2023-09-13 20:50:00,175.33,175.36,175.205,175.2746,387381,2023-09-13
2023-09-13 20:55:00,175.2799,175.2799,175.09,175.1867,462047,2023-09-13
2023-09-13 21:00:00,175.175,175.27,175.0592,175.0592,466776,2023-09-13
2023-09-13 21:05:00,175.0566,175.1499,174.99,175.08,577420,2023-09-13
2023-09-13 21:10:00,175.0799,175.2,174.94,174.985,448730,2023-09-13
2023-09-13 21:15:00,174.99,174.99,174.75,174.81,725083,2023-09-13
2023-09-13 21:20:00,174.8,174.9099,174.7501,174.84,457193,2023-09-13
2023-09-13 21:25:00,174.83,174.8909,174.76,174.84,616574,2023-09-13
2023-09-13 21:30:00,174.84,174.9,174.55,174.83,1016430.0,2023-09-13
2023-09-13 21:35:00,174.82,175.05,174.82,174.9636,705791,2023-09-13
2023-09-13 21:40:00,174.97,175.14,174.965,174.965,556623,2023-09-13
2023-09-13 21:45:00,174.97,175.19,174.8,174.83,661140,2023-09-13
2023-09-13 21:50:00,174.835,174.86,174.44,174.475,971165,2023-09-13
2023-09-13 21:55:00,174.47,174.83,174.36,174.7041,885232,2023-09-13
2023-09-13 22:00:00,174.71,174.7499,174.52,174.56,536550,2023-09-13
2023-09-13 22:05:00,174.55,174.72,174.5,174.6928,550168,2023-09-13
2023-09-13 22:10:00,174.71,174.79,174.57,174.6,570804,2023-09-13
2023-09-13 22:15:00,174.59,174.91,174.58,174.87,590397,2023-09-13
2023-09-13 22:20:00,174.87,174.95,174.7,174.92,639454,2023-09-13
2023-09-13 22:25:00,174.9199,175.1,174.83,175.06,551622,2023-09-13
2023-09-13 22:30:00,175.065,175.1994,174.98,175.02,650372,2023-09-13
2023-09-13 22:35:00,175.02,175.07,174.885,174.91,589659,2023-09-13
2023-09-13 22:40:00,174.905,174.96,174.8,174.885,832952,2023-09-13
2023-09-13 22:45:00,174.8799,174.93,174.76,174.8,863803,2023-09-13
2023-09-13 22:50:00,174.79,175,174.35,174.3901,2472845.0,2023-09-13
2023-09-13 22:55:00,174.4,174.57,173.98,174.2,5825514.0,2023-09-13
2023-09-13 23:00:00,174.2,174.24,174,174,585539,2023-09-13
2023-09-13 23:05:00,174,174.25,173.98,174.17,247333,2023-09-13
2023-09-13 23:10:00,174.21,174.24,174,174.18,563744,2023-09-13
2023-09-13 23:15:00,174.19,174.23,174,174.09,186683,2023-09-13
2023-09-13 23:20:00,174.1,174.1,173.91,173.91,366626,2023-09-13
2023-09-13 23:25:00,173.9,174.05,173.85,174.0003,60614,2023-09-13
2023-09-13 23:30:00,174.06,174.1,174,174.1,22990,2023-09-13
2023-09-13 23:35:00,174.1,174.1,173.89,173.98,45619,2023-09-13
2023-09-13 23:40:00,173.9515,174.21,173.9,173.95,89503,2023-09-13
2023-09-13 23:45:00,173.97,174.1,173.97,174.05,21148,2023-09-13
2023-09-13 23:50:00,174.05,174.16,173.96,173.96,233824,2023-09-13
2023-09-13 23:55:00,174,174,173.91,173.96,57833,2023-09-13
2023-09-14 00:00:00,173.96,173.99,173.95,173.99,9261,2023-09-13
2023-09-14 00:05:00,173.98,174,173.93,174,12538,2023-09-13
2023-09-14 00:10:00,174,174.01,173.92,173.99,11488,2023-09-13
2023-09-14 00:15:00,174,174,173.8,173.9,33884,2023-09-13
2023-09-14 00:20:00,173.85,173.97,173.85,173.9,9459,2023-09-13
2023-09-14 00:25:00,173.95,173.96,173.85,173.93,11798,2023-09-13
2023-09-14 00:30:00,173.94,173.95,173.86,173.91,11821,2023-09-13
2023-09-14 00:35:00,173.92,173.95,173.9,173.9201,11221,2023-09-13
2023-09-14 00:40:00,173.94,173.97,173.9201,173.97,4793,2023-09-13
2023-09-14 00:45:00,173.95,173.96,173.91,173.96,6918,2023-09-13
2023-09-14 00:50:00,173.96,174.13,173.91,174.1,38187,2023-09-13
2023-09-14 00:55:00,174.13,174.14,174.0621,174.1,4907,2023-09-13
2023-09-14 01:00:00,174.12,174.18,174.0719,174.1,6628,2023-09-13
2023-09-14 01:05:00,174.08,174.11,174.06,174.11,12240,2023-09-13
2023-09-14 01:10:00,174.13,174.14,174.12,174.12,1933,2023-09-13
2023-09-14 01:15:00,174.1,174.1,174.05,174.1,3941,2023-09-13
2023-09-14 01:20:00,174.1,174.14,174,174.0335,12395,2023-09-13
2023-09-14 01:25:00,174.09,174.1,174.08,174.1,1860,2023-09-13
2023-09-14 01:30:00,174.08,174.1,174.08,174.09,5245,2023-09-13
2023-09-14 01:35:00,174.05,174.05,174.05,174.05,5430,2023-09-13
2023-09-14 01:40:00,174.0218,174.04,174.02,174.03,2117,2023-09-13
2023-09-14 01:45:00,174.07,174.09,174.07,174.08,1538,2023-09-13
2023-09-14 01:50:00,174.08,174.08,174.01,174.05,4416,2023-09-13
2023-09-14 01:55:00,174.05,174.05,174,174.02,5489,2023-09-13
2023-09-14 02:00:00,174.02,174.05,174,174.02,2651,2023-09-13
2023-09-14 02:05:00,174.08,174.08,174.05,174.08,1218,2023-09-13
2023-09-14 02:10:00,174.09,174.1,174.05,174.06,4135,2023-09-13
2023-09-14 02:15:00,174.09,174.1,174.06,174.08,4329,2023-09-13
2023-09-14 02:20:00,174.1,174.15,174.07,174.13,2211,2023-09-13
2023-09-14 02:25:00,174.1,174.1,174.06,174.1,3061,2023-09-13
2023-09-14 02:30:00,174.1,174.1,174.0985,174.0985,1386,2023-09-13
2023-09-14 02:35:00,174.08,174.1,174.0701,174.08,4021,2023-09-13
2023-09-14 02:40:00,174.08,174.1,174.06,174.0999,7815,2023-09-13
2023-09-14 02:45:00,174.1,174.15,174.09,174.15,4390,2023-09-13
2023-09-14 02:50:00,174.12,174.15,174.1,174.15,7575,2023-09-13
2023-09-14 02:55:00,174.13,174.15,174.08,174.09,13571,2023-09-13
2023-09-14 11:00:00,174.58,174.78,174.58,174.66,10113,2023-09-14
2023-09-14 11:05:00,174.68,174.68,174.5,174.5,6830,2023-09-14
2023-09-14 11:10:00,174.49,174.49,174.46,174.46,2058,2023-09-14
2023-09-14 11:15:00,174.44,174.45,174.4,174.45,2254,2023-09-14
2023-09-14 11:20:00,174.43,174.46,174.32,174.34,5601,2023-09-14
2023-09-14 11:25:00,174.35,174.56,174.22,174.51,8833,2023-09-14
2023-09-14 11:30:00,174.55,174.56,174.55,174.56,1445,2023-09-14
2023-09-14 11:35:00,174.7,174.7,174.7,174.7,299,2023-09-14
2023-09-14 11:40:00,174.7,174.9,174.7,174.82,5341,2023-09-14
2023-09-14 11:45:00,174.8,174.8,174.8,174.8,452,2023-09-14
2023-09-14 11:50:00,174.8,174.88,174.77,174.77,3733,2023-09-14
2023-09-14 11:55:00,174.8,174.8,174.7,174.7,2374,2023-09-14
2023-09-14 12:00:00,174.7,174.7,174.65,174.65,1795,2023-09-14
2023-09-14 12:05:00,174.8,174.8,174.8,174.8,347,2023-09-14
2023-09-14 12:15:00,174.85,174.85,174.76,174.76,1321,2023-09-14
2023-09-14 12:20:00,174.73,174.73,174.73,174.73,113,2023-09-14
2023-09-14 12:30:00,174.8,174.8,174.75,174.77,1883,2023-09-14
2023-09-14 12:35:00,174.71,174.72,174.71,174.72,547,2023-09-14
2023-09-14 12:40:00,174.69,174.74,174.69,174.71,2678,2023-09-14
2023-09-14 12:45:00,174.77,174.77,174.72,174.72,927,2023-09-14
2023-09-14 12:50:00,174.75,174.75,174.72,174.72,1367,2023-09-14
2023-09-14 12:55:00,174.77,174.77,174.72,174.72,1948,2023-09-14
2023-09-14 13:00:00,174.74,174.75,174.74,174.75,569,2023-09-14
2023-09-14 13:05:00,174.76,174.76,174.72,174.72,909,2023-09-14
2023-09-14 13:10:00,174.78,174.84,174.78,174.84,735,2023-09-14
2023-09-14 13:15:00,174.84,174.84,174.8,174.8,3262,2023-09-14
2023-09-14 13:20:00,174.81,174.88,174.79,174.87,5823,2023-09-14
2023-09-14 13:25:00,174.9,175.02,174.9,175.02,4538,2023-09-14
2023-09-14 13:30:00,174.96,175.07,174.96,175.07,3035,2023-09-14
2023-09-14 13:35:00,175.01,175.1,175,175.04,4172,2023-09-14
2023-09-14 13:40:00,175.04,175.1,175.01,175.08,3633,2023-09-14
2023-09-14 13:45:00,175.06,175.19,175.06,175.15,7941,2023-09-14
2023-09-14 13:50:00,175.06,175.09,174.96,174.96,5094,2023-09-14
2023-09-14 13:55:00,174.96,175,174.96,175,2618,2023-09-14
2023-09-14 14:00:00,174.97,175,174.84,174.9,42403,2023-09-14
2023-09-14 14:05:00,174.9,175,174.9,174.98,14119,2023-09-14
2023-09-14 14:10:00,174.95,175.02,174.9,174.9,43332,2023-09-14
2023-09-14 14:15:00,174.91,174.93,174.66,174.72,53985,2023-09-14
2023-09-14 14:20:00,174.83,174.92,174.74,174.75,34245,2023-09-14
2023-09-14 14:25:00,174.73,174.73,174.65,174.65,6626,2023-09-14
2023-09-14 14:30:00,174.64,174.78,174.51,174.51,9770,2023-09-14
2023-09-14 14:35:00,174.56,174.62,174.47,174.47,12094,2023-09-14
2023-09-14 14:40:00,174.45,174.51,174.4,174.42,14392,2023-09-14
2023-09-14 14:45:00,174.49,174.55,174.48,174.54,4701,2023-09-14
2023-09-14 14:50:00,174.59,174.59,174.54,174.55,3478,2023-09-14
2023-09-14 14:55:00,174.63,174.63,174.52,174.55,5889,2023-09-14
2023-09-14 15:00:00,174.88,175.14,174.38,174.62,152586,2023-09-14
2023-09-14 15:05:00,174.65,174.77,174.65,174.76,27945,2023-09-14
2023-09-14 15:10:00,174.77,175.05,174.77,174.87,47424,2023-09-14
2023-09-14 15:15:00,174.9,175.08,174.52,175,50122,2023-09-14
2023-09-14 15:20:00,174.99,175.04,174.64,174.76,39211,2023-09-14
2023-09-14 15:25:00,174.68,174.87,174.67,174.72,12367,2023-09-14
2023-09-14 15:30:00,174.71,174.71,174.3,174.4001,56823,2023-09-14
2023-09-14 15:35:00,174.48,174.48,174.1,174.336,80991,2023-09-14
2023-09-14 15:40:00,174.34,174.49,174.24,174.47,29406,2023-09-14
2023-09-14 15:45:00,174.49,174.49,174.27,174.29,30444,2023-09-14
2023-09-14 15:50:00,174.3199,174.74,174.27,174.5,64881,2023-09-14
2023-09-14 15:55:00,174.53,174.58,174.33,174.44,31208,2023-09-14
2023-09-14 16:00:00,174.41,174.6,174.38,174.57,34730,2023-09-14
2023-09-14 16:05:00,174.5999,174.87,174.58,174.73,73474,2023-09-14
2023-09-14 16:10:00,174.69,174.72,174.5,174.58,43282,2023-09-14
2023-09-14 16:15:00,174.63,174.68,174.54,174.59,25664,2023-09-14
2023-09-14 16:20:00,174.59,174.88,174.59,174.66,50252,2023-09-14
2023-09-14 16:25:00,174.49,174.5,174,174.01,184733,2023-09-14
2023-09-14 16:30:00,174,174.47,173.58,174.27,2719589.0,2023-09-14
2023-09-14 16:35:00,174.29,175.13,174.1,174.99,1733854.0,2023-09-14
2023-09-14 16:40:00,174.99,175.53,174.88,175.4301,1564718.0,2023-09-14
2023-09-14 16:45:00,175.445,175.63,174.94,174.97,1463080.0,2023-09-14
2023-09-14 16:50:00,174.97,175.265,174.7,174.99,1121027.0,2023-09-14
2023-09-14 16:55:00,174.98,175.4,174.5822,175.37,961553,2023-09-14
2023-09-14 17:00:00,175.4,175.46,174.79,174.7999,772162,2023-09-14
2023-09-14 17:05:00,174.79,175.0631,174.52,174.575,1064441.0,2023-09-14
2023-09-14 17:10:00,174.57,174.87,174.4,174.76,841047,2023-09-14
2023-09-14 17:15:00,174.75,174.83,174.3219,174.44,777425,2023-09-14
2023-09-14 17:20:00,174.44,174.74,174.31,174.685,745084,2023-09-14
2023-09-14 17:25:00,174.68,174.82,174.52,174.81,644118,2023-09-14
2023-09-14 17:30:00,174.81,175.26,174.81,175.22,960821,2023-09-14
2023-09-14 17:35:00,175.22,175.23,174.97,174.99,715100,2023-09-14
2023-09-14 17:40:00,174.99,175.4,174.98,175.3399,940496,2023-09-14
2023-09-14 17:45:00,175.34,175.57,175.3042,175.32,1073939.0,2023-09-14
2023-09-14 17:50:00,175.325,175.4552,175.23,175.28,601963,2023-09-14
2023-09-14 17:55:00,175.31,175.4066,175.18,175.22,565617,2023-09-14
2023-09-14 18:00:00,175.225,175.62,175.21,175.515,731612,2023-09-14
2023-09-14 18:05:00,175.51,175.76,175.46,175.63,750527,2023-09-14
2023-09-14 18:10:00,175.63,175.73,175.32,175.34,679070,2023-09-14
2023-09-14 18:15:00,175.3303,175.65,175.25,175.54,503386,2023-09-14
2023-09-14 18:20:00,175.54,175.61,175.36,175.4501,336724,2023-09-14
2023-09-14 18:25:00,175.46,175.52,175.3201,175.39,366346,2023-09-14
2023-09-14 18:30:00,175.39,175.56,175.31,175.35,342822,2023-09-14
2023-09-14 18:35:00,175.34,175.4,175.13,175.155,416182,2023-09-14
2023-09-14 18:40:00,175.15,175.16,174.83,174.91,702773,2023-09-14
2023-09-14 18:45:00,174.91,175.2,174.885,175.1199,454633,2023-09-14
2023-09-14 18:50:00,175.11,175.36,175.1,175.3466,459166,2023-09-14
2023-09-14 18:55:00,175.35,175.51,175.28,175.5,355257,2023-09-14
2023-09-14 19:00:00,175.5,175.54,175.27,175.3451,418267,2023-09-14
2023-09-14 19:05:00,175.33,175.44,175.3,175.315,365084,2023-09-14
2023-09-14 19:10:00,175.31,175.79,175.2806,175.78,659491,2023-09-14
2023-09-14 19:15:00,175.775,176,175.62,175.62,662431,2023-09-14
2023-09-14 19:20:00,175.6213,175.71,175.46,175.51,403450,2023-09-14
2023-09-14 19:25:00,175.5199,175.59,175.43,175.52,318422,2023-09-14
2023-09-14 19:30:00,175.51,175.7601,175.46,175.53,360800,2023-09-14
2023-09-14 19:35:00,175.52,175.52,175.02,175.4,778869,2023-09-14
2023-09-14 19:40:00,175.38,175.5593,175.375,175.5593,325719,2023-09-14
2023-09-14 19:45:00,175.55,175.65,175.425,175.65,278928,2023-09-14
2023-09-14 19:50:00,175.66,175.88,175.615,175.84,714015,2023-09-14
2023-09-14 19:55:00,175.8403,175.97,175.7725,175.87,465585,2023-09-14
2023-09-14 20:00:00,175.8759,175.878,175.6,175.68,368933,2023-09-14
2023-09-14 20:05:00,175.67,175.68,175.46,175.5,331482,2023-09-14
2023-09-14 20:10:00,175.51,175.74,175.4601,175.68,904033,2023-09-14
2023-09-14 20:15:00,175.67,175.84,175.6098,175.825,308726,2023-09-14
2023-09-14 20:20:00,175.825,175.93,175.67,175.69,438743,2023-09-14
2023-09-14 20:25:00,175.68,175.87,175.66,175.7946,265951,2023-09-14
2023-09-14 20:30:00,175.8,175.97,175.8,175.9361,424719,2023-09-14
2023-09-14 20:35:00,175.9499,175.99,175.85,175.9467,431232,2023-09-14
2023-09-14 20:40:00,175.95,176.04,175.811,176.02,474400,2023-09-14
2023-09-14 20:45:00,176.0188,176.0303,175.81,175.875,462472,2023-09-14
2023-09-14 20:50:00,175.8746,175.965,175.76,175.86,265376,2023-09-14
2023-09-14 20:55:00,175.865,175.87,175.71,175.745,289144,2023-09-14
2023-09-14 21:00:00,175.74,175.8,175.63,175.71,390026,2023-09-14
2023-09-14 21:05:00,175.72,175.9,175.57,175.6399,421225,2023-09-14
2023-09-14 21:10:00,175.63,175.67,175.52,175.5551,400212,2023-09-14
2023-09-14 21:15:00,175.5501,175.63,175.45,175.51,449405,2023-09-14
2023-09-14 21:20:00,175.52,175.67,175.31,175.3199,421290,2023-09-14
2023-09-14 21:25:00,175.32,175.48,175.3,175.37,462685,2023-09-14
2023-09-14 21:30:00,175.365,175.57,175.31,175.5601,463452,2023-09-14
2023-09-14 21:35:00,175.57,175.6,175.47,175.5601,345022,2023-09-14
2023-09-14 21:40:00,175.57,175.7,175.4301,175.65,731246,2023-09-14
2023-09-14 21:45:00,175.6501,175.68,175.53,175.6,332254,2023-09-14
2023-09-14 21:50:00,175.6,175.645,175.485,175.64,298359,2023-09-14
2023-09-14 21:55:00,175.65,175.8,175.6083,175.725,393072,2023-09-14
2023-09-14 22:00:00,175.73,175.9,175.67,175.9,391750,2023-09-14
2023-09-14 22:05:00,175.905,176.1,175.89,176,649664,2023-09-14
2023-09-14 22:10:00,176.01,176.055,175.91,175.975,400509,2023-09-14
2023-09-14 22:15:00,175.975,175.975,175.78,175.85,501539,2023-09-14
2023-09-14 22:20:00,175.85,175.89,175.6988,175.78,458345,2023-09-14
2023-09-14 22:25:00,175.8,175.81,175.64,175.67,358696,2023-09-14
2023-09-14 22:30:00,175.67,175.6972,175.56,175.6707,511830,2023-09-14
2023-09-14 22:35:00,175.66,175.84,175.64,175.7299,487877,2023-09-14
2023-09-14 22:40:00,175.73,175.8071,175.7,175.77,532147,2023-09-14
2023-09-14 22:45:00,175.77,175.8,175.66,175.77,566971,2023-09-14
2023-09-14 22:50:00,175.76,175.86,175.58,175.675,1202004.0,2023-09-14
2023-09-14 22:55:00,175.68,175.81,175.62,175.73,2030202.0,2023-09-14
2023-09-14 23:00:00,175.74,175.78,175.54,175.64,106799,2023-09-14
2023-09-14 23:05:00,175.66,175.74,175.65,175.69,154793,2023-09-14
2023-09-14 23:10:00,175.67,175.76,175.65,175.76,30899,2023-09-14
2023-09-14 23:15:00,175.78,175.78,175.7006,175.75,11386,2023-09-14
2023-09-14 23:20:00,175.74,175.74,175.72,175.72,3400,2023-09-14
2023-09-14 23:25:00,175.72,175.79,175.72,175.78,4506,2023-09-14
2023-09-14 23:30:00,175.77,175.88,175.77,175.86,7365,2023-09-14
2023-09-14 23:35:00,175.85,175.85,175.74,175.79,938305,2023-09-14
2023-09-14 23:40:00,175.8,175.82,175.74,175.82,40138,2023-09-14
2023-09-14 23:45:00,175.8,175.8,175.74,175.74,8674,2023-09-14
2023-09-14 23:50:00,175.7,175.77,175.68,175.7,101612,2023-09-14
2023-09-14 23:55:00,175.7,175.7,175.61,175.61,5318,2023-09-14
2023-09-15 00:00:00,175.66,175.66,175.62,175.65,687,2023-09-14
2023-09-15 00:05:00,175.66,175.66,175.58,175.58,14189,2023-09-14
2023-09-15 00:10:00,175.59,175.65,175.49,175.5,13609,2023-09-14
2023-09-15 00:15:00,175.5,175.52,175.47,175.5,9724,2023-09-14
2023-09-15 00:20:00,175.49,175.56,175.49,175.55,9422,2023-09-14
2023-09-15 00:25:00,175.56,175.65,175.56,175.65,8623,2023-09-14
2023-09-15 00:30:00,175.7125,175.7125,175.64,175.64,391,2023-09-14
2023-09-15 00:35:00,175.68,175.68,175.65,175.65,1781,2023-09-14
2023-09-15 00:40:00,175.63,175.63,175.62,175.62,2258,2023-09-14
2023-09-15 00:45:00,175.62,175.64,175.62,175.62,12815,2023-09-14
2023-09-15 00:50:00,175.62,175.6771,175.62,175.66,2933,2023-09-14
2023-09-15 00:55:00,175.68,175.68,175.65,175.65,688,2023-09-14
2023-09-15 01:00:00,175.65,175.68,175.65,175.68,11781,2023-09-14
2023-09-15 01:05:00,175.66,175.73,175.66,175.7005,4012,2023-09-14
2023-09-15 01:10:00,175.73,175.78,175.61,175.61,3619,2023-09-14
2023-09-15 01:15:00,175.7,175.7,175.66,175.66,502,2023-09-14
2023-09-15 01:20:00,175.67,175.67,175.67,175.67,130,2023-09-14
2023-09-15 01:25:00,175.69,175.75,175.66,175.71,1331,2023-09-14
2023-09-15 01:30:00,175.7499,175.7733,175.71,175.71,2128,2023-09-14
2023-09-15 01:35:00,175.75,175.75,175.75,175.75,306,2023-09-14
2023-09-15 01:40:00,175.71,175.71,175.68,175.7,12620,2023-09-14
2023-09-15 01:45:00,175.73,175.78,175.73,175.78,4778,2023-09-14
2023-09-15 01:50:00,175.7901,175.81,175.7901,175.81,2726,2023-09-14
2023-09-15 01:55:00,175.81,175.81,175.8,175.8,752,2023-09-14
2023-09-15 02:00:00,175.77,175.77,175.7,175.7,7837,2023-09-14
2023-09-15 02:05:00,175.7,175.77,175.7,175.77,3093,2023-09-14
2023-09-15 02:10:00,175.75,175.89,175.75,175.77,844,2023-09-14
2023-09-15 02:15:00,175.85,175.88,175.84,175.88,2495,2023-09-14
2023-09-15 02:20:00,175.83,175.83,175.83,175.83,259,2023-09-14
2023-09-15 02:25:00,175.87,175.87,175.84,175.86,743,2023-09-14
2023-09-15 02:30:00,175.84,175.84,175.82,175.8201,3110,2023-09-14
2023-09-15 02:35:00,175.89,175.89,175.8,175.8,1691,2023-09-14
2023-09-15 02:40:00,175.83,175.88,175.83,175.8698,1631,2023-09-14
2023-09-15 02:45:00,175.88,175.89,175.82,175.82,3387,2023-09-14
2023-09-15 02:50:00,175.88,175.88,175.8,175.8,1672,2023-09-14
2023-09-15 02:55:00,175.87,175.93,175.86,175.86,4082,2023-09-14
2023-09-15 11:00:00,176,176.3,176,176.1,14462,2023-09-15
2023-09-15 11:05:00,176.12,176.12,176.12,176.12,304,2023-09-15
2023-09-15 11:10:00,176.25,176.25,176.13,176.13,1577,2023-09-15
2023-09-15 11:15:00,176.16,176.16,176,176.1,7830,2023-09-15
2023-09-15 11:20:00,176.09,176.1,176.09,176.1,1114,2023-09-15
2023-09-15 11:25:00,176.07,176.09,176.07,176.09,1716,2023-09-15
2023-09-15 11:30:00,176.09,176.23,176.09,176.22,4314,2023-09-15
2023-09-15 11:35:00,176.28,176.28,176.17,176.17,2375,2023-09-15
2023-09-15 11:40:00,176.17,176.17,176,176,7008,2023-09-15
2023-09-15 11:45:00,176,176.06,176,176.03,5335,2023-09-15
2023-09-15 11:50:00,176,176,175.95,175.95,2398,2023-09-15
2023-09-15 11:55:00,175.92,175.96,175.92,175.96,3369,2023-09-15
2023-09-15 12:00:00,176,176,175.94,176,1665,2023-09-15
2023-09-15 12:05:00,176.01,176.01,175.99,176,1543,2023-09-15
2023-09-15 12:10:00,176.09,176.09,176,176,3670,2023-09-15
2023-09-15 12:15:00,176,176,175.98,175.98,661,2023-09-15
2023-09-15 12:20:00,176.02,176.02,176.02,176.02,1173,2023-09-15
2023-09-15 12:25:00,176.1,176.1,176.1,176.1,329,2023-09-15
2023-09-15 12:30:00,176.11,176.11,176.05,176.05,892,2023-09-15
2023-09-15 12:35:00,176.08,176.08,176.08,176.08,964,2023-09-15
2023-09-15 12:40:00,176.15,176.15,176.15,176.15,1359,2023-09-15
2023-09-15 12:45:00,176.14,176.14,176.1,176.1,3178,2023-09-15
2023-09-15 12:50:00,176.15,176.18,176.15,176.17,1416,2023-09-15
2023-09-15 12:55:00,176.17,176.18,176.17,176.17,1005,2023-09-15
2023-09-15 13:00:00,176.18,176.18,176.18,176.18,1285,2023-09-15
2023-09-15 13:05:00,176.21,176.29,176.21,176.29,3342,2023-09-15
2023-09-15 13:10:00,176.3,176.3,176.26,176.29,1694,2023-09-15
2023-09-15 13:15:00,176.38,176.38,176.3,176.3,13372,2023-09-15
2023-09-15 13:20:00,176.29,176.29,176.23,176.29,2851,2023-09-15
2023-09-15 13:25:00,176.29,176.29,176.18,176.29,11295,2023-09-15
2023-09-15 13:30:00,176.29,176.29,176.29,176.29,162,2023-09-15
2023-09-15 13:35:00,176.28,176.28,176.28,176.28,686,2023-09-15
2023-09-15 13:40:00,176.39,176.4,176.39,176.4,1517,2023-09-15
2023-09-15 13:45:00,176.4,176.41,176.4,176.4,2548,2023-09-15
2023-09-15 13:50:00,176.49,176.49,176.35,176.35,6382,2023-09-15
2023-09-15 13:55:00,176.43,176.43,176.39,176.39,947,2023-09-15
2023-09-15 14:00:00,176.31,176.47,176.3,176.32,14157,2023-09-15
2023-09-15 14:05:00,176.32,176.32,176.1,176.1,18155,2023-09-15
2023-09-15 14:10:00,176.16,176.19,176,176,15217,2023-09-15
2023-09-15 14:15:00,176,176,175.89,176,19179,2023-09-15
2023-09-15 14:20:00,176.05,176.05,176.05,176.05,298,2023-09-15
2023-09-15 14:25:00,175.9,176,175.81,175.97,14466,2023-09-15
2023-09-15 14:30:00,176.06,176.18,176.04,176.18,3896,2023-09-15
2023-09-15 14:35:00,176.17,176.24,176.17,176.23,3421,2023-09-15
2023-09-15 14:40:00,176.25,176.27,176.22,176.22,2169,2023-09-15
2023-09-15 14:45:00,176.21,176.33,176.19,176.19,10604,2023-09-15
2023-09-15 14:50:00,176.18,176.18,176.05,176.05,6102,2023-09-15
2023-09-15 14:55:00,176.05,176.05,176.05,176.05,362,2023-09-15
2023-09-15 15:00:00,176.4,176.88,175.81,176.3,119301,2023-09-15
2023-09-15 15:05:00,176.28,176.44,176.17,176.44,15212,2023-09-15
2023-09-15 15:10:00,176.42,176.45,176.25,176.26,17700,2023-09-15
2023-09-15 15:15:00,176.2238,176.32,176.22,176.2201,3637,2023-09-15
2023-09-15 15:20:00,176.29,176.38,175.52,175.89,51890,2023-09-15
2023-09-15 15:25:00,176,176.18,175.99,176.02,40088,2023-09-15
2023-09-15 15:30:00,176,176.0993,176,176.04,24084,2023-09-15
2023-09-15 15:35:00,176,176,175.76,175.76,20805,2023-09-15
2023-09-15 15:40:00,175.77,175.95,175.75,175.86,24421,2023-09-15
2023-09-15 15:45:00,175.97,177.31,175.9,177.05,217928,2023-09-15
2023-09-15 15:50:00,177.04,177.24,176.73,176.97,138788,2023-09-15
2023-09-15 15:55:00,176.95,177.4895,176.95,177.1,116858,2023-09-15
2023-09-15 16:00:00,177.19,177.43,177.11,177.29,97582,2023-09-15
2023-09-15 16:05:00,177.2661,177.38,177.14,177.15,92759,2023-09-15
2023-09-15 16:10:00,177.17,177.31,177,177.08,58023,2023-09-15
2023-09-15 16:15:00,177.06,177.14,177,177.05,68798,2023-09-15
2023-09-15 16:20:00,177.04,177.29,177,177.2,30579,2023-09-15
2023-09-15 16:25:00,177.27,177.29,175.55,176.45,806400,2023-09-15
2023-09-15 16:30:00,176.48,176.495,175.06,175.18,13811049.0,2023-09-15
2023-09-15 16:35:00,175.18,176.06,175.05,175.09,1717687.0,2023-09-15
2023-09-15 16:40:00,175.08,175.4,174.8,175.111,1568677.0,2023-09-15
2023-09-15 16:45:00,175.1088,175.5,174.69,175.185,1301589.0,2023-09-15
2023-09-15 16:50:00,175.18,175.27,174.87,175.19,873223,2023-09-15
2023-09-15 16:55:00,175.2,175.33,174.72,174.985,1163673.0,2023-09-15
2023-09-15 17:00:00,175,175.22,174.8,174.89,1157598.0,2023-09-15
2023-09-15 17:05:00,174.91,175.08,174.76,174.8187,1111560.0,2023-09-15
2023-09-15 17:10:00,174.82,175,174.68,174.73,1158078.0,2023-09-15
2023-09-15 17:15:00,174.75,175.1,174.55,174.92,1139804.0,2023-09-15
2023-09-15 17:20:00,174.91,175.36,174.83,175.17,993584,2023-09-15
2023-09-15 17:25:00,175.18,175.225,174.94,175.16,670125,2023-09-15
2023-09-15 17:30:00,175.15,175.35,174.86,175.26,781253,2023-09-15
2023-09-15 17:35:00,175.27,175.335,175.07,175.28,774913,2023-09-15
2023-09-15 17:40:00,175.285,175.38,175.08,175.16,690902,2023-09-15
2023-09-15 17:45:00,175.15,175.268,174.99,175.22,820822,2023-09-15
2023-09-15 17:50:00,175.22,175.23,174.8,174.82,905397,2023-09-15
2023-09-15 17:55:00,174.82,174.9402,174.56,174.57,755293,2023-09-15
2023-09-15 18:00:00,174.57,174.84,174.525,174.76,673853,2023-09-15
2023-09-15 18:05:00,174.77,175.12,174.77,175.03,838085,2023-09-15
2023-09-15 18:10:00,175.03,175.16,174.93,175,503109,2023-09-15
2023-09-15 18:15:00,175.01,175.115,174.95,174.97,345701,2023-09-15
2023-09-15 18:20:00,174.975,175.04,174.66,174.7343,547280,2023-09-15
2023-09-15 18:25:00,174.7301,174.945,174.61,174.8657,665381,2023-09-15
2023-09-15 18:30:00,174.86,174.89,174.72,174.73,361560,2023-09-15
2023-09-15 18:35:00,174.738,174.83,174.59,174.66,409459,2023-09-15
2023-09-15 18:40:00,174.65,174.95,174.63,174.821,456201,2023-09-15
2023-09-15 18:45:00,174.82,174.895,174.67,174.84,1149832.0,2023-09-15
2023-09-15 18:50:00,174.85,174.91,174.73,174.885,639624,2023-09-15
2023-09-15 18:55:00,174.89,175,174.73,174.952,573879,2023-09-15
2023-09-15 19:00:00,174.96,175.09,174.86,175.0889,452397,2023-09-15
2023-09-15 19:05:00,175.09,175.15,175.03,175.07,346892,2023-09-15
2023-09-15 19:10:00,175.08,175.135,174.82,174.99,616487,2023-09-15
2023-09-15 19:15:00,174.98,174.98,174.81,174.9,270628,2023-09-15
2023-09-15 19:20:00,174.89,174.98,174.785,174.91,241586,2023-09-15
2023-09-15 19:25:00,174.891,174.95,174.71,174.74,406748,2023-09-15
2023-09-15 19:30:00,174.73,174.93,174.675,174.92,337323,2023-09-15
2023-09-15 19:35:00,174.92,175.015,174.825,174.96,350611,2023-09-15
2023-09-15 19:40:00,174.97,174.99,174.83,174.841,898722,2023-09-15
2023-09-15 19:45:00,174.85,174.91,174.75,174.9006,324374,2023-09-15
2023-09-15 19:50:00,174.9,174.9795,174.865,174.9646,253935,2023-09-15
2023-09-15 19:55:00,174.96,174.99,174.83,174.99,258494,2023-09-15
2023-09-15 20:00:00,174.99,175.04,174.805,174.83,325957,2023-09-15
2023-09-15 20:05:00,174.84,174.84,174.705,174.728,372770,2023-09-15
2023-09-15 20:10:00,174.71,174.78,174.6,174.61,465312,2023-09-15
2023-09-15 20:15:00,174.61,174.67,174.22,174.2499,972913,2023-09-15
2023-09-15 20:20:00,174.25,174.27,174.01,174.05,594257,2023-09-15
2023-09-15 20:25:00,174.05,174.12,174.02,174.08,350420,2023-09-15
2023-09-15 20:30:00,174.07,174.075,173.82,173.95,1054055.0,2023-09-15
2023-09-15 20:35:00,173.95,174.11,173.93,174.1,419792,2023-09-15
2023-09-15 20:40:00,174.09,174.29,174.01,174.21,541290,2023-09-15
2023-09-15 20:45:00,174.21,174.29,174.1599,174.22,324331,2023-09-15
2023-09-15 20:50:00,174.22,174.25,174.12,174.21,391408,2023-09-15
2023-09-15 20:55:00,174.2,174.27,174.15,174.26,307867,2023-09-15
2023-09-15 21:00:00,174.26,174.47,174.16,174.39,636540,2023-09-15
2023-09-15 21:05:00,174.38,174.43,174.31,174.38,500629,2023-09-15
2023-09-15 21:10:00,174.37,174.52,174.33,174.37,516249,2023-09-15
2023-09-15 21:15:00,174.3612,174.63,174.34,174.519,644620,2023-09-15
2023-09-15 21:20:00,174.51,174.55,174.2705,174.295,490084,2023-09-15
2023-09-15 21:25:00,174.291,174.46,174.16,174.245,415589,2023-09-15
2023-09-15 21:30:00,174.24,174.39,174.155,174.35,404759,2023-09-15
2023-09-15 21:35:00,174.3499,174.47,174.29,174.39,379676,2023-09-15
2023-09-15 21:40:00,174.4,174.45,174.2831,174.395,338355,2023-09-15
2023-09-15 21:45:00,174.38,174.5,174.3,174.49,553790,2023-09-15
2023-09-15 21:50:00,174.495,174.56,174.22,174.2558,602058,2023-09-15
2023-09-15 21:55:00,174.27,174.53,174.24,174.3701,478200,2023-09-15
2023-09-15 22:00:00,174.3799,174.41,174.14,174.2395,529345,2023-09-15
2023-09-15 22:05:00,174.23,174.32,174.1387,174.25,453366,2023-09-15
2023-09-15 22:10:00,174.26,174.45,174.26,174.43,512595,2023-09-15
2023-09-15 22:15:00,174.41,174.67,174.41,174.635,645708,2023-09-15
2023-09-15 22:20:00,174.64,174.645,174.44,174.4973,622959,2023-09-15
2023-09-15 22:25:00,174.49,174.8,174.49,174.77,666503,2023-09-15
2023-09-15 22:30:00,174.77,174.95,174.75,174.78,1054434.0,2023-09-15
2023-09-15 22:35:00,174.79,174.885,174.64,174.785,1679668.0,2023-09-15
2023-09-15 22:40:00,174.78,174.95,174.68,174.7,918001,2023-09-15
2023-09-15 22:45:00,174.71,174.97,174.665,174.76,1008574.0,2023-09-15
2023-09-15 22:50:00,174.765,174.9,174.63,174.86,1539305.0,2023-09-15
2023-09-15 22:55:00,174.87,175.12,174.86,174.96,3203329.0,2023-09-15
2023-09-15 23:00:00,174.99,175.01,174.93,174.97,3991348.0,2023-09-15
2023-09-15 23:05:00,174.97,175.05,174.97,175.02,262064,2023-09-15
2023-09-15 23:10:00,175.02,175.03,174.98,174.98,54164,2023-09-15
2023-09-15 23:15:00,174.99,175.02,174.96,174.98,1120851.0,2023-09-15
2023-09-15 23:20:00,174.98,175.02,174.96,174.99,25363,2023-09-15
2023-09-15 23:25:00,174.97,175.01,174.97,174.97,30206,2023-09-15
2023-09-15 23:30:00,174.97,175.03,174.97,175.03,76775,2023-09-15
2023-09-15 23:35:00,175.02,175.02,174.96,175.02,30234,2023-09-15
2023-09-15 23:40:00,175.02,175.2,174.99,175.01,42826,2023-09-15
2023-09-15 23:45:00,175.03,175.04,174.98,175,38701,2023-09-15
2023-09-15 23:50:00,175,175.03,174.98,175.03,44292,2023-09-15
2023-09-15 23:55:00,174.99,175.01,174.97,175.01,163336,2023-09-15
2023-09-16 00:00:00,175.01,175.02,174.98,174.98,19340,2023-09-15
2023-09-16 00:05:00,175.01,175.01,174.98,174.98,48902,2023-09-15
2023-09-16 00:10:00,175,175.01,174.98,175.01,16880,2023-09-15
2023-09-16 00:15:00,175,175.01,174.97,174.97,9148,2023-09-15
2023-09-16 00:20:00,174.99,175,174.97,174.97,11615,2023-09-15
2023-09-16 00:25:00,174.98,174.99,174.92,174.98,9711,2023-09-15
2023-09-16 00:30:00,174.95,174.99,174.92,174.99,8157,2023-09-15
2023-09-16 00:35:00,174.95,174.99,174.95,174.96,3491,2023-09-15
2023-09-16 00:40:00,174.97,174.97,174.93,174.95,4969,2023-09-15
2023-09-16 00:45:00,174.97,174.97,174.92,174.97,4960,2023-09-15
2023-09-16 00:50:00,174.95,174.95,174.95,174.95,1262,2023-09-15
2023-09-16 00:55:00,174.94,174.94,174.92,174.92,2456,2023-09-15
2023-09-16 01:00:00,174.9399,174.94,174.91,174.91,1445,2023-09-15
2023-09-16 01:05:00,174.94,174.94,174.94,174.94,1420,2023-09-15
2023-09-16 01:10:00,174.93,174.93,174.9138,174.92,863,2023-09-15
2023-09-16 01:15:00,174.94,174.94,174.94,174.94,3082,2023-09-15
2023-09-16 01:20:00,174.94,174.94,174.94,174.94,1617,2023-09-15
2023-09-16 01:25:00,174.94,174.98,174.94,174.98,1232,2023-09-15
2023-09-16 01:30:00,174.95,174.9795,174.95,174.95,2357,2023-09-15
2023-09-16 01:35:00,174.94,174.9799,174.93,174.93,4020,2023-09-15
2023-09-16 01:40:00,174.9155,174.93,174.91,174.9101,1128,2023-09-15
2023-09-16 01:45:00,174.93,174.93,174.93,174.93,2239,2023-09-15
2023-09-16 01:50:00,174.93,174.93,174.93,174.93,110,2023-09-15
2023-09-16 01:55:00,174.93,174.93,174.93,174.93,788,2023-09-15
2023-09-16 02:00:00,174.92,174.92,174.9,174.9,4132,2023-09-15
2023-09-16 02:05:00,174.86,174.86,174.86,174.86,635,2023-09-15
2023-09-16 02:10:00,174.9,174.9,174.9,174.9,1219,2023-09-15
2023-09-16 02:15:00,174.9,174.9,174.89,174.89,1627,2023-09-15
2023-09-16 02:20:00,174.8601,174.87,174.75,174.75,4609,2023-09-15
2023-09-16 02:25:00,174.75,174.75,174.7,174.74,3576,2023-09-15
2023-09-16 02:30:00,174.7301,174.7301,174.7301,174.7301,452,2023-09-15
2023-09-16 02:35:00,174.75,174.75,174.72,174.72,920,2023-09-15
2023-09-16 02:40:00,174.75,174.88,174.72,174.88,1295,2023-09-15
2023-09-16 02:45:00,174.8,174.84,174.8,174.81,1087,2023-09-15
2023-09-16 02:50:00,174.89,174.89,174.82,174.86,3274,2023-09-15
2023-09-16 02:55:00,174.87,174.88,174.82,174.83,5561,2023-09-15
2023-09-18 11:00:00,175.9,175.9,175.64,175.67,15785,2023-09-18
2023-09-18 11:05:00,175.66,175.66,175.55,175.64,12712,2023-09-18
2023-09-18 11:10:00,175.65,175.73,175.64,175.7,11889,2023-09-18
2023-09-18 11:15:00,175.7,175.76,175.65,175.65,8600,2023-09-18
2023-09-18 11:20:00,175.66,175.69,175.65,175.69,1290,2023-09-18
2023-09-18 11:25:00,175.69,175.69,175.69,175.69,1214,2023-09-18
2023-09-18 11:30:00,175.69,175.7,175.69,175.69,2420,2023-09-18
2023-09-18 11:35:00,175.65,175.65,175.65,175.65,270,2023-09-18
2023-09-18 11:40:00,175.69,175.83,175.69,175.8,13561,2023-09-18
2023-09-18 11:45:00,175.83,175.83,175.82,175.82,838,2023-09-18
2023-09-18 11:50:00,175.84,175.85,175.78,175.78,3599,2023-09-18
2023-09-18 11:55:00,175.79,175.81,175.74,175.75,9379,2023-09-18
2023-09-18 12:00:00,175.73,175.75,175.67,175.75,8880,2023-09-18
2023-09-18 12:05:00,175.78,175.81,175.78,175.79,3099,2023-09-18
2023-09-18 12:10:00,175.78,175.9,175.78,175.9,2819,2023-09-18
2023-09-18 12:20:00,175.8,175.8,175.68,175.68,5039,2023-09-18
2023-09-18 12:25:00,175.7,175.76,175.7,175.7,2832,2023-09-18
2023-09-18 12:30:00,175.76,175.9,175.76,175.85,7254,2023-09-18
2023-09-18 12:35:00,175.88,175.88,175.81,175.81,1765,2023-09-18
2023-09-18 12:40:00,175.81,175.81,175.81,175.81,442,2023-09-18
2023-09-18 12:45:00,175.83,175.88,175.83,175.88,1771,2023-09-18
2023-09-18 12:50:00,175.86,175.86,175.81,175.81,2274,2023-09-18
2023-09-18 12:55:00,175.84,175.84,175.84,175.84,414,2023-09-18
2023-09-18 13:00:00,175.82,175.86,175.78,175.86,8167,2023-09-18
2023-09-18 13:05:00,175.85,175.88,175.8,175.88,9045,2023-09-18
2023-09-18 13:10:00,175.875,175.875,175.64,175.71,10014,2023-09-18
2023-09-18 13:15:00,175.64,175.73,175.63,175.73,2576,2023-09-18
2023-09-18 13:20:00,175.71,175.73,175.71,175.73,4032,2023-09-18
2023-09-18 13:25:00,175.74,175.8,175.73,175.8,3866,2023-09-18
2023-09-18 13:30:00,175.8,175.9,175.8,175.9,9914,2023-09-18
2023-09-18 13:35:00,175.9,175.96,175.86,175.96,16396,2023-09-18
2023-09-18 13:40:00,175.96,175.96,175.8,175.85,9216,2023-09-18
2023-09-18 13:45:00,175.87,175.91,175.87,175.9,9682,2023-09-18
2023-09-18 13:50:00,175.9,175.9,175.85,175.85,38057,2023-09-18
2023-09-18 13:55:00,175.81,175.84,175.77,175.77,8348,2023-09-18
2023-09-18 14:00:00,175.84,175.84,175.62,175.7,29699,2023-09-18
2023-09-18 14:05:00,175.7,175.75,175.43,175.43,22896,2023-09-18
2023-09-18 14:10:00,175.43,175.52,175.42,175.47,20677,2023-09-18
2023-09-18 14:15:00,175.46,175.51,175.45,175.47,18264,2023-09-18
2023-09-18 14:20:00,175.47,175.64,175.46,175.51,18210,2023-09-18
2023-09-18 14:25:00,175.46,175.54,175.46,175.47,5148,2023-09-18
2023-09-18 14:30:00,175.46,175.46,175.14,175.15,17382,2023-09-18
2023-09-18 14:35:00,175.1,175.18,174.75,174.8,35596,2023-09-18
2023-09-18 14:40:00,174.75,174.82,174.7,174.74,38836,2023-09-18
2023-09-18 14:45:00,174.74,174.75,174.64,174.65,5901,2023-09-18
2023-09-18 14:50:00,174.63,174.81,174.6,174.75,22262,2023-09-18
2023-09-18 14:55:00,174.75,174.82,174.71,174.72,13641,2023-09-18
2023-09-18 15:00:00,175.65,176.07,174.6,175.02,133887,2023-09-18
2023-09-18 15:05:00,175,175.05,174.87,174.97,35715,2023-09-18
2023-09-18 15:10:00,174.97,175.15,174.97,175.11,19625,2023-09-18
2023-09-18 15:15:00,175.1,175.22,175.07,175.22,15319,2023-09-18
2023-09-18 15:20:00,175.2,175.44,175.2,175.28,44666,2023-09-18
2023-09-18 15:25:00,175.31,175.32,175.18,175.32,15149,2023-09-18
2023-09-18 15:30:00,175.31,175.34,175.1702,175.26,12766,2023-09-18
2023-09-18 15:35:00,175.29,175.69,175.2,175.6,76341,2023-09-18
2023-09-18 15:40:00,175.56,175.79,175.53,175.79,70267,2023-09-18
2023-09-18 15:45:00,175.79,175.89,175.65,175.86,68769,2023-09-18
2023-09-18 15:50:00,175.85,175.85,175.6,175.64,53791,2023-09-18
2023-09-18 15:55:00,175.6794,175.84,175.65,175.8394,72497,2023-09-18
2023-09-18 16:00:00,175.82,175.94,175.7465,175.75,773909,2023-09-18
2023-09-18 16:05:00,175.75,175.85,175.75,175.77,68276,2023-09-18
2023-09-18 16:10:00,175.77,176.2,175.75,176.2,143400,2023-09-18
2023-09-18 16:15:00,176.15,176.2,176.01,176.1,74822,2023-09-18
2023-09-18 16:20:00,176.09,176.2,175.91,175.95,55213,2023-09-18
2023-09-18 16:25:00,176.04,176.65,175.95,176.57,132536,2023-09-18
2023-09-18 16:30:00,176.48,178.11,176.17,177.98,4662969.0,2023-09-18
2023-09-18 16:35:00,177.989,178.98,177.93,177.97,3413821.0,2023-09-18
2023-09-18 16:40:00,177.9714,178.22,177.5,177.7,1995709.0,2023-09-18
2023-09-18 16:45:00,177.7,177.72,176.66,177.34,2112060.0,2023-09-18
2023-09-18 16:50:00,177.33,177.42,176.85,176.8978,1354736.0,2023-09-18
2023-09-18 16:55:00,176.9,177.1699,176.62,177.05,1434583.0,2023-09-18
2023-09-18 17:00:00,177.025,177.16,176.71,176.92,1061201.0,2023-09-18
2023-09-18 17:05:00,176.91,177.3,176.83,177.21,905164,2023-09-18
2023-09-18 17:10:00,177.2028,177.395,177.06,177.1308,888565,2023-09-18
2023-09-18 17:15:00,177.1229,177.555,177.1201,177.4405,991560,2023-09-18
2023-09-18 17:20:00,177.4444,177.62,177.13,177.2,1146875.0,2023-09-18
2023-09-18 17:25:00,177.21,177.35,177.02,177.0219,634289,2023-09-18
2023-09-18 17:30:00,177.0319,177.17,176.72,176.745,805848,2023-09-18
2023-09-18 17:35:00,176.745,176.9,176.44,176.695,889805,2023-09-18
2023-09-18 17:40:00,176.695,176.94,176.59,176.888,577305,2023-09-18
2023-09-18 17:45:00,176.88,177.09,176.88,176.99,701655,2023-09-18
2023-09-18 17:50:00,176.985,177.0379,176.83,176.95,623119,2023-09-18
2023-09-18 17:55:00,176.97,177.26,176.935,177.135,688165,2023-09-18
2023-09-18 18:00:00,177.135,177.45,177.0899,177.385,582532,2023-09-18
2023-09-18 18:05:00,177.3899,177.515,177.3,177.3301,491701,2023-09-18
2023-09-18 18:10:00,177.3464,177.62,177.28,177.6099,537375,2023-09-18
2023-09-18 18:15:00,177.6,177.7965,177.55,177.71,723448,2023-09-18
2023-09-18 18:20:00,177.705,177.785,177.5826,177.78,515580,2023-09-18
2023-09-18 18:25:00,177.78,177.84,177.72,177.81,512898,2023-09-18
2023-09-18 18:30:00,177.8,177.93,177.745,177.89,542760,2023-09-18
2023-09-18 18:35:00,177.9,177.925,177.755,177.84,376392,2023-09-18
2023-09-18 18:40:00,177.8501,178.085,177.82,178.03,673271,2023-09-18
2023-09-18 18:45:00,178.035,178.09,177.97,178.005,425092,2023-09-18
2023-09-18 18:50:00,178.005,178.29,177.98,178.28,633177,2023-09-18
2023-09-18 18:55:00,178.28,178.31,178.19,178.265,607441,2023-09-18
2023-09-18 19:00:00,178.265,178.42,178.2,178.33,542451,2023-09-18
2023-09-18 19:05:00,178.33,178.39,178.26,178.31,453558,2023-09-18
2023-09-18 19:10:00,178.3101,178.4,178.23,178.245,526876,2023-09-18
2023-09-18 19:15:00,178.245,178.39,178.11,178.385,394484,2023-09-18
2023-09-18 19:20:00,178.3808,178.45,178.31,178.42,297969,2023-09-18
2023-09-18 19:25:00,178.4271,178.65,178.4101,178.545,440382,2023-09-18
2023-09-18 19:30:00,178.545,178.69,178.545,178.6557,391439,2023-09-18
2023-09-18 19:35:00,178.66,178.79,178.6101,178.735,491095,2023-09-18
2023-09-18 19:40:00,178.735,179.11,178.72,178.8334,1227585.0,2023-09-18
2023-09-18 19:45:00,178.84,179.07,178.82,179.043,518312,2023-09-18
2023-09-18 19:50:00,179.045,179.18,178.96,178.971,669355,2023-09-18
2023-09-18 19:55:00,178.975,179.07,178.845,178.8601,480967,2023-09-18
2023-09-18 20:00:00,178.88,179.1,178.845,179.01,539722,2023-09-18
2023-09-18 20:05:00,179.02,179.07,178.881,178.909,383940,2023-09-18
2023-09-18 20:10:00,178.908,179,178.85,178.93,323858,2023-09-18
2023-09-18 20:15:00,178.9312,178.94,178.7301,178.775,448641,2023-09-18
2023-09-18 20:20:00,178.7799,179.205,178.775,179.1768,634388,2023-09-18
2023-09-18 20:25:00,179.1717,179.21,179.04,179.115,412747,2023-09-18
2023-09-18 20:30:00,179.12,179.358,179.1,179.355,620701,2023-09-18
2023-09-18 20:35:00,179.35,179.38,179.155,179.17,478692,2023-09-18
2023-09-18 20:40:00,179.175,179.23,179.0801,179.135,313939,2023-09-18
2023-09-18 20:45:00,179.14,179.1783,178.96,179.02,491626,2023-09-18
2023-09-18 20:50:00,179.025,179.19,178.87,178.95,497922,2023-09-18
2023-09-18 20:55:00,178.94,179.09,178.9,179.005,329909,2023-09-18
2023-09-18 21:00:00,179.01,179.16,178.99,179.07,348198,2023-09-18
2023-09-18 21:05:00,179.0891,179.1388,179.01,179.07,340960,2023-09-18
2023-09-18 21:10:00,179.07,179.14,178.895,179.1301,353080,2023-09-18
2023-09-18 21:15:00,179.135,179.22,179.08,179.105,355628,2023-09-18
2023-09-18 21:20:00,179.105,179.19,179.09,179.1,247088,2023-09-18
2023-09-18 21:25:00,179.1,179.11,178.95,178.96,314836,2023-09-18
2023-09-18 21:30:00,178.965,179.02,178.87,178.965,291801,2023-09-18
2023-09-18 21:35:00,178.9604,179.07,178.95,178.97,270189,2023-09-18
2023-09-18 21:40:00,178.97,179.0557,178.89,178.915,248666,2023-09-18
2023-09-18 21:45:00,178.92,178.9669,178.74,178.77,377775,2023-09-18
2023-09-18 21:50:00,178.775,178.79,178.51,178.5536,577475,2023-09-18
2023-09-18 21:55:00,178.55,178.645,178.4246,178.61,549806,2023-09-18
2023-09-18 22:00:00,178.6,178.65,178.48,178.574,406814,2023-09-18
2023-09-18 22:05:00,178.575,178.7,178.48,178.6601,377135,2023-09-18
2023-09-18 22:10:00,178.6712,178.75,178.61,178.69,287102,2023-09-18
2023-09-18 22:15:00,178.7,178.76,178.48,178.525,593043,2023-09-18
2023-09-18 22:20:00,178.525,178.525,178.29,178.34,570337,2023-09-18
2023-09-18 22:25:00,178.3386,178.43,178.27,178.4191,601269,2023-09-18
2023-09-18 22:30:00,178.415,178.415,178.17,178.1815,464589,2023-09-18
2023-09-18 22:35:00,178.18,178.19,178.0444,178.095,561980,2023-09-18
2023-09-18 22:40:00,178.1,178.34,178.055,178.09,726791,2023-09-18
2023-09-18 22:45:00,178.1,178.215,178.0257,178.145,643186,2023-09-18
2023-09-18 22:50:00,178.135,178.2755,177.99,178.0102,1295056.0,2023-09-18
2023-09-18 22:55:00,178.03,178.15,177.775,177.98,2530245.0,2023-09-18
2023-09-18 23:00:00,177.97,178.02,177.87,177.93,407893,2023-09-18
2023-09-18 23:05:00,177.93,177.97,177.91,177.92,204226,2023-09-18
2023-09-18 23:10:00,177.92,177.99,177.91,177.98,64818,2023-09-18
2023-09-18 23:15:00,177.97,177.97,177.84,177.84,14205,2023-09-18
2023-09-18 23:20:00,177.87,177.94,177.87,177.92,24533,2023-09-18
2023-09-18 23:25:00,177.95,177.98,177.85,177.86,10393,2023-09-18
2023-09-18 23:30:00,177.85,177.94,177.82,177.93,22532,2023-09-18
2023-09-18 23:35:00,177.93,177.97,177.85,177.91,95918,2023-09-18
2023-09-18 23:40:00,177.9,177.96,177.85,177.85,55433,2023-09-18
2023-09-18 23:45:00,177.89,177.98,177.85,177.92,18236,2023-09-18
2023-09-18 23:50:00,177.93,177.94,177.83,177.86,14159,2023-09-18
2023-09-18 23:55:00,177.86,177.92,177.85,177.9,6511,2023-09-18
2023-09-19 00:00:00,177.9,177.92,177.85,177.8505,9860,2023-09-18
2023-09-19 00:05:00,177.85,177.97,177.85,177.93,9745,2023-09-18
2023-09-19 00:10:00,177.91,177.96,177.86,177.86,7306,2023-09-18
2023-09-19 00:15:00,177.88,177.96,177.88,177.891,5973,2023-09-18
2023-09-19 00:20:00,177.9,177.9,177.85,177.86,8428,2023-09-18
2023-09-19 00:25:00,177.8501,177.97,177.8501,177.87,27744,2023-09-18
2023-09-19 00:30:00,177.88,177.89,177.85,177.88,3444,2023-09-18
2023-09-19 00:35:00,177.86,177.94,177.85,177.8986,10164,2023-09-18
2023-09-19 00:40:00,177.86,177.88,177.85,177.85,2083,2023-09-18
2023-09-19 00:45:00,177.87,177.87,177.85,177.85,3319,2023-09-18
2023-09-19 00:50:00,177.867,177.95,177.86,177.95,4403,2023-09-18
2023-09-19 00:55:00,177.94,177.98,177.94,177.95,6467,2023-09-18
2023-09-19 01:00:00,177.98,177.98,177.95,177.95,3016,2023-09-18
2023-09-19 01:05:00,177.95,177.98,177.95,177.97,3412,2023-09-18
2023-09-19 01:10:00,177.99,178.05,177.99,178.05,11120,2023-09-18
2023-09-19 01:15:00,178.06,178.24,178.06,178.24,11119,2023-09-18
2023-09-19 01:20:00,178.26,178.5,178.26,178.446,20476,2023-09-18
2023-09-19 01:25:00,178.44,178.6,178.44,178.5,15102,2023-09-18
2023-09-19 01:30:00,178.48,178.56,178.47,178.47,2133,2023-09-18
2023-09-19 01:35:00,178.48,178.49,178.4,178.47,7394,2023-09-18
2023-09-19 01:40:00,178.46,178.46,178.4,178.4399,2912,2023-09-18
2023-09-19 01:45:00,178.3501,178.5,178.3501,178.43,5399,2023-09-18
2023-09-19 01:50:00,178.43,178.43,178.35,178.3973,4933,2023-09-18
2023-09-19 01:55:00,178.46,178.46,178.37,178.4,1199,2023-09-18
2023-09-19 02:00:00,178.36,178.4,178.36,178.3999,559,2023-09-18
2023-09-19 02:05:00,178.42,178.46,178.3701,178.38,6789,2023-09-18
2023-09-19 02:10:00,178.4,178.4,178.26,178.3,5772,2023-09-18
2023-09-19 02:15:00,178.3,178.3,178.26,178.26,667,2023-09-18
2023-09-19 02:20:00,178.32,178.35,178.32,178.35,382,2023-09-18
2023-09-19 02:25:00,178.35,178.35,178.35,178.35,834,2023-09-18
2023-09-19 02:30:00,178.32,178.34,178.27,178.3,7838,2023-09-18
2023-09-19 02:35:00,178.27,178.29,178.21,178.25,6132,2023-09-18
2023-09-19 02:40:00,178.25,178.25,178.2101,178.25,2668,2023-09-18
2023-09-19 02:45:00,178.2499,178.26,178.21,178.26,9821,2023-09-18
2023-09-19 02:50:00,178.3,178.32,178.26,178.32,3723,2023-09-18
2023-09-19 02:55:00,178.35,178.5,178.33,178.5,19235,2023-09-18
2023-09-19 11:00:00,178.57,178.59,178.44,178.46,6032,2023-09-19
2023-09-19 11:05:00,178.49,178.49,178.49,178.49,413,2023-09-19
2023-09-19 11:10:00,178.47,178.5,178.47,178.5,2399,2023-09-19
2023-09-19 11:15:00,178.61,178.61,178.52,178.52,1491,2023-09-19
2023-09-19 11:20:00,178.5,178.55,178.5,178.55,1495,2023-09-19
2023-09-19 11:30:00,178.55,178.6,178.55,178.57,1915,2023-09-19
2023-09-19 11:35:00,178.59,178.59,178.59,178.59,105,2023-09-19
2023-09-19 11:40:00,178.56,178.56,178.55,178.55,979,2023-09-19
2023-09-19 11:45:00,178.55,178.55,178.5,178.5,1241,2023-09-19
2023-09-19 11:50:00,178.55,178.55,178.55,178.55,762,2023-09-19
2023-09-19 11:55:00,178.58,178.58,178.58,178.58,158,2023-09-19
2023-09-19 12:00:00,178.55,178.55,178.55,178.55,187,2023-09-19
2023-09-19 12:05:00,178.5,178.5,178.46,178.46,811,2023-09-19
2023-09-19 12:20:00,178.52,178.53,178.52,178.53,886,2023-09-19
2023-09-19 12:25:00,178.5,178.75,178.5,178.75,3808,2023-09-19
2023-09-19 12:30:00,178.77,178.77,178.75,178.75,4176,2023-09-19
2023-09-19 12:35:00,178.73,178.73,178.7,178.7,1886,2023-09-19
2023-09-19 12:40:00,178.72,178.75,178.72,178.75,360,2023-09-19
2023-09-19 12:45:00,178.82,178.82,178.78,178.78,581,2023-09-19
2023-09-19 12:55:00,178.71,178.73,178.71,178.73,541,2023-09-19
2023-09-19 13:00:00,178.7,178.7,178.7,178.7,349,2023-09-19
2023-09-19 13:15:00,178.75,178.75,178.7,178.7,702,2023-09-19
2023-09-19 13:25:00,178.61,178.61,178.46,178.49,5240,2023-09-19
2023-09-19 13:30:00,178.5,178.53,178.48,178.53,1488,2023-09-19
2023-09-19 13:35:00,178.66,178.66,178.5,178.52,5612,2023-09-19
2023-09-19 13:50:00,178.59,178.59,178.47,178.47,1131,2023-09-19
2023-09-19 13:55:00,178.53,178.53,178.51,178.51,2440,2023-09-19
2023-09-19 14:00:00,178.5,178.53,178.49,178.5,11326,2023-09-19
2023-09-19 14:05:00,178.54,178.65,178.54,178.65,8934,2023-09-19
2023-09-19 14:10:00,178.61,178.68,178.6,178.6,5595,2023-09-19
2023-09-19 14:15:00,178.6,178.76,178.5,178.76,16115,2023-09-19
2023-09-19 14:20:00,178.66,178.72,178.66,178.72,1361,2023-09-19
2023-09-19 14:25:00,178.8,178.89,178.8,178.89,5168,2023-09-19
2023-09-19 14:30:00,178.91,178.96,178.88,178.88,10963,2023-09-19
2023-09-19 14:35:00,178.89,178.89,178.72,178.72,6853,2023-09-19
2023-09-19 14:40:00,178.71,178.73,178.65,178.69,5786,2023-09-19
2023-09-19 14:45:00,178.69,178.79,178.59,178.79,7731,2023-09-19
2023-09-19 14:50:00,178.79,178.79,178.59,178.59,11794,2023-09-19
2023-09-19 14:55:00,178.6,178.68,178.6,178.68,10146,2023-09-19
2023-09-19 15:00:00,178.5,178.99,177.8,178.55,134860,2023-09-19
2023-09-19 15:05:00,178.62,178.695,178.5806,178.5888,3296,2023-09-19
2023-09-19 15:10:00,178.58,178.65,178.5,178.65,15947,2023-09-19
2023-09-19 15:15:00,178.6,178.7,178.4,178.4,14399,2023-09-19
2023-09-19 15:20:00,178.4,178.4,178.29,178.35,10401,2023-09-19
2023-09-19 15:25:00,178.33,178.47,178.33,178.47,4746,2023-09-19
2023-09-19 15:30:00,178.45,178.45,178.2,178.2,13874,2023-09-19
2023-09-19 15:35:00,178.24,178.3,178.16,178.3,12422,2023-09-19
2023-09-19 15:40:00,178.3,178.3,178.04,178.05,46765,2023-09-19
2023-09-19 15:45:00,178.03,178.24,178.01,178.22,29847,2023-09-19
2023-09-19 15:50:00,178.25,178.27,178.0209,178.12,24934,2023-09-19
2023-09-19 15:55:00,178.12,178.12,177.88,177.99,153395,2023-09-19
2023-09-19 16:00:00,177.98,178.07,177.92,178,56122,2023-09-19
2023-09-19 16:05:00,178.03,178.06,177.82,177.92,34898,2023-09-19
2023-09-19 16:10:00,177.9,177.93,177.73,177.73,23743,2023-09-19
2023-09-19 16:15:00,177.79,177.79,177.6,177.69,28117,2023-09-19
2023-09-19 16:20:00,177.68,177.73,177.52,177.62,44960,2023-09-19
2023-09-19 16:25:00,177.6,177.63,177.13,177.53,89474,2023-09-19
2023-09-19 16:30:00,177.52,178.25,177.31,178.0999,2236614.0,2023-09-19
2023-09-19 16:35:00,178.08,178.54,177.94,178.38,1468358.0,2023-09-19
2023-09-19 16:40:00,178.38,178.62,178.19,178.54,1123978.0,2023-09-19
2023-09-19 16:45:00,178.54,178.67,178.16,178.225,1459730.0,2023-09-19
2023-09-19 16:50:00,178.23,178.3,177.805,177.93,1015957.0,2023-09-19
2023-09-19 16:55:00,177.92,177.95,177.55,177.595,805856,2023-09-19
2023-09-19 17:00:00,177.6,177.63,177.13,177.2187,815114,2023-09-19
2023-09-19 17:05:00,177.215,177.4599,177.18,177.4,1001600.0,2023-09-19
2023-09-19 17:10:00,177.39,177.75,177.38,177.56,937020,2023-09-19
2023-09-19 17:15:00,177.5632,177.91,177.45,177.6366,998495,2023-09-19
2023-09-19 17:20:00,177.62,177.78,177.48,177.69,453880,2023-09-19
2023-09-19 17:25:00,177.6807,177.8,177.55,177.76,488864,2023-09-19
2023-09-19 17:30:00,177.77,177.77,177.42,177.4251,482824,2023-09-19
2023-09-19 17:35:00,177.428,177.6,177.27,177.35,614114,2023-09-19
2023-09-19 17:40:00,177.34,177.535,177.3,177.51,489521,2023-09-19
2023-09-19 17:45:00,177.51,177.62,177.43,177.49,368266,2023-09-19
2023-09-19 17:50:00,177.4801,177.49,177.29,177.38,375302,2023-09-19
2023-09-19 17:55:00,177.38,177.4212,177.19,177.2288,458775,2023-09-19
2023-09-19 18:00:00,177.22,177.42,177.17,177.4,445516,2023-09-19
2023-09-19 18:05:00,177.405,177.44,177.2708,177.3736,326254,2023-09-19
2023-09-19 18:10:00,177.37,177.39,177.221,177.311,303193,2023-09-19
2023-09-19 18:15:00,177.3109,177.32,177.15,177.23,325028,2023-09-19
2023-09-19 18:20:00,177.225,177.39,177.22,177.3601,310109,2023-09-19
2023-09-19 18:25:00,177.365,177.6,177.36,177.585,487330,2023-09-19
2023-09-19 18:30:00,177.58,177.74,177.5,177.74,578875,2023-09-19
2023-09-19 18:35:00,177.74,177.93,177.7,177.895,520769,2023-09-19
2023-09-19 18:40:00,177.9,177.91,177.7,177.74,349802,2023-09-19
2023-09-19 18:45:00,177.75,177.8599,177.62,177.78,382048,2023-09-19
2023-09-19 18:50:00,177.78,177.815,177.65,177.8,285724,2023-09-19
2023-09-19 18:55:00,177.81,178.12,177.79,178.0601,557771,2023-09-19
2023-09-19 19:00:00,178.07,178.088,177.8,177.8527,369749,2023-09-19
2023-09-19 19:05:00,177.86,177.9,177.63,177.8364,475050,2023-09-19
2023-09-19 19:10:00,177.835,177.9099,177.73,177.87,287074,2023-09-19
2023-09-19 19:15:00,177.87,178.07,177.8699,178.0484,297359,2023-09-19
2023-09-19 19:20:00,178.045,178.14,178.01,178.1074,313903,2023-09-19
2023-09-19 19:25:00,178.1,178.2,178.09,178.135,412396,2023-09-19
2023-09-19 19:30:00,178.14,178.1888,178.09,178.125,231369,2023-09-19
2023-09-19 19:35:00,178.13,178.13,177.85,177.85,386686,2023-09-19
2023-09-19 19:40:00,177.85,177.9787,177.8,177.875,318744,2023-09-19
2023-09-19 19:45:00,177.88,177.9564,177.78,177.93,286722,2023-09-19
2023-09-19 19:50:00,177.94,178.0699,177.92,178.06,291920,2023-09-19
2023-09-19 19:55:00,178.05,178.2376,178.004,178.19,383675,2023-09-19
2023-09-19 20:00:00,178.19,178.44,178.14,178.4087,711522,2023-09-19
2023-09-19 20:05:00,178.4099,178.44,178.2742,178.38,386806,2023-09-19
2023-09-19 20:10:00,178.38,178.49,178.35,178.3999,385455,2023-09-19
2023-09-19 20:15:00,178.39,178.48,178.3175,178.461,378925,2023-09-19
2023-09-19 20:20:00,178.47,178.56,178.41,178.515,358735,2023-09-19
2023-09-19 20:25:00,178.51,178.58,178.46,178.58,365870,2023-09-19
2023-09-19 20:30:00,178.58,178.76,178.57,178.69,473324,2023-09-19
2023-09-19 20:35:00,178.695,178.8,178.62,178.8,298190,2023-09-19
2023-09-19 20:40:00,178.8,178.9118,178.715,178.855,542224,2023-09-19
2023-09-19 20:45:00,178.86,179.11,178.83,179.035,892489,2023-09-19
2023-09-19 20:50:00,179.04,179.17,178.91,179.125,563583,2023-09-19
2023-09-19 20:55:00,179.1266,179.1266,178.98,179.09,301136,2023-09-19
2023-09-19 21:00:00,179.1,179.3072,179.08,179.27,556283,2023-09-19
2023-09-19 21:05:00,179.28,179.39,179.25,179.3169,515352,2023-09-19
2023-09-19 21:10:00,179.32,179.36,179.17,179.215,538328,2023-09-19
2023-09-19 21:15:00,179.215,179.27,179.16,179.2399,415591,2023-09-19
2023-09-19 21:20:00,179.2301,179.31,179.17,179.275,347407,2023-09-19
2023-09-19 21:25:00,179.2784,179.39,179.11,179.135,509818,2023-09-19
2023-09-19 21:30:00,179.13,179.27,179.11,179.26,407074,2023-09-19
2023-09-19 21:35:00,179.27,179.63,179.26,179.46,819506,2023-09-19
2023-09-19 21:40:00,179.4599,179.545,179.4,179.43,324261,2023-09-19
2023-09-19 21:45:00,179.41,179.46,179.19,179.2589,394780,2023-09-19
2023-09-19 21:50:00,179.26,179.3114,179.07,179.16,487695,2023-09-19
2023-09-19 21:55:00,179.155,179.18,178.9,178.9,512076,2023-09-19
2023-09-19 22:00:00,178.9,178.9799,178.805,178.925,494184,2023-09-19
2023-09-19 22:05:00,178.9299,179.0081,178.9099,178.92,286932,2023-09-19
2023-09-19 22:10:00,178.915,178.9473,178.76,178.86,332955,2023-09-19
2023-09-19 22:15:00,178.86,178.95,178.74,178.9,409382,2023-09-19
2023-09-19 22:20:00,178.905,178.995,178.8,178.9784,400486,2023-09-19
2023-09-19 22:25:00,178.97,179.1484,178.96,179.105,487810,2023-09-19
2023-09-19 22:30:00,179.1,179.1,178.93,179.03,500934,2023-09-19
2023-09-19 22:35:00,179.025,179.13,178.985,179.09,482511,2023-09-19
2023-09-19 22:40:00,179.0913,179.3188,179.04,179.3124,647631,2023-09-19
2023-09-19 22:45:00,179.31,179.44,179.22,179.26,671964,2023-09-19
2023-09-19 22:50:00,179.25,179.32,179.0603,179.07,944481,2023-09-19
2023-09-19 22:55:00,179.08,179.17,179.02,179.1,1512394.0,2023-09-19
2023-09-19 23:00:00,179.07,179.16,179.05,179.0901,697644,2023-09-19
2023-09-19 23:05:00,179.1,179.2,179.06,179.2,112694,2023-09-19
2023-09-19 23:10:00,179.16,179.35,179.07,179.31,18260,2023-09-19
2023-09-19 23:15:00,179.28,179.28,179.16,179.16,25899,2023-09-19
2023-09-19 23:20:00,179.15,179.15,179.12,179.13,5871,2023-09-19
2023-09-19 23:25:00,179.13,179.17,179.08,179.08,9452,2023-09-19
2023-09-19 23:30:00,179.1,179.2,179.08,179.2,6848,2023-09-19
2023-09-19 23:35:00,179.17,179.2,179.07,179.18,32549,2023-09-19
2023-09-19 23:40:00,179.18,179.18,179.15,179.15,2251,2023-09-19
2023-09-19 23:45:00,179.15,179.17,179.15,179.17,1831,2023-09-19
2023-09-19 23:50:00,179.16,179.16,179.15,179.15,640,2023-09-19
2023-09-19 23:55:00,179.16,179.17,179.14,179.14,2108,2023-09-19
2023-09-20 00:00:00,179.14,179.17,179.14,179.17,2147,2023-09-19
2023-09-20 00:05:00,179.17,179.17,179.17,179.17,1401,2023-09-19
2023-09-20 00:10:00,179.15,179.15,179.15,179.15,314,2023-09-19
2023-09-20 00:15:00,179.16,179.16,179.14,179.14,4973,2023-09-19
2023-09-20 00:20:00,179.13,179.16,179.13,179.15,1635,2023-09-19
2023-09-20 00:25:00,179.12,179.17,179.1,179.17,5085,2023-09-19
2023-09-20 00:30:00,179.12,179.12,179.1025,179.1025,494,2023-09-19
2023-09-20 00:35:00,179.14,179.14,179.14,179.14,155,2023-09-19
2023-09-20 00:40:00,179.17,179.18,179.15,179.15,1776,2023-09-19
2023-09-20 00:45:00,179.17,179.17,179.16,179.16,4119,2023-09-19
2023-09-20 00:50:00,179.18,179.18,179.1401,179.1401,2411,2023-09-19
2023-09-20 00:55:00,179.14,179.14,179.14,179.14,408,2023-09-19
2023-09-20 01:00:00,179.1404,179.15,179.14,179.15,1397,2023-09-19
2023-09-20 01:05:00,179.12,179.18,179.12,179.18,1003,2023-09-19
2023-09-20 01:10:00,179.1201,179.19,179.1201,179.19,612,2023-09-19
2023-09-20 01:15:00,179.1899,179.1999,179.11,179.1999,792,2023-09-19
2023-09-20 01:20:00,179.18,179.18,179.18,179.18,660,2023-09-19
2023-09-20 01:25:00,179.13,179.13,179.11,179.11,1788,2023-09-19
2023-09-20 01:30:00,179.0861,179.1489,179.08,179.1489,518,2023-09-19
2023-09-20 01:35:00,179.1186,179.12,179.1,179.12,777,2023-09-19
2023-09-20 01:40:00,179.1,179.12,179.1,179.12,1545,2023-09-19
2023-09-20 01:55:00,179.11,179.15,179.1,179.15,1544,2023-09-19
2023-09-20 02:00:00,179.17,179.17,179.11,179.12,1990,2023-09-19
2023-09-20 02:05:00,179.07,179.16,179.07,179.12,1769,2023-09-19
2023-09-20 02:15:00,179.13,179.13,179.13,179.13,600,2023-09-19
2023-09-20 02:20:00,179.13,179.13,179.13,179.13,979,2023-09-19
2023-09-20 02:25:00,179.16,179.18,179.13,179.13,4143,2023-09-19
2023-09-20 02:30:00,179.14,179.14,179.06,179.07,11413,2023-09-19
2023-09-20 02:35:00,179.07,179.07,179.06,179.06,5307,2023-09-19
2023-09-20 02:40:00,179.07,179.07,179.01,179.07,5461,2023-09-19
2023-09-20 02:45:00,179.07,179.07,179,179.01,7262,2023-09-19
2023-09-20 02:50:00,179,179,178.9,178.97,1869,2023-09-19
2023-09-20 02:55:00,178.92,179,178.92,179,4886,2023-09-19
2023-09-20 11:00:00,178.98,178.99,178.85,178.85,1748,2023-09-20
2023-09-20 11:05:00,178.85,178.93,178.85,178.93,2884,2023-09-20
2023-09-20 11:10:00,178.97,179,178.97,179,3002,2023-09-20
2023-09-20 11:15:00,179,179.06,179,179.06,3476,2023-09-20
2023-09-20 11:20:00,179.16,179.16,179.16,179.16,235,2023-09-20
2023-09-20 11:25:00,179.2,179.2,179.2,179.2,503,2023-09-20
2023-09-20 11:30:00,179.19,179.23,179.19,179.23,1268,2023-09-20
2023-09-20 11:35:00,179.28,179.29,179.27,179.27,661,2023-09-20
2023-09-20 11:40:00,179.26,179.27,179.23,179.27,3591,2023-09-20
2023-09-20 11:45:00,179.26,179.36,179.26,179.29,1999,2023-09-20
2023-09-20 11:50:00,179.28,179.29,179.28,179.29,3151,2023-09-20
2023-09-20 12:00:00,179.33,179.44,179.33,179.44,3645,2023-09-20
2023-09-20 12:05:00,179.45,179.45,179.45,179.45,278,2023-09-20
2023-09-20 12:15:00,179.28,179.28,179.28,179.28,129,2023-09-20
2023-09-20 12:20:00,179.3,179.3,179.28,179.28,581,2023-09-20
2023-09-20 12:25:00,179.25,179.25,179.25,179.25,198,2023-09-20
2023-09-20 12:35:00,179.25,179.3,179.25,179.3,2658,2023-09-20
2023-09-20 12:55:00,179.35,179.38,179.34,179.35,5060,2023-09-20
2023-09-20 13:00:00,179.36,179.4,179.36,179.4,2344,2023-09-20
2023-09-20 13:05:00,179.25,179.25,179.24,179.24,2308,2023-09-20
2023-09-20 13:10:00,179.23,179.3,179.23,179.3,1011,2023-09-20
2023-09-20 13:15:00,179.24,179.24,179.2,179.23,1459,2023-09-20
2023-09-20 13:20:00,179.33,179.33,179.33,179.33,1043,2023-09-20
2023-09-20 13:25:00,179.25,179.25,179.25,179.25,300,2023-09-20
2023-09-20 13:30:00,179.22,179.22,179.22,179.22,1682,2023-09-20
2023-09-20 13:40:00,179.21,179.25,179.16,179.25,3941,2023-09-20
2023-09-20 13:45:00,179.28,179.28,179.25,179.25,1846,2023-09-20
2023-09-20 13:50:00,179.3,179.3,179.28,179.3,2839,2023-09-20
2023-09-20 14:00:00,179.25,179.35,179.25,179.35,5661,2023-09-20
2023-09-20 14:05:00,179.35,179.38,179.34,179.35,2312,2023-09-20
2023-09-20 14:10:00,179.39,179.39,178.85,178.85,26670,2023-09-20
2023-09-20 14:15:00,178.95,178.98,178.8,178.9,6355,2023-09-20
2023-09-20 14:20:00,178.99,179,178.75,178.75,15470,2023-09-20
2023-09-20 14:25:00,178.7,178.7,178.52,178.52,8615,2023-09-20
2023-09-20 14:30:00,178.59,178.75,178.56,178.75,6034,2023-09-20
2023-09-20 14:35:00,178.75,178.77,178.7,178.72,11705,2023-09-20
2023-09-20 14:40:00,178.76,178.76,178.74,178.75,5559,2023-09-20
2023-09-20 14:45:00,178.76,178.76,178.74,178.76,4028,2023-09-20
2023-09-20 14:50:00,178.76,178.76,178.73,178.73,4037,2023-09-20
2023-09-20 14:55:00,178.71,178.76,178.65,178.65,5629,2023-09-20
2023-09-20 15:00:00,179.32,179.38,178.31,178.705,73403,2023-09-20
2023-09-20 15:05:00,178.75,178.76,178.75,178.76,3665,2023-09-20
2023-09-20 15:10:00,178.75,178.76,178.62,178.64,10331,2023-09-20
2023-09-20 15:15:00,178.64,178.8089,178.62,178.76,12514,2023-09-20
2023-09-20 15:20:00,178.76,178.8,178.7136,178.76,15738,2023-09-20
2023-09-20 15:25:00,178.75,178.77,178.685,178.685,6746,2023-09-20
2023-09-20 15:30:00,178.71,178.98,178.67,178.97,24599,2023-09-20
2023-09-20 15:35:00,178.85,178.86,178.79,178.85,8111,2023-09-20
2023-09-20 15:40:00,178.8286,178.96,178.8,178.96,23914,2023-09-20
2023-09-20 15:45:00,178.9783,179.0986,178.911,179.07,18813,2023-09-20
2023-09-20 15:50:00,179.05,179.14,179.04,179.05,29480,2023-09-20
2023-09-20 15:55:00,179.05,179.28,179.05,179.28,36544,2023-09-20
2023-09-20 16:00:00,179.25,179.2856,179.1,179.1,12941,2023-09-20
2023-09-20 16:05:00,179.15,179.2742,179.1499,179.2742,15396,2023-09-20
2023-09-20 16:10:00,179.2,179.2599,179.1201,179.13,12357,2023-09-20
2023-09-20 16:15:00,179.13,179.15,179.05,179.12,17248,2023-09-20
2023-09-20 16:20:00,179.12,179.1798,179,179.07,19379,2023-09-20
2023-09-20 16:25:00,179.07,179.5,179,179.3,98288,2023-09-20
2023-09-20 16:30:00,179.26,179.695,178.63,178.665,1735022.0,2023-09-20
2023-09-20 16:35:00,178.67,178.9199,178.5,178.65,862550,2023-09-20
2023-09-20 16:40:00,178.64,178.84,178.35,178.35,1056091.0,2023-09-20
2023-09-20 16:45:00,178.3401,178.51,177.98,178.08,1239775.0,2023-09-20
2023-09-20 16:50:00,178.075,178.3452,178.03,178.305,777172,2023-09-20
2023-09-20 16:55:00,178.306,178.58,178.25,178.41,923662,2023-09-20
2023-09-20 17:00:00,178.4,178.425,177.8354,177.8354,923352,2023-09-20
2023-09-20 17:05:00,177.84,177.95,177.6,177.82,949861,2023-09-20
2023-09-20 17:10:00,177.83,177.92,177.4617,177.475,671673,2023-09-20
2023-09-20 17:15:00,177.475,177.52,177.26,177.42,916636,2023-09-20
2023-09-20 17:20:00,177.429,177.56,177.28,177.48,710950,2023-09-20
2023-09-20 17:25:00,177.4772,177.64,177.37,177.58,509736,2023-09-20
2023-09-20 17:30:00,177.59,177.72,177.44,177.715,613426,2023-09-20
2023-09-20 17:35:00,177.7199,177.94,177.63,177.92,579398,2023-09-20
2023-09-20 17:40:00,177.93,178,177.83,177.96,519003,2023-09-20
2023-09-20 17:45:00,177.945,178.02,177.65,177.67,632573,2023-09-20
2023-09-20 17:50:00,177.68,177.7299,177.51,177.5405,365310,2023-09-20
2023-09-20 17:55:00,177.54,177.725,177.3374,177.43,548997,2023-09-20
2023-09-20 18:00:00,177.43,177.4936,177.32,177.38,468424,2023-09-20
2023-09-20 18:05:00,177.38,177.575,177.33,177.5158,434704,2023-09-20
2023-09-20 18:10:00,177.51,177.565,177.2729,177.291,464971,2023-09-20
2023-09-20 18:15:00,177.295,177.33,177.03,177.035,687443,2023-09-20
2023-09-20 18:20:00,177.035,177.12,176.86,176.955,729690,2023-09-20
2023-09-20 18:25:00,176.95,177.01,176.88,176.985,399699,2023-09-20
2023-09-20 18:30:00,176.985,177.12,176.945,177.11,359156,2023-09-20
2023-09-20 18:35:00,177.12,177.31,177.01,177.0101,514477,2023-09-20
2023-09-20 18:40:00,177.0199,177.22,176.99,177.18,369008,2023-09-20
2023-09-20 18:45:00,177.19,177.34,177.16,177.3399,399430,2023-09-20
2023-09-20 18:50:00,177.335,177.5605,177.335,177.52,395669,2023-09-20
2023-09-20 18:55:00,177.525,177.58,177.47,177.55,312401,2023-09-20
2023-09-20 19:00:00,177.56,177.5692,177.4329,177.47,292223,2023-09-20
2023-09-20 19:05:00,177.46,177.57,177.44,177.5108,219084,2023-09-20
2023-09-20 19:10:00,177.5177,177.56,177.48,177.5592,179424,2023-09-20
2023-09-20 19:15:00,177.555,177.6,177.46,177.49,233008,2023-09-20
2023-09-20 19:20:00,177.485,177.5899,177.3547,177.36,270508,2023-09-20
2023-09-20 19:25:00,177.36,177.64,177.32,177.64,350802,2023-09-20
2023-09-20 19:30:00,177.65,177.69,177.56,177.67,302681,2023-09-20
2023-09-20 19:35:00,177.675,177.76,177.59,177.7248,259900,2023-09-20
2023-09-20 19:40:00,177.7248,177.76,177.66,177.68,183800,2023-09-20
2023-09-20 19:45:00,177.6899,177.6899,177.51,177.55,290148,2023-09-20
2023-09-20 19:50:00,177.55,177.6756,177.51,177.59,189842,2023-09-20
2023-09-20 19:55:00,177.58,177.75,177.555,177.725,207522,2023-09-20
2023-09-20 20:00:00,177.72,177.72,177.56,177.58,206593,2023-09-20
2023-09-20 20:05:00,177.595,177.66,177.56,177.57,249860,2023-09-20
2023-09-20 20:10:00,177.565,177.58,177.31,177.37,288803,2023-09-20
2023-09-20 20:15:00,177.355,177.41,177.32,177.34,259309,2023-09-20
2023-09-20 20:20:00,177.33,177.5899,177.32,177.53,228414,2023-09-20
2023-09-20 20:25:00,177.5213,177.55,177.455,177.5,193537,2023-09-20
2023-09-20 20:30:00,177.5,177.595,177.4875,177.555,256034,2023-09-20
2023-09-20 20:35:00,177.555,177.65,177.5301,177.56,298089,2023-09-20
2023-09-20 20:40:00,177.561,177.61,177.5,177.505,358600,2023-09-20
2023-09-20 20:45:00,177.5,177.5063,177.23,177.255,360905,2023-09-20
2023-09-20 20:50:00,177.2549,177.4999,177.1752,177.48,464765,2023-09-20
2023-09-20 20:55:00,177.49,177.7951,177.4895,177.7951,394426,2023-09-20
2023-09-20 21:00:00,177.79,177.79,176.58,176.9386,1627980.0,2023-09-20
2023-09-20 21:05:00,176.93,177.1824,176.59,176.75,863055,2023-09-20
2023-09-20 21:10:00,176.73,177.0498,176.585,176.8496,894630,2023-09-20
2023-09-20 21:15:00,176.845,177.2299,176.71,177.14,796792,2023-09-20
2023-09-20 21:20:00,177.12,177.42,177,177.34,506972,2023-09-20
2023-09-20 21:25:00,177.35,177.52,177.12,177.17,620357,2023-09-20
2023-09-20 21:30:00,177.17,177.76,176.96,177.35,996466,2023-09-20
2023-09-20 21:35:00,177.325,177.78,177.3,177.55,764052,2023-09-20
2023-09-20 21:40:00,177.55,177.6699,177.17,177.47,624390,2023-09-20
2023-09-20 21:45:00,177.49,177.59,176.88,176.935,666298,2023-09-20
2023-09-20 21:50:00,176.95,177.37,176.8,177.07,735039,2023-09-20
2023-09-20 21:55:00,177.05,177.58,176.91,177.14,601024,2023-09-20
2023-09-20 22:00:00,177.13,177.31,176.93,177.0734,403807,2023-09-20
2023-09-20 22:05:00,177.07,177.18,176.82,176.91,537635,2023-09-20
2023-09-20 22:10:00,176.9,177.11,176.62,176.67,672315,2023-09-20
2023-09-20 22:15:00,176.67,176.84,176.44,176.48,648156,2023-09-20
2023-09-20 22:20:00,176.4782,176.7401,176.34,176.73,599080,2023-09-20
2023-09-20 22:25:00,176.7363,176.915,176.58,176.76,474118,2023-09-20
2023-09-20 22:30:00,176.77,176.83,176.0751,176.1106,865680,2023-09-20
2023-09-20 22:35:00,176.1,176.18,175.81,175.87,891273,2023-09-20
2023-09-20 22:40:00,175.875,175.9999,175.58,175.65,1117362.0,2023-09-20
2023-09-20 22:45:00,175.66,175.84,175.59,175.8293,977276,2023-09-20
2023-09-20 22:50:00,175.82,176.12,175.7,175.895,1486429.0,2023-09-20
2023-09-20 22:55:00,175.89,175.97,175.4,175.49,2830892.0,2023-09-20
2023-09-20 23:00:00,175.5,175.53,175.33,175.45,323048,2023-09-20
2023-09-20 23:05:00,175.42,175.49,175.36,175.38,322424,2023-09-20
2023-09-20 23:10:00,175.37,175.49,175.37,175.41,53814,2023-09-20
2023-09-20 23:15:00,175.4,175.65,175.37,175.65,33303,2023-09-20
2023-09-20 23:20:00,175.66,175.66,175.53,175.58,22588,2023-09-20
2023-09-20 23:25:00,175.49,175.5948,175.49,175.55,83094,2023-09-20
2023-09-20 23:30:00,175.55,175.57,175.44,175.57,31058,2023-09-20
2023-09-20 23:35:00,175.57,175.63,175.43,175.55,113005,2023-09-20
2023-09-20 23:40:00,175.56,175.6,175.53,175.57,14865,2023-09-20
2023-09-20 23:45:00,175.57,175.57,175.51,175.55,12899,2023-09-20
2023-09-20 23:50:00,175.53,175.55,175.5,175.53,11235,2023-09-20
2023-09-20 23:55:00,175.56,175.59,175.51,175.51,19231,2023-09-20
2023-09-21 00:00:00,175.55,175.55,175.49,175.51,13834,2023-09-20
2023-09-21 00:05:00,175.53,175.55,175.53,175.54,1509,2023-09-20
2023-09-21 00:10:00,175.5155,175.55,175.49,175.5,105151,2023-09-20
2023-09-21 00:15:00,175.49,175.55,175.49,175.539,7492,2023-09-20
2023-09-21 00:20:00,175.54,175.54,175.45,175.49,566826,2023-09-20
2023-09-21 00:25:00,175.45,175.55,175.45,175.55,71044,2023-09-20
2023-09-21 00:30:00,175.51,175.59,175.51,175.55,4279,2023-09-20
2023-09-21 00:35:00,175.59,175.62,175.59,175.6,5055,2023-09-20
2023-09-21 00:40:00,175.56,175.5706,175.55,175.55,5439,2023-09-20
2023-09-21 00:45:00,175.51,175.51,175.46,175.5,4513,2023-09-20
2023-09-21 00:50:00,175.51,175.52,175.45,175.45,4272,2023-09-20
2023-09-21 00:55:00,175.51,175.6,175.5,175.59,5604,2023-09-20
2023-09-21 01:00:00,175.6,175.65,175.5633,175.65,3865,2023-09-20
2023-09-21 01:05:00,175.58,175.64,175.57,175.63,1516,2023-09-20
2023-09-21 01:10:00,175.63,175.63,175.48,175.62,7312,2023-09-20
2023-09-21 01:15:00,175.49,175.49,175.37,175.3832,5800,2023-09-20
2023-09-21 01:20:00,175.5,175.59,175.5,175.53,1248,2023-09-20
2023-09-21 01:25:00,175.52,175.52,175.38,175.46,3420,2023-09-20
2023-09-21 01:30:00,175.3733,175.43,175.32,175.32,5886,2023-09-20
2023-09-21 01:35:00,175.33,175.39,175.33,175.39,1044,2023-09-20
2023-09-21 01:40:00,175.45,175.45,175.36,175.36,885,2023-09-20
2023-09-21 01:45:00,175.4,175.43,175.4,175.4,2153,2023-09-20
2023-09-21 01:50:00,175.4,175.47,175.36,175.45,5293,2023-09-20
2023-09-21 01:55:00,175.4189,175.42,175.4,175.42,2672,2023-09-20
2023-09-21 02:00:00,175.4,175.42,175.38,175.39,4024,2023-09-20
2023-09-21 02:05:00,175.4,175.41,175.4,175.4,2012,2023-09-20
2023-09-21 02:10:00,175.37,175.4,175.37,175.39,2971,2023-09-20
2023-09-21 02:15:00,175.37,175.42,175.37,175.42,3448,2023-09-20
2023-09-21 02:20:00,175.42,175.48,175.42,175.44,2664,2023-09-20
2023-09-21 02:25:00,175.47,175.5001,175.47,175.5001,2334,2023-09-20
2023-09-21 02:30:00,175.5,175.56,175.5,175.55,799,2023-09-20
2023-09-21 02:35:00,175.54,175.54,175.1,175.37,7745,2023-09-20
2023-09-21 02:40:00,175.28,175.4,175.28,175.4,1560,2023-09-20
2023-09-21 02:45:00,175.39,175.39,175.22,175.33,7983,2023-09-20
2023-09-21 02:50:00,175.34,175.37,175.34,175.35,3497,2023-09-20
2023-09-21 02:55:00,175.37,175.37,175,175,24782,2023-09-20
2023-09-21 11:05:00,175.01,175.03,174.79,174.79,7149,2023-09-21
2023-09-21 11:10:00,174.89,174.89,174.77,174.85,3604,2023-09-21
2023-09-21 11:15:00,174.77,174.77,174.75,174.77,4933,2023-09-21
2023-09-21 11:20:00,174.73,174.75,174.73,174.75,3131,2023-09-21
2023-09-21 11:25:00,174.75,174.83,174.72,174.83,4422,2023-09-21
2023-09-21 11:30:00,174.76,174.78,174.68,174.68,5780,2023-09-21
2023-09-21 11:35:00,174.68,174.68,174.56,174.56,8435,2023-09-21
2023-09-21 11:40:00,174.6,174.65,174.6,174.65,1707,2023-09-21
2023-09-21 11:45:00,174.65,174.65,174.65,174.65,1892,2023-09-21
2023-09-21 11:50:00,174.69,174.69,174.63,174.63,769,2023-09-21
2023-09-21 11:55:00,174.6,174.61,174.55,174.61,2327,2023-09-21
2023-09-21 12:00:00,174.6,174.69,174.6,174.69,5268,2023-09-21
2023-09-21 12:05:00,174.71,174.71,174.71,174.71,1075,2023-09-21
2023-09-21 12:10:00,174.72,174.72,174.72,174.72,289,2023-09-21
2023-09-21 12:15:00,174.72,174.72,174.7,174.7,3319,2023-09-21
2023-09-21 12:20:00,174.64,174.64,174.63,174.63,342,2023-09-21
2023-09-21 12:25:00,174.63,174.63,174.62,174.63,2308,2023-09-21
2023-09-21 12:30:00,174.64,174.65,174.64,174.65,2606,2023-09-21
2023-09-21 12:35:00,174.62,174.62,174.62,174.62,167,2023-09-21
2023-09-21 12:40:00,174.65,174.68,174.65,174.68,625,2023-09-21
2023-09-21 12:45:00,174.65,174.65,174.55,174.56,4092,2023-09-21
2023-09-21 12:50:00,174.58,174.6,174.55,174.57,3074,2023-09-21
2023-09-21 12:55:00,174.58,174.58,174.5,174.53,4450,2023-09-21
2023-09-21 13:00:00,174.54,174.54,174.5,174.5,3556,2023-09-21
2023-09-21 13:05:00,174.48,174.5,174.45,174.5,4473,2023-09-21
2023-09-21 13:10:00,174.46,174.6,174.46,174.55,4421,2023-09-21
2023-09-21 13:15:00,174.57,174.57,174.57,174.57,891,2023-09-21
2023-09-21 13:20:00,174.5,174.62,174.5,174.62,9296,2023-09-21
2023-09-21 13:25:00,174.56,174.6,174.53,174.55,1744,2023-09-21
2023-09-21 13:30:00,174.59,174.6,174.5,174.5,2220,2023-09-21
2023-09-21 13:35:00,174.6,174.6,174.5,174.5,4976,2023-09-21
2023-09-21 13:40:00,174.5,174.58,174.5,174.58,2812,2023-09-21
2023-09-21 13:45:00,174.58,174.58,174.45,174.45,5276,2023-09-21
2023-09-21 13:50:00,174.45,174.45,174.34,174.35,11999,2023-09-21
2023-09-21 13:55:00,174.43,174.48,174.43,174.48,2451,2023-09-21
2023-09-21 14:00:00,174.58,174.64,174.4,174.45,24353,2023-09-21
2023-09-21 14:05:00,174.45,174.48,174.32,174.39,16075,2023-09-21
2023-09-21 14:10:00,174.39,174.42,174.2,174.29,21343,2023-09-21
2023-09-21 14:15:00,174.35,174.39,174.31,174.35,11910,2023-09-21
2023-09-21 14:20:00,174.33,174.4,174.3,174.3,10629,2023-09-21
2023-09-21 14:25:00,174.3,174.4,174.3,174.31,10721,2023-09-21
2023-09-21 14:30:00,174.31,174.35,174.2,174.25,14967,2023-09-21
2023-09-21 14:35:00,174.3,174.42,174.27,174.36,13971,2023-09-21
2023-09-21 14:40:00,174.37,174.42,174.35,174.42,3543,2023-09-21
2023-09-21 14:45:00,174.49,174.66,174.45,174.63,18266,2023-09-21
2023-09-21 14:50:00,174.55,174.66,174.55,174.62,17285,2023-09-21
2023-09-21 14:55:00,174.62,174.65,174.35,174.5,17363,2023-09-21
2023-09-21 15:00:00,174.7,175.05,174.2001,174.55,93908,2023-09-21
2023-09-21 15:05:00,174.69,174.69,174.4301,174.45,14993,2023-09-21
2023-09-21 15:10:00,174.5,174.6499,174.4,174.6381,12201,2023-09-21
2023-09-21 15:15:00,174.55,174.65,174.3192,174.3192,26594,2023-09-21
2023-09-21 15:20:00,174.43,174.56,174.3672,174.4,8628,2023-09-21
2023-09-21 15:25:00,174.45,174.56,174.39,174.55,10557,2023-09-21
2023-09-21 15:30:00,174.52,174.55,174.01,174.04,71820,2023-09-21
2023-09-21 15:35:00,174.05,174.05,173.94,173.9505,92462,2023-09-21
2023-09-21 15:40:00,173.97,174.05,173.88,174.01,32629,2023-09-21
2023-09-21 15:45:00,174.01,174.05,173.91,174.01,43504,2023-09-21
2023-09-21 15:50:00,174,174,173.92,173.99,102166,2023-09-21
2023-09-21 15:55:00,173.99,174,173.89,173.89,45044,2023-09-21
2023-09-21 16:00:00,173.9,174.01,173.78,173.78,62976,2023-09-21
2023-09-21 16:05:00,173.82,173.94,173.7,173.9,32286,2023-09-21
2023-09-21 16:10:00,173.8843,174,173.783,173.88,32343,2023-09-21
2023-09-21 16:15:00,173.88,173.91,173.74,173.77,46331,2023-09-21
2023-09-21 16:20:00,173.8,173.9,173.8,173.9,38089,2023-09-21
2023-09-21 16:25:00,173.9,174.55,173.9,174.51,116580,2023-09-21
2023-09-21 16:30:00,174.55,175.55,174.44,175.535,2494801.0,2023-09-21
2023-09-21 16:35:00,175.54,176.05,174.61,175.32,1813381.0,2023-09-21
2023-09-21 16:40:00,175.34,175.9612,175.1811,175.1811,1597524.0,2023-09-21
2023-09-21 16:45:00,175.19,175.48,174.87,174.8987,1155345.0,2023-09-21
2023-09-21 16:50:00,174.88,175.24,174.68,174.8666,908941,2023-09-21
2023-09-21 16:55:00,174.85,175,174.59,174.68,825483,2023-09-21
2023-09-21 17:00:00,174.66,174.93,174.63,174.85,828828,2023-09-21
2023-09-21 17:05:00,174.845,175.93,174.73,175.915,1506386.0,2023-09-21
2023-09-21 17:10:00,175.915,176.06,175.22,175.31,1342602.0,2023-09-21
2023-09-21 17:15:00,175.305,175.89,175.305,175.71,894770,2023-09-21
2023-09-21 17:20:00,175.71,175.91,175.37,175.55,777292,2023-09-21
2023-09-21 17:25:00,175.55,175.71,175.35,175.3952,628311,2023-09-21
2023-09-21 17:30:00,175.3947,175.68,175.33,175.585,712877,2023-09-21
2023-09-21 17:35:00,175.585,176.22,175.56,176.19,840014,2023-09-21
2023-09-21 17:40:00,176.2,176.3,175.82,175.8503,864093,2023-09-21
2023-09-21 17:45:00,175.84,175.93,175.61,175.69,587599,2023-09-21
2023-09-21 17:50:00,175.68,175.7273,175.47,175.5106,518182,2023-09-21
2023-09-21 17:55:00,175.5,175.9,175.37,175.41,686762,2023-09-21
2023-09-21 18:00:00,175.4,175.62,175.23,175.4,461715,2023-09-21
2023-09-21 18:05:00,175.4,175.52,175.135,175.1801,429084,2023-09-21
2023-09-21 18:10:00,175.18,175.2899,174.95,175.0451,535439,2023-09-21
2023-09-21 18:15:00,175.05,175.1,174.82,174.975,479890,2023-09-21
2023-09-21 18:20:00,174.97,175.215,174.9,175.02,435448,2023-09-21
2023-09-21 18:25:00,175.03,175.06,174.82,174.92,413181,2023-09-21
2023-09-21 18:30:00,174.92,175.15,174.83,175.08,439725,2023-09-21
2023-09-21 18:35:00,175.09,175.31,175.08,175.2601,498322,2023-09-21
2023-09-21 18:40:00,175.275,175.33,175.2,175.27,884661,2023-09-21
2023-09-21 18:45:00,175.26,175.53,175.2401,175.405,518829,2023-09-21
2023-09-21 18:50:00,175.4001,175.7,175.4,175.53,668664,2023-09-21
2023-09-21 18:55:00,175.535,175.69,175.3501,175.377,479933,2023-09-21
2023-09-21 19:00:00,175.37,175.4212,175.12,175.13,365902,2023-09-21
2023-09-21 19:05:00,175.1201,175.22,175.07,175.19,322242,2023-09-21
2023-09-21 19:10:00,175.18,175.295,175.03,175.0603,607398,2023-09-21
2023-09-21 19:15:00,175.07,175.2289,175,175.152,1330089.0,2023-09-21
2023-09-21 19:20:00,175.16,175.21,175.04,175.17,297848,2023-09-21
2023-09-21 19:25:00,175.16,175.21,175.02,175.115,254422,2023-09-21
2023-09-21 19:30:00,175.11,175.37,175.06,175.2973,460870,2023-09-21
2023-09-21 19:35:00,175.2987,175.2987,174.92,174.9801,558452,2023-09-21
2023-09-21 19:40:00,174.985,175.14,174.95,175.0402,403280,2023-09-21
2023-09-21 19:45:00,175.05,175.18,175.04,175.14,340129,2023-09-21
2023-09-21 19:50:00,175.135,175.22,174.9701,175.01,390804,2023-09-21
2023-09-21 19:55:00,175.015,175.049,174.86,174.885,448755,2023-09-21
2023-09-21 20:00:00,174.88,175.0385,174.87,175.015,325119,2023-09-21
2023-09-21 20:05:00,175.01,175.09,174.93,175.03,345611,2023-09-21
2023-09-21 20:10:00,175.03,175.19,175.0135,175.1871,357054,2023-09-21
2023-09-21 20:15:00,175.18,175.495,175.18,175.34,754975,2023-09-21
2023-09-21 20:20:00,175.34,175.47,175.27,175.36,373434,2023-09-21
2023-09-21 20:25:00,175.358,175.42,175.3,175.31,262902,2023-09-21
2023-09-21 20:30:00,175.3101,175.48,175.29,175.4376,520051,2023-09-21
2023-09-21 20:35:00,175.42,175.54,175.3,175.3,413989,2023-09-21
2023-09-21 20:40:00,175.3,175.49,175.28,175.43,415168,2023-09-21
2023-09-21 20:45:00,175.43,175.5,175.3799,175.3985,330724,2023-09-21
2023-09-21 20:50:00,175.4,175.46,175.282,175.4,267410,2023-09-21
2023-09-21 20:55:00,175.4,175.45,175.31,175.35,297183,2023-09-21
2023-09-21 21:00:00,175.35,175.39,175.11,175.1312,516715,2023-09-21
2023-09-21 21:05:00,175.12,175.19,174.98,175,422299,2023-09-21
2023-09-21 21:10:00,174.9999,175.13,174.9,174.91,415016,2023-09-21
2023-09-21 21:15:00,174.9,175.0101,174.84,174.91,408491,2023-09-21
2023-09-21 21:20:00,174.915,174.9499,174.82,174.83,316729,2023-09-21
2023-09-21 21:25:00,174.83,174.84,174.63,174.66,474141,2023-09-21
2023-09-21 21:30:00,174.66,174.69,174.52,174.595,602998,2023-09-21
2023-09-21 21:35:00,174.6,174.94,174.55,174.821,499632,2023-09-21
2023-09-21 21:40:00,174.82,175,174.8,174.8599,433466,2023-09-21
2023-09-21 21:45:00,174.855,174.9,174.7,174.705,417498,2023-09-21
2023-09-21 21:50:00,174.71,174.76,174.62,174.7383,276467,2023-09-21
2023-09-21 21:55:00,174.735,174.8,174.62,174.651,322194,2023-09-21
2023-09-21 22:00:00,174.655,174.8099,174.55,174.6905,467120,2023-09-21
2023-09-21 22:05:00,174.69,174.73,174.54,174.595,515532,2023-09-21
2023-09-21 22:10:00,174.6,174.66,174.3528,174.39,665656,2023-09-21
2023-09-21 22:15:00,174.38,174.47,174.28,174.348,578910,2023-09-21
2023-09-21 22:20:00,174.34,174.5,174.325,174.4321,442961,2023-09-21
2023-09-21 22:25:00,174.4386,174.48,174.22,174.27,507814,2023-09-21
2023-09-21 22:30:00,174.265,174.35,174.12,174.205,701489,2023-09-21
2023-09-21 22:35:00,174.21,174.54,174.2,174.415,731051,2023-09-21
2023-09-21 22:40:00,174.42,174.545,174.3101,174.38,764410,2023-09-21
2023-09-21 22:45:00,174.38,174.46,174.255,174.32,778591,2023-09-21
2023-09-21 22:50:00,174.33,174.33,173.95,174.07,1776171.0,2023-09-21
2023-09-21 22:55:00,174.08,174.15,173.86,173.93,2271372.0,2023-09-21
2023-09-21 23:00:00,173.93,173.96,173.79,173.87,499829,2023-09-21
2023-09-21 23:05:00,173.88,174.04,173.88,174,55006,2023-09-21
2023-09-21 23:10:00,174.01,174.07,173.93,174.05,31517,2023-09-21
2023-09-21 23:15:00,174.02,174.04,173.93,173.93,17205,2023-09-21
2023-09-21 23:20:00,173.94,173.97,173.82,173.95,25706,2023-09-21
2023-09-21 23:25:00,173.95,173.98,173.93,173.94,10104,2023-09-21
2023-09-21 23:30:00,173.94,173.95,173.89,173.92,68378,2023-09-21
2023-09-21 23:35:00,173.89,173.94,173.89,173.94,4654,2023-09-21
2023-09-21 23:40:00,173.95,173.95,173.9,173.9,6680,2023-09-21
2023-09-21 23:45:00,173.91,173.95,173.86,173.93,58239,2023-09-21
2023-09-21 23:50:00,173.87,173.9,173.87,173.87,3859,2023-09-21
2023-09-21 23:55:00,173.88,173.91,173.86,173.88,1151435.0,2023-09-21
2023-09-22 00:00:00,173.88,173.96,173.87,173.95,4977,2023-09-21
2023-09-22 00:05:00,173.92,173.93,173.92,173.92,3116,2023-09-21
2023-09-22 00:10:00,173.93,173.93,173.85,173.85,8385,2023-09-21
2023-09-22 00:15:00,173.88,173.88,173.74,173.75,6867,2023-09-21
2023-09-22 00:20:00,173.7401,173.85,173.7401,173.83,8645,2023-09-21
2023-09-22 00:25:00,173.83,173.9,173.83,173.9,7737,2023-09-21
2023-09-22 00:30:00,173.9,173.9003,173.9,173.9003,3311,2023-09-21
2023-09-22 00:35:00,173.92,173.94,173.9,173.94,3795,2023-09-21
2023-09-22 00:40:00,173.9,173.9,173.9,173.9,4733,2023-09-21
2023-09-22 00:45:00,173.9,173.9,173.82,173.82,2342,2023-09-21
2023-09-22 00:50:00,173.83,173.85,173.828,173.83,1967,2023-09-21
2023-09-22 00:55:00,173.81,173.89,173.81,173.89,3633,2023-09-21
2023-09-22 01:00:00,173.87,173.93,173.87,173.87,6935,2023-09-21
2023-09-22 01:05:00,173.92,173.93,173.9,173.93,2387,2023-09-21
2023-09-22 01:10:00,173.92,174,173.9,174,5374,2023-09-21
2023-09-22 01:15:00,173.9501,174.03,173.95,174,2724,2023-09-21
2023-09-22 01:20:00,174,174.19,174,174.0652,16752,2023-09-21
2023-09-22 01:25:00,174.14,174.15,174.0531,174.0531,5372,2023-09-21
2023-09-22 01:30:00,174.15,174.18,174.07,174.13,9373,2023-09-21
2023-09-22 01:35:00,174.0825,174.15,174.02,174.11,3019,2023-09-21
2023-09-22 01:40:00,174.18,174.25,174.11,174.21,3498,2023-09-21
2023-09-22 01:45:00,174.2,174.29,174.07,174.07,3770,2023-09-21
2023-09-22 01:50:00,174.18,174.24,174.11,174.12,2611,2023-09-21
2023-09-22 01:55:00,174.1001,174.1709,174.1001,174.11,2405,2023-09-21
2023-09-22 02:00:00,174.12,174.12,174.03,174.03,5281,2023-09-21
2023-09-22 02:05:00,174.08,174.08,174.05,174.0508,2841,2023-09-21
2023-09-22 02:10:00,174.08,174.17,174.05,174.05,1966,2023-09-21
2023-09-22 02:15:00,174.15,174.15,174.15,174.15,196,2023-09-21
2023-09-22 02:20:00,174.09,174.2,174.08,174.2,2907,2023-09-21
2023-09-22 02:25:00,174.19,174.2,174.15,174.17,2835,2023-09-21
2023-09-22 02:30:00,174.16,174.21,174.13,174.18,2156,2023-09-21
2023-09-22 02:35:00,174.1597,174.22,174.14,174.19,1085,2023-09-21
2023-09-22 02:40:00,174.13,174.14,174.12,174.12,3272,2023-09-21
2023-09-22 02:45:00,174.06,174.1,174.05,174.1,3641,2023-09-21
2023-09-22 02:50:00,174.15,174.15,174.06,174.06,13356,2023-09-21
2023-09-22 02:55:00,174.12,174.14,174.04,174.14,5743,2023-09-21
2023-09-22 11:00:00,174.5,174.6,174.5,174.6,4316,2023-09-22
2023-09-22 11:05:00,174.58,174.58,174.45,174.54,5126,2023-09-22
2023-09-22 11:10:00,174.5,174.65,174.5,174.65,1817,2023-09-22
2023-09-22 11:15:00,174.65,174.69,174.65,174.69,2186,2023-09-22
2023-09-22 11:20:00,174.7,174.7,174.68,174.69,4269,2023-09-22
2023-09-22 11:25:00,174.67,174.67,174.58,174.58,4084,2023-09-22
2023-09-22 11:30:00,174.64,174.65,174.63,174.65,1886,2023-09-22
2023-09-22 11:40:00,174.8,174.8,174.75,174.75,4073,2023-09-22
2023-09-22 11:45:00,174.73,174.74,174.64,174.64,7182,2023-09-22
2023-09-22 11:50:00,174.69,174.69,174.68,174.69,2153,2023-09-22
2023-09-22 11:55:00,174.63,174.73,174.61,174.7,3117,2023-09-22
2023-09-22 12:00:00,174.66,174.66,174.66,174.66,251,2023-09-22
2023-09-22 12:05:00,174.65,174.67,174.6,174.6,3872,2023-09-22
2023-09-22 12:10:00,174.61,174.82,174.61,174.8,4454,2023-09-22
2023-09-22 12:15:00,174.78,174.78,174.75,174.75,1196,2023-09-22
2023-09-22 12:25:00,174.75,174.75,174.74,174.74,857,2023-09-22
2023-09-22 12:30:00,174.75,174.75,174.75,174.75,1055,2023-09-22
2023-09-22 12:35:00,174.8,174.88,174.8,174.88,3567,2023-09-22
2023-09-22 12:40:00,174.89,174.9,174.89,174.9,729,2023-09-22
2023-09-22 12:50:00,174.98,175,174.98,175,1968,2023-09-22
2023-09-22 12:55:00,175.1,175.1,175.02,175.02,1911,2023-09-22
2023-09-22 13:00:00,175,175,175,175,630,2023-09-22
2023-09-22 13:05:00,174.89,174.97,174.85,174.97,4244,2023-09-22
2023-09-22 13:10:00,174.92,174.97,174.92,174.97,815,2023-09-22
2023-09-22 13:15:00,174.97,175,174.92,174.92,5128,2023-09-22
2023-09-22 13:20:00,174.94,174.94,174.85,174.85,3399,2023-09-22
2023-09-22 13:25:00,174.85,174.85,174.75,174.75,2037,2023-09-22
2023-09-22 13:30:00,174.95,175,174.88,174.88,7860,2023-09-22
2023-09-22 13:35:00,174.83,175.01,174.83,174.95,2626,2023-09-22
2023-09-22 13:40:00,174.84,174.84,174.83,174.83,513,2023-09-22
2023-09-22 13:45:00,174.92,174.92,174.92,174.92,579,2023-09-22
2023-09-22 13:50:00,175,175.02,174.92,174.92,2397,2023-09-22
2023-09-22 13:55:00,174.9,174.9,174.77,174.78,2087,2023-09-22
2023-09-22 14:00:00,174.84,174.95,174.82,174.83,7244,2023-09-22
2023-09-22 14:05:00,174.83,174.83,174.62,174.68,13589,2023-09-22
2023-09-22 14:10:00,174.7,174.76,174.69,174.76,3668,2023-09-22
2023-09-22 14:15:00,174.76,174.76,174.59,174.72,6101,2023-09-22
2023-09-22 14:20:00,174.75,174.84,174.75,174.84,3439,2023-09-22
2023-09-22 14:25:00,174.72,174.84,174.72,174.83,7830,2023-09-22
2023-09-22 14:30:00,174.76,174.76,174.68,174.68,3768,2023-09-22
2023-09-22 14:35:00,174.72,174.72,174.72,174.72,880,2023-09-22
2023-09-22 14:40:00,174.74,174.74,174.74,174.74,1262,2023-09-22
2023-09-22 14:45:00,174.8,174.8,174.76,174.76,2450,2023-09-22
2023-09-22 14:50:00,174.76,174.78,174.61,174.61,7036,2023-09-22
2023-09-22 14:55:00,174.6,174.78,174.6,174.7,5444,2023-09-22
2023-09-22 15:00:00,174.74,175.25,174.33,175.1,110127,2023-09-22
2023-09-22 15:05:00,175.14,175.24,174.8664,175.05,11812,2023-09-22
2023-09-22 15:10:00,175.06,175.08,174.99,175.08,15695,2023-09-22
2023-09-22 15:15:00,175.08,175.2,175,175.2,18211,2023-09-22
2023-09-22 15:20:00,175.2,175.48,175.18,175.4,28305,2023-09-22
2023-09-22 15:25:00,175.4,175.48,175.4,175.4,34213,2023-09-22
2023-09-22 15:30:00,175.34,175.35,175.2,175.2,14593,2023-09-22
2023-09-22 15:35:00,175.1,175.18,175,175.18,22676,2023-09-22
2023-09-22 15:40:00,175.18,175.24,175.08,175.081,15741,2023-09-22
2023-09-22 15:45:00,175.16,175.24,175.01,175.07,18331,2023-09-22
2023-09-22 15:50:00,175.03,175.1571,175.03,175.15,7540,2023-09-22
2023-09-22 15:55:00,175.1031,175.11,175,175.05,12183,2023-09-22
2023-09-22 16:00:00,175.08,175.1771,175,175.05,13394,2023-09-22
2023-09-22 16:05:00,175.05,175.17,175.01,175.15,10788,2023-09-22
2023-09-22 16:10:00,175.189,175.25,175.08,175.19,27408,2023-09-22
2023-09-22 16:15:00,175.19,175.28,175.1,175.12,33638,2023-09-22
2023-09-22 16:20:00,175.1648,175.237,175.11,175.21,23771,2023-09-22
2023-09-22 16:25:00,175.21,175.21,174.44,174.67,123723,2023-09-22
2023-09-22 16:30:00,174.67,174.76,174.12,174.54,1740127.0,2023-09-22
2023-09-22 16:35:00,174.55,174.6,174.24,174.26,795202,2023-09-22
2023-09-22 16:40:00,174.28,174.47,174.05,174.357,782512,2023-09-22
2023-09-22 16:45:00,174.355,174.72,174.24,174.34,1100024.0,2023-09-22
2023-09-22 16:50:00,174.3457,174.4199,174.12,174.335,742403,2023-09-22
2023-09-22 16:55:00,174.33,174.9,174.305,174.9,741672,2023-09-22
2023-09-22 17:00:00,174.9,174.9592,174.5701,174.86,747025,2023-09-22
2023-09-22 17:05:00,174.88,175.2299,174.8201,175.02,758112,2023-09-22
2023-09-22 17:10:00,175.01,175.2176,174.91,175.02,631335,2023-09-22
2023-09-22 17:15:00,175.02,175.059,174.86,175.0274,559781,2023-09-22
2023-09-22 17:20:00,175.0284,175.39,174.82,175.355,630752,2023-09-22
2023-09-22 17:25:00,175.355,175.375,175.0525,175.2758,549862,2023-09-22
2023-09-22 17:30:00,175.29,175.945,175.2824,175.945,1112942.0,2023-09-22
2023-09-22 17:35:00,175.945,176.22,175.9,176.018,1669086.0,2023-09-22
2023-09-22 17:40:00,176.02,176.1082,175.845,176.05,642796,2023-09-22
2023-09-22 17:45:00,176.06,176.38,175.945,176.25,864980,2023-09-22
2023-09-22 17:50:00,176.2516,176.38,176.12,176.2982,690176,2023-09-22
2023-09-22 17:55:00,176.295,176.55,176.2894,176.48,841893,2023-09-22
2023-09-22 18:00:00,176.485,176.62,176.2,176.225,757869,2023-09-22
2023-09-22 18:05:00,176.24,176.3599,176.11,176.1156,461627,2023-09-22
2023-09-22 18:10:00,176.12,176.19,176.02,176.1693,417711,2023-09-22
2023-09-22 18:15:00,176.165,176.24,176,176.11,487022,2023-09-22
2023-09-22 18:20:00,176.11,176.22,176,176.16,356108,2023-09-22
2023-09-22 18:25:00,176.1524,176.49,176.15,176.38,621092,2023-09-22
2023-09-22 18:30:00,176.39,176.49,176.31,176.41,327264,2023-09-22
2023-09-22 18:35:00,176.4,176.61,176.39,176.6087,415671,2023-09-22
2023-09-22 18:40:00,176.6099,176.6099,176.22,176.27,385353,2023-09-22
2023-09-22 18:45:00,176.26,176.27,176.11,176.14,343250,2023-09-22
2023-09-22 18:50:00,176.14,176.2472,176.0501,176.08,313366,2023-09-22
2023-09-22 18:55:00,176.08,176.19,175.94,176.1401,519193,2023-09-22
2023-09-22 19:00:00,176.14,176.53,175.97,176.16,1261459.0,2023-09-22
2023-09-22 19:05:00,176.14,176.46,176.08,176.3742,484362,2023-09-22
2023-09-22 19:10:00,176.37,176.5094,176.3,176.4,434659,2023-09-22
2023-09-22 19:15:00,176.4,176.73,176.36,176.69,634096,2023-09-22
2023-09-22 19:20:00,176.6992,176.75,176.53,176.605,484867,2023-09-22
2023-09-22 19:25:00,176.6,176.6225,176.49,176.61,278675,2023-09-22
2023-09-22 19:30:00,176.62,176.79,176.575,176.635,421420,2023-09-22
2023-09-22 19:35:00,176.64,176.7378,176.56,176.71,448145,2023-09-22
2023-09-22 19:40:00,176.71,176.8,176.7,176.785,352769,2023-09-22
2023-09-22 19:45:00,176.79,176.9847,176.75,176.915,604087,2023-09-22
2023-09-22 19:50:00,176.91,177.079,176.88,176.8883,734732,2023-09-22
2023-09-22 19:55:00,176.89,176.93,176.66,176.67,424478,2023-09-22
2023-09-22 20:00:00,176.6717,176.73,176.505,176.555,390633,2023-09-22
2023-09-22 20:05:00,176.56,176.6199,176.46,176.5042,317050,2023-09-22
2023-09-22 20:10:00,176.5,176.525,176.245,176.26,449001,2023-09-22
2023-09-22 20:15:00,176.255,176.27,175.98,176.0308,1403893.0,2023-09-22
2023-09-22 20:20:00,176.03,176.03,175.67,175.8086,602121,2023-09-22
2023-09-22 20:25:00,175.8,175.8216,175.58,175.7,441713,2023-09-22
2023-09-22 20:30:00,175.68,175.68,175.43,175.54,485641,2023-09-22
2023-09-22 20:35:00,175.5301,175.65,175.24,175.3383,528268,2023-09-22
2023-09-22 20:40:00,175.34,175.35,175.15,175.27,424421,2023-09-22
2023-09-22 20:45:00,175.25,175.37,175.15,175.295,449604,2023-09-22
2023-09-22 20:50:00,175.295,175.5199,175.23,175.335,454244,2023-09-22
2023-09-22 20:55:00,175.34,175.53,175.295,175.32,314140,2023-09-22
2023-09-22 21:00:00,175.32,175.51,175.31,175.48,316862,2023-09-22
2023-09-22 21:05:00,175.48,175.56,175.29,175.3789,267397,2023-09-22
2023-09-22 21:10:00,175.37,175.37,175.185,175.21,422577,2023-09-22
2023-09-22 21:15:00,175.2089,175.32,174.96,175.04,635000,2023-09-22
2023-09-22 21:20:00,175.05,175.3,175.04,175.24,437884,2023-09-22
2023-09-22 21:25:00,175.24,175.4231,175.12,175.13,371747,2023-09-22
2023-09-22 21:30:00,175.12,175.1444,174.81,175.015,523086,2023-09-22
2023-09-22 21:35:00,175.01,175.18,174.94,175.02,377284,2023-09-22
2023-09-22 21:40:00,175.0274,175.23,175.01,175.08,410955,2023-09-22
2023-09-22 21:45:00,175.09,175.35,175.0391,175.35,315230,2023-09-22
2023-09-22 21:50:00,175.345,175.42,175.24,175.36,376366,2023-09-22
2023-09-22 21:55:00,175.35,175.43,175.15,175.291,315735,2023-09-22
2023-09-22 22:00:00,175.28,175.65,175.21,175.5,623349,2023-09-22
2023-09-22 22:05:00,175.51,175.87,175.42,175.845,710352,2023-09-22
2023-09-22 22:10:00,175.845,175.89,175.67,175.7301,418601,2023-09-22
2023-09-22 22:15:00,175.74,175.88,175.64,175.8601,463965,2023-09-22
2023-09-22 22:20:00,175.8628,175.99,175.64,175.77,460083,2023-09-22
2023-09-22 22:25:00,175.7772,175.8184,175.655,175.69,362150,2023-09-22
2023-09-22 22:30:00,175.685,175.785,175.53,175.54,353093,2023-09-22
2023-09-22 22:35:00,175.5309,175.59,175.44,175.535,333699,2023-09-22
2023-09-22 22:40:00,175.54,175.58,174.95,174.98,782261,2023-09-22
2023-09-22 22:45:00,174.97,175.16,174.78,174.97,901818,2023-09-22
2023-09-22 22:50:00,174.97,174.97,174.62,174.85,1378448.0,2023-09-22
2023-09-22 22:55:00,174.85,175.045,174.71,174.74,2572117.0,2023-09-22
2023-09-22 23:00:00,174.8,174.87,174.69,174.77,138020,2023-09-22
2023-09-22 23:05:00,174.77,174.79,174.72,174.77,94571,2023-09-22
2023-09-22 23:10:00,174.75,174.87,174.71,174.87,12087,2023-09-22
2023-09-22 23:15:00,174.85,174.93,174.79,174.82,53431,2023-09-22
2023-09-22 23:20:00,174.85,174.91,174.84,174.91,2816,2023-09-22
2023-09-22 23:25:00,174.91,174.92,174.79,174.88,12935,2023-09-22
2023-09-22 23:30:00,174.89,174.95,174.89,174.91,21144,2023-09-22
2023-09-22 23:35:00,174.9,174.94,174.88,174.9,5394,2023-09-22
2023-09-22 23:40:00,174.9,174.94,174.89,174.92,18591,2023-09-22
2023-09-22 23:45:00,174.94,174.95,174.92,174.94,14182,2023-09-22
2023-09-22 23:50:00,174.9399,174.96,174.92,174.96,24345,2023-09-22
2023-09-22 23:55:00,174.96,175.02,174.95,175.02,13428,2023-09-22
2023-09-23 00:00:00,175,175,174.97,175,11163,2023-09-22
2023-09-23 00:05:00,174.98,174.99,174.98,174.99,2059,2023-09-22
2023-09-23 00:10:00,174.9882,174.9882,174.98,174.98,1217,2023-09-22
2023-09-23 00:15:00,174.98,175,174.98,174.98,7045,2023-09-22
2023-09-23 00:20:00,174.98,175,174.94,175,4459,2023-09-22
2023-09-23 00:25:00,174.98,175,174.98,174.99,2112,2023-09-22
2023-09-23 00:30:00,174.98,175,174.98,175,3270,2023-09-22
2023-09-23 00:35:00,174.79,174.79,174.79,174.79,19276,2023-09-22
2023-09-23 00:40:00,174.959,174.96,174.9588,174.96,1753,2023-09-22
2023-09-23 00:45:00,174.95,174.95,174.95,174.95,1057,2023-09-22
2023-09-23 00:50:00,174.93,174.93,174.9,174.91,4191,2023-09-22
2023-09-23 00:55:00,174.92,174.95,174.92,174.95,343,2023-09-22
2023-09-23 01:00:00,174.9202,174.94,174.92,174.9228,951,2023-09-22
2023-09-23 01:05:00,174.9333,174.9333,174.92,174.92,4552,2023-09-22
2023-09-23 01:10:00,174.9201,174.957,174.92,174.957,553,2023-09-22
2023-09-23 01:15:00,174.92,174.95,174.92,174.95,934,2023-09-22
2023-09-23 01:20:00,174.95,174.96,174.95,174.96,1265,2023-09-22
2023-09-23 01:25:00,174.99,175,174.99,175,1034,2023-09-22
2023-09-23 01:30:00,174.98,174.9903,174.96,174.98,4916,2023-09-22
2023-09-23 01:35:00,174.97,174.97,174.9225,174.94,3686,2023-09-22
2023-09-23 01:40:00,174.93,174.94,174.93,174.94,566,2023-09-22
2023-09-23 01:45:00,174.91,174.9799,174.91,174.9799,1239,2023-09-22
2023-09-23 01:50:00,174.92,174.98,174.92,174.96,1467,2023-09-22
2023-09-23 01:55:00,174.93,174.93,174.93,174.93,2789,2023-09-22
2023-09-23 02:00:00,174.97,174.97,174.97,174.97,430,2023-09-22
2023-09-23 02:05:00,174.98,175.02,174.97,175.01,5607,2023-09-22
2023-09-23 02:10:00,175.03,175.2,175.03,175.2,12513,2023-09-22
2023-09-23 02:15:00,175.05,175.08,175.01,175.08,4585,2023-09-22
2023-09-23 02:20:00,175.01,175.04,175.01,175.04,1029,2023-09-22
2023-09-23 02:25:00,175.06,175.08,175.05,175.05,778,2023-09-22
2023-09-23 02:30:00,175.07,175.09,175.07,175.09,425,2023-09-22
2023-09-23 02:35:00,175.08,175.08,175.08,175.08,356,2023-09-22
2023-09-23 02:40:00,175.09,175.09,175.09,175.09,184,2023-09-22
2023-09-23 02:45:00,175.07,175.07,175.07,175.07,1540,2023-09-22
2023-09-23 02:50:00,175.1,175.1,174.9,174.98,9707,2023-09-22
2023-09-23 02:55:00,174.95,174.98,174.95,174.95,2885,2023-09-22
2023-09-25 11:00:00,175.58,175.58,175.29,175.3,6402,2023-09-25
2023-09-25 11:05:00,175.28,175.29,175.24,175.24,2239,2023-09-25
2023-09-25 11:10:00,175.26,175.27,175.24,175.24,5167,2023-09-25
2023-09-25 11:15:00,175.2,175.2,175.12,175.2,2376,2023-09-25
2023-09-25 11:20:00,175.14,175.15,175.12,175.12,3325,2023-09-25
2023-09-25 11:25:00,175.14,175.14,174.94,174.94,7720,2023-09-25
2023-09-25 11:30:00,174.81,174.81,174.71,174.71,3733,2023-09-25
2023-09-25 11:35:00,174.72,174.72,174.36,174.6,12393,2023-09-25
2023-09-25 11:40:00,174.5,174.5,174.1,174.1,7419,2023-09-25
2023-09-25 11:45:00,174.02,174.23,173.99,174.23,14468,2023-09-25
2023-09-25 11:50:00,174.35,174.4,174.35,174.35,4195,2023-09-25
2023-09-25 11:55:00,174.47,174.5,174.46,174.47,1549,2023-09-25
2023-09-25 12:00:00,174.52,174.56,174.52,174.55,3445,2023-09-25
2023-09-25 12:05:00,174.72,174.8,174.5,174.57,10332,2023-09-25
2023-09-25 12:10:00,174.57,174.57,174.47,174.47,1390,2023-09-25
2023-09-25 12:15:00,174.5,174.5,174.45,174.45,2817,2023-09-25
2023-09-25 12:20:00,174.56,174.59,174.56,174.59,1477,2023-09-25
2023-09-25 12:25:00,174.45,174.45,174.45,174.45,662,2023-09-25
2023-09-25 12:40:00,174.42,174.42,174.34,174.4,4510,2023-09-25
2023-09-25 12:45:00,174.4,174.47,174.4,174.47,2871,2023-09-25
2023-09-25 12:50:00,174.57,174.69,174.54,174.69,3636,2023-09-25
2023-09-25 12:55:00,174.78,174.78,174.76,174.76,768,2023-09-25
2023-09-25 13:00:00,174.8,174.8,174.76,174.77,2571,2023-09-25
2023-09-25 13:05:00,174.75,174.78,174.66,174.66,3876,2023-09-25
2023-09-25 13:10:00,174.72,174.72,174.7,174.71,1761,2023-09-25
2023-09-25 13:15:00,174.72,174.8,174.72,174.8,3797,2023-09-25
2023-09-25 13:20:00,174.9,174.93,174.83,174.83,6936,2023-09-25
2023-09-25 13:25:00,174.85,174.85,174.81,174.81,1554,2023-09-25
2023-09-25 13:30:00,174.89,174.91,174.84,174.84,7411,2023-09-25
2023-09-25 13:35:00,174.86,174.86,174.67,174.8,7896,2023-09-25
2023-09-25 13:40:00,174.8,174.8,174.74,174.8,4259,2023-09-25
2023-09-25 13:55:00,174.89,174.89,174.89,174.89,304,2023-09-25
2023-09-25 14:00:00,174.93,174.96,174.89,174.9,9794,2023-09-25
2023-09-25 14:05:00,174.9,175.17,174.9,175.17,13174,2023-09-25
2023-09-25 14:10:00,175.17,175.17,175,175.08,9799,2023-09-25
2023-09-25 14:15:00,175.15,175.15,175,175,6688,2023-09-25
2023-09-25 14:20:00,175,175.05,175,175,4272,2023-09-25
2023-09-25 14:25:00,174.91,174.95,174.9,174.95,6462,2023-09-25
2023-09-25 14:30:00,174.95,174.95,174.65,174.65,5212,2023-09-25
2023-09-25 14:35:00,174.65,174.83,174.65,174.83,2699,2023-09-25
2023-09-25 14:40:00,174.77,174.77,174.53,174.53,4408,2023-09-25
2023-09-25 14:45:00,174.5,174.5,174.35,174.35,5969,2023-09-25
2023-09-25 14:50:00,174.35,174.45,174.31,174.44,4153,2023-09-25
2023-09-25 14:55:00,174.5,174.5,174.46,174.46,862,2023-09-25
2023-09-25 15:00:00,174.5,175.57,174.3,174.4,64401,2023-09-25
2023-09-25 15:05:00,174.49,174.6,174.49,174.6,3835,2023-09-25
2023-09-25 15:10:00,174.5031,174.7,174.5,174.7,5867,2023-09-25
2023-09-25 15:15:00,174.62,174.6568,174.44,174.44,6464,2023-09-25
2023-09-25 15:20:00,174.5,174.5,174.25,174.4,9002,2023-09-25
2023-09-25 15:25:00,174.39,174.4,174.2,174.4,22720,2023-09-25
2023-09-25 15:30:00,174.45,174.56,174.45,174.5,9788,2023-09-25
2023-09-25 15:35:00,174.454,174.79,174.454,174.71,10962,2023-09-25
2023-09-25 15:40:00,174.65,174.9,174.55,174.9,10542,2023-09-25
2023-09-25 15:45:00,174.9,175.1,174.8,174.9,15294,2023-09-25
2023-09-25 15:50:00,174.9,174.9792,174.86,174.9,7327,2023-09-25
2023-09-25 15:55:00,174.86,174.91,174.55,174.67,11940,2023-09-25
2023-09-25 16:00:00,174.62,174.7,174.5,174.5,25045,2023-09-25
2023-09-25 16:05:00,174.53,174.53,174.21,174.3,27120,2023-09-25
2023-09-25 16:10:00,174.25,174.44,174.22,174.44,24655,2023-09-25
2023-09-25 16:15:00,174.44,174.7064,174.4309,174.7064,10292,2023-09-25
2023-09-25 16:20:00,174.59,174.65,174.45,174.65,12623,2023-09-25
2023-09-25 16:25:00,174.55,174.55,174.07,174.11,95743,2023-09-25
2023-09-25 16:30:00,174.2,175.14,174.15,174.5488,2134347.0,2023-09-25
2023-09-25 16:35:00,174.55,174.83,174.27,174.66,791395,2023-09-25
2023-09-25 16:40:00,174.66,174.94,174.61,174.6135,851496,2023-09-25
2023-09-25 16:45:00,174.635,174.85,174.4,174.74,820333,2023-09-25
2023-09-25 16:50:00,174.73,175.08,174.68,174.94,716923,2023-09-25
2023-09-25 16:55:00,174.94,175.505,174.91,175.34,823740,2023-09-25
2023-09-25 17:00:00,175.35,175.55,175.08,175.13,716796,2023-09-25
2023-09-25 17:05:00,175.12,175.3594,174.94,174.9901,517371,2023-09-25
2023-09-25 17:10:00,174.975,175.15,174.925,175.07,529484,2023-09-25
2023-09-25 17:15:00,175.05,175.1499,174.76,174.775,617821,2023-09-25
2023-09-25 17:20:00,174.78,174.86,174.42,174.44,621394,2023-09-25
2023-09-25 17:25:00,174.4399,174.57,174.21,174.47,595684,2023-09-25
2023-09-25 17:30:00,174.46,174.92,174.37,174.7599,575053,2023-09-25
2023-09-25 17:35:00,174.76,174.9299,174.66,174.8601,478204,2023-09-25
2023-09-25 17:40:00,174.865,174.99,174.76,174.95,380928,2023-09-25
2023-09-25 17:45:00,174.95,175.2193,174.95,175.02,499931,2023-09-25
2023-09-25 17:50:00,175.03,175.097,174.77,175.03,469082,2023-09-25
2023-09-25 17:55:00,175.04,175.085,174.87,174.88,426494,2023-09-25
2023-09-25 18:00:00,174.89,175.17,174.87,175.15,516958,2023-09-25
2023-09-25 18:05:00,175.15,175.78,175.14,175.705,673471,2023-09-25
2023-09-25 18:10:00,175.705,175.91,175.64,175.8983,557113,2023-09-25
2023-09-25 18:15:00,175.9,176.34,175.86,176.28,890110,2023-09-25
2023-09-25 18:20:00,176.29,176.4361,176.16,176.405,640501,2023-09-25
2023-09-25 18:25:00,176.409,176.54,176.2415,176.27,581969,2023-09-25
2023-09-25 18:30:00,176.288,176.35,176.08,176.15,510771,2023-09-25
2023-09-25 18:35:00,176.16,176.25,176.11,176.14,302804,2023-09-25
2023-09-25 18:40:00,176.1401,176.4727,176.07,176.345,504670,2023-09-25
2023-09-25 18:45:00,176.345,176.49,176.2,176.23,556353,2023-09-25
2023-09-25 18:50:00,176.24,176.28,176,176.03,503019,2023-09-25
2023-09-25 18:55:00,176.021,176.1,175.88,176.03,437769,2023-09-25
2023-09-25 19:00:00,176.04,176.12,175.88,175.9299,266457,2023-09-25
2023-09-25 19:05:00,175.9282,176.22,175.89,176.085,405694,2023-09-25
2023-09-25 19:10:00,176.09,176.44,175.97,176.38,544451,2023-09-25
2023-09-25 19:15:00,176.385,176.78,176.36,176.7201,580686,2023-09-25
2023-09-25 19:20:00,176.7201,176.97,176.69,176.8925,619715,2023-09-25
2023-09-25 19:25:00,176.9,176.94,176.83,176.88,289147,2023-09-25
2023-09-25 19:30:00,176.885,176.91,176.65,176.69,467206,2023-09-25
2023-09-25 19:35:00,176.6821,176.7,176.53,176.58,357657,2023-09-25
2023-09-25 19:40:00,176.5784,176.6791,176.53,176.53,313642,2023-09-25
2023-09-25 19:45:00,176.5301,176.5799,176.41,176.45,326273,2023-09-25
2023-09-25 19:50:00,176.45,176.45,176.13,176.3401,408423,2023-09-25
2023-09-25 19:55:00,176.34,176.3599,176.17,176.29,288266,2023-09-25
2023-09-25 20:00:00,176.28,176.28,176.04,176.0783,309158,2023-09-25
2023-09-25 20:05:00,176.0711,176.55,176.065,176.52,408315,2023-09-25
2023-09-25 20:10:00,176.53,176.8,176.5,176.695,543310,2023-09-25
2023-09-25 20:15:00,176.6919,176.73,176.3786,176.42,308689,2023-09-25
2023-09-25 20:20:00,176.42,176.48,176.29,176.3299,293837,2023-09-25
2023-09-25 20:25:00,176.33,176.37,176.08,176.13,320631,2023-09-25
2023-09-25 20:30:00,176.15,176.22,176.06,176.1885,303488,2023-09-25
2023-09-25 20:35:00,176.18,176.3,176.09,176.2993,268434,2023-09-25
2023-09-25 20:40:00,176.29,176.315,176.05,176.0799,246571,2023-09-25
2023-09-25 20:45:00,176.07,176.158,175.88,176.1,382580,2023-09-25
2023-09-25 20:50:00,176.09,176.34,176.0801,176.19,569912,2023-09-25
2023-09-25 20:55:00,176.17,176.2703,176.102,176.26,273466,2023-09-25
2023-09-25 21:00:00,176.27,176.35,176.15,176.24,390209,2023-09-25
2023-09-25 21:05:00,176.245,176.3676,175.9601,175.98,349059,2023-09-25
2023-09-25 21:10:00,175.98,176.07,175.9215,175.975,244894,2023-09-25
2023-09-25 21:15:00,175.96,176.01,175.7404,175.88,344292,2023-09-25
2023-09-25 21:20:00,175.87,175.938,175.68,175.72,298433,2023-09-25
2023-09-25 21:25:00,175.72,175.92,175.71,175.775,283291,2023-09-25
2023-09-25 21:30:00,175.7701,175.9,175.66,175.83,330414,2023-09-25
2023-09-25 21:35:00,175.82,176.129,175.82,175.95,439226,2023-09-25
2023-09-25 21:40:00,175.95,176.02,175.72,175.78,380687,2023-09-25
2023-09-25 21:45:00,175.781,175.85,175.61,175.69,289632,2023-09-25
2023-09-25 21:50:00,175.68,175.7658,175.51,175.645,410207,2023-09-25
2023-09-25 21:55:00,175.64,175.688,175.48,175.55,372393,2023-09-25
2023-09-25 22:00:00,175.555,175.59,175.16,175.275,527555,2023-09-25
2023-09-25 22:05:00,175.275,175.3,174.97,175.055,589991,2023-09-25
2023-09-25 22:10:00,175.04,175.29,175.01,175.2699,550201,2023-09-25
2023-09-25 22:15:00,175.26,175.68,175.2428,175.5459,740992,2023-09-25
2023-09-25 22:20:00,175.535,175.65,175.43,175.51,504376,2023-09-25
2023-09-25 22:25:00,175.51,175.6168,175.35,175.6105,409630,2023-09-25
2023-09-25 22:30:00,175.61,175.665,175.4601,175.57,525006,2023-09-25
2023-09-25 22:35:00,175.57,175.78,175.49,175.75,531293,2023-09-25
2023-09-25 22:40:00,175.75,175.81,175.46,175.485,491916,2023-09-25
2023-09-25 22:45:00,175.485,175.7,175.44,175.645,440745,2023-09-25
2023-09-25 22:50:00,175.645,175.9,175.37,175.485,895005,2023-09-25
2023-09-25 22:55:00,175.48,176.15,175.47,176.09,1824965.0,2023-09-25
2023-09-25 23:00:00,176.08,176.5,176.08,176.09,202212,2023-09-25
2023-09-25 23:05:00,176.15,176.29,176.08,176.18,105090,2023-09-25
2023-09-25 23:10:00,176.08,176.23,176.08,176.2,20932,2023-09-25
2023-09-25 23:15:00,176.2,176.27,176.2,176.25,3566,2023-09-25
2023-09-25 23:20:00,176.24,176.38,176.2,176.2,25215,2023-09-25
2023-09-25 23:25:00,176.23,176.23,176.2,176.21,616,2023-09-25
2023-09-25 23:30:00,176.24,176.24,176.22,176.22,1912,2023-09-25
2023-09-25 23:35:00,176.24,176.38,176.24,176.28,6426,2023-09-25
2023-09-25 23:40:00,176.28,176.32,176.27,176.3,2607,2023-09-25
2023-09-25 23:45:00,176.31,176.31,176.31,176.31,3397,2023-09-25
2023-09-25 23:50:00,176.32,176.33,176.08,176.32,34429,2023-09-25
2023-09-25 23:55:00,176.3,176.34,176.29,176.29,2150,2023-09-25
2023-09-26 00:00:00,176.32,176.32,176.25,176.25,6547,2023-09-25
2023-09-26 00:05:00,176.24,176.25,176.21,176.23,10893,2023-09-25
2023-09-26 00:10:00,176.2,176.22,176.1203,176.17,8520,2023-09-25
2023-09-26 00:15:00,176.17,176.19,176.0954,176.0954,6328,2023-09-25
2023-09-26 00:20:00,176.1,176.12,176.08,176.12,5745,2023-09-25
2023-09-26 00:25:00,176.11,176.14,176.08,176.08,2946,2023-09-25
2023-09-26 00:30:00,176.12,176.16,176.12,176.16,1148,2023-09-25
2023-09-26 00:35:00,176.1187,176.15,176.11,176.15,2378,2023-09-25
2023-09-26 00:40:00,176.14,176.15,176.14,176.15,943,2023-09-25
2023-09-26 00:45:00,176.15,176.15,176.15,176.15,228,2023-09-25
2023-09-26 00:50:00,176.15,176.15,176.15,176.15,346,2023-09-25
2023-09-26 00:55:00,176.2,176.2,176.15,176.16,925,2023-09-25
2023-09-26 01:00:00,176.15,176.17,176.14,176.14,3834,2023-09-25
2023-09-26 01:05:00,176.15,176.18,176.15,176.18,305,2023-09-25
2023-09-26 01:10:00,176.19,176.1945,176.15,176.16,1794,2023-09-25
2023-09-26 01:15:00,176.11,176.13,176.11,176.11,1437,2023-09-25
2023-09-26 01:20:00,176.11,176.1499,176.11,176.1499,919,2023-09-25
2023-09-26 01:25:00,176.1301,176.19,176.1301,176.19,3172,2023-09-25
2023-09-26 01:30:00,176.18,176.18,176.18,176.18,133,2023-09-25
2023-09-26 01:35:00,176.14,176.2,176.14,176.2,1693,2023-09-25
2023-09-26 01:40:00,176.2,176.2,176.19,176.19,519,2023-09-25
2023-09-26 01:45:00,176.2,176.2,176.2,176.2,911,2023-09-25
2023-09-26 01:50:00,176.18,176.18,176.14,176.18,1332,2023-09-25
2023-09-26 01:55:00,176.1415,176.1415,176.1415,176.1415,165,2023-09-25
2023-09-26 02:00:00,176.14,176.17,176.11,176.17,846,2023-09-25
2023-09-26 02:05:00,176.12,176.12,176.08,176.08,5650,2023-09-25
2023-09-26 02:10:00,176.08,176.08,175.97,176,8340,2023-09-25
2023-09-26 02:15:00,176.08,176.08,176.06,176.08,1629,2023-09-25
2023-09-26 02:20:00,176.11,176.11,176.0988,176.1,1212,2023-09-25
2023-09-26 02:25:00,176.06,176.06,176.06,176.06,1072,2023-09-25
2023-09-26 02:35:00,176.09,176.09,176.05,176.05,962,2023-09-25
2023-09-26 02:40:00,176.09,176.1,176.08,176.1,1096,2023-09-25
2023-09-26 02:45:00,176.1,176.13,176.08,176.13,7594,2023-09-25
2023-09-26 02:50:00,176.12,176.12,176.1,176.1,1882,2023-09-25
2023-09-26 02:55:00,176.1,176.14,176.05,176.13,7540,2023-09-25
2023-09-26 11:00:00,175.19,175.28,175.09,175.17,6682,2023-09-26
2023-09-26 11:05:00,175.17,175.17,175.06,175.06,2117,2023-09-26
2023-09-26 11:10:00,175.1,175.2,175.1,175.2,3967,2023-09-26
2023-09-26 11:15:00,175.25,175.25,175.25,175.25,583,2023-09-26
2023-09-26 11:20:00,175.28,175.34,175.25,175.34,4863,2023-09-26
2023-09-26 11:25:00,175.27,175.28,175.2,175.2,3043,2023-09-26
2023-09-26 11:30:00,175.2,175.21,175.14,175.15,2302,2023-09-26
2023-09-26 11:35:00,175.18,175.18,175.11,175.14,1812,2023-09-26
2023-09-26 11:40:00,175.04,175.04,175.04,175.04,377,2023-09-26
2023-09-26 11:45:00,175.02,175.03,175,175,3589,2023-09-26
2023-09-26 11:50:00,175.02,175.02,175.02,175.02,1266,2023-09-26
2023-09-26 11:55:00,175.02,175.02,174.98,174.98,622,2023-09-26
2023-09-26 12:05:00,175.01,175.01,174.96,174.96,1265,2023-09-26
2023-09-26 12:20:00,175.04,175.08,175.04,175.08,619,2023-09-26
2023-09-26 12:25:00,175.1,175.1,175.05,175.05,1502,2023-09-26
2023-09-26 12:30:00,175.1,175.14,175.1,175.14,1147,2023-09-26
2023-09-26 12:35:00,175.14,175.14,175.14,175.14,100,2023-09-26
2023-09-26 12:40:00,175.1,175.1,175.09,175.09,741,2023-09-26
2023-09-26 12:45:00,175.02,175.02,175.01,175.01,1272,2023-09-26
2023-09-26 12:50:00,175.01,175.01,174.96,174.96,2494,2023-09-26
2023-09-26 12:55:00,174.95,174.95,174.93,174.95,959,2023-09-26
2023-09-26 13:00:00,175.1,175.1,175.1,175.1,315,2023-09-26
2023-09-26 13:05:00,175.08,175.08,175.08,175.08,821,2023-09-26
2023-09-26 13:10:00,175.01,175.01,175,175,1735,2023-09-26
2023-09-26 13:15:00,175.15,175.22,175.06,175.19,3076,2023-09-26
2023-09-26 13:35:00,175.1,175.18,175.1,175.16,1502,2023-09-26
2023-09-26 13:45:00,175.13,175.13,175.13,175.13,127,2023-09-26
2023-09-26 13:55:00,175.24,175.29,175.24,175.29,2698,2023-09-26
2023-09-26 14:00:00,175.32,175.34,175.24,175.25,4225,2023-09-26
2023-09-26 14:05:00,175.2,175.2,175.04,175.08,8957,2023-09-26
2023-09-26 14:10:00,175.08,175.08,175.06,175.07,1759,2023-09-26
2023-09-26 14:15:00,175.11,175.17,175.11,175.17,1889,2023-09-26
2023-09-26 14:20:00,175.2,175.2,175.2,175.2,2710,2023-09-26
2023-09-26 14:25:00,175.25,175.37,175.25,175.36,2499,2023-09-26
2023-09-26 14:30:00,175.34,175.37,175.3,175.37,2478,2023-09-26
2023-09-26 14:35:00,175.43,175.51,175.43,175.51,2056,2023-09-26
2023-09-26 14:40:00,175.48,175.48,175.45,175.45,1022,2023-09-26
2023-09-26 14:45:00,175.45,175.45,175.36,175.36,1796,2023-09-26
2023-09-26 14:50:00,175.35,175.4,175.35,175.4,3253,2023-09-26
2023-09-26 14:55:00,175.43,175.43,175.42,175.42,508,2023-09-26
2023-09-26 15:00:00,175.2,175.5927,174.85,175.47,50590,2023-09-26
2023-09-26 15:05:00,175.44,175.45,175.35,175.4,5869,2023-09-26
2023-09-26 15:10:00,175.36,175.36,175.3,175.3,3046,2023-09-26
2023-09-26 15:15:00,175.3005,175.48,175.3,175.47,5516,2023-09-26
2023-09-26 15:20:00,175.47,175.48,175.35,175.35,7114,2023-09-26
2023-09-26 15:25:00,175.3,175.31,175.2,175.31,13812,2023-09-26
2023-09-26 15:30:00,175.31,175.35,175.1,175.1,13819,2023-09-26
2023-09-26 15:35:00,175.15,175.25,175.1,175.1505,8005,2023-09-26
2023-09-26 15:40:00,175.15,175.23,175.06,175.23,16025,2023-09-26
2023-09-26 15:45:00,175.2,175.2,175.04,175.05,12270,2023-09-26
2023-09-26 15:50:00,175.05,175.15,175.03,175.15,9965,2023-09-26
2023-09-26 15:55:00,175.15,175.15,175.03,175.15,6109,2023-09-26
2023-09-26 16:00:00,175.0322,175.1,175.02,175.08,6662,2023-09-26
2023-09-26 16:05:00,175.04,175.1213,174.93,174.95,26524,2023-09-26
2023-09-26 16:10:00,174.94,174.95,174.87,174.93,15869,2023-09-26
2023-09-26 16:15:00,174.9,175,174.85,174.85,9472,2023-09-26
2023-09-26 16:20:00,174.83,174.91,174.8,174.9,10541,2023-09-26
2023-09-26 16:25:00,174.84,174.99,174.59,174.82,52778,2023-09-26
2023-09-26 16:30:00,174.82,175.2,174.32,174.42,1662662.0,2023-09-26
2023-09-26 16:35:00,174.43,174.68,174.25,174.575,1290083.0,2023-09-26
2023-09-26 16:40:00,174.57,174.69,174.31,174.46,1124456.0,2023-09-26
2023-09-26 16:45:00,174.47,174.5,173.84,173.88,1425314.0,2023-09-26
2023-09-26 16:50:00,173.87,173.88,173.31,173.435,1625886.0,2023-09-26
2023-09-26 16:55:00,173.44,173.49,172.93,173.04,1598053.0,2023-09-26
2023-09-26 17:00:00,173.04,173.35,172.94,172.95,1403457.0,2023-09-26
2023-09-26 17:05:00,172.94,173.46,172.94,173.2665,1085325.0,2023-09-26
2023-09-26 17:10:00,173.27,173.38,172.71,172.75,1045815.0,2023-09-26
2023-09-26 17:15:00,172.76,172.85,172.48,172.61,1259686.0,2023-09-26
2023-09-26 17:20:00,172.6197,172.96,172.54,172.9399,987249,2023-09-26
2023-09-26 17:25:00,172.9306,173.18,172.8,173.1,901865,2023-09-26
2023-09-26 17:30:00,173.09,173.095,172.69,172.83,870032,2023-09-26
2023-09-26 17:35:00,172.83,173.0911,172.72,173.0683,853310,2023-09-26
2023-09-26 17:40:00,173.06,173.45,173.01,173.43,668681,2023-09-26
2023-09-26 17:45:00,173.438,173.65,172.88,172.88,975863,2023-09-26
2023-09-26 17:50:00,172.885,173.05,172.72,172.8,683002,2023-09-26
2023-09-26 17:55:00,172.81,173.0001,172.73,172.77,609785,2023-09-26
2023-09-26 18:00:00,172.77,172.91,172.661,172.86,442282,2023-09-26
2023-09-26 18:05:00,172.86,172.9,172.6,172.615,550959,2023-09-26
2023-09-26 18:10:00,172.615,172.63,172.415,172.5,699573,2023-09-26
2023-09-26 18:15:00,172.4999,172.7,172.44,172.64,540871,2023-09-26
2023-09-26 18:20:00,172.64,172.82,172.54,172.67,595757,2023-09-26
2023-09-26 18:25:00,172.68,172.78,172.5601,172.57,414247,2023-09-26
2023-09-26 18:30:00,172.58,172.905,172.53,172.8089,678696,2023-09-26
2023-09-26 18:35:00,172.79,173.12,172.78,172.97,528856,2023-09-26
2023-09-26 18:40:00,172.97,173.12,172.86,173.031,510208,2023-09-26
2023-09-26 18:45:00,173.03,173.19,172.88,173.005,468685,2023-09-26
2023-09-26 18:50:00,173.0038,173.0238,172.76,172.7774,475854,2023-09-26
2023-09-26 18:55:00,172.77,172.91,172.71,172.86,302390,2023-09-26
2023-09-26 19:00:00,172.8599,172.9699,172.7,172.7209,274768,2023-09-26
2023-09-26 19:05:00,172.7209,172.935,172.605,172.9199,430352,2023-09-26
2023-09-26 19:10:00,172.9,172.9852,172.84,172.8647,324007,2023-09-26
2023-09-26 19:15:00,172.85,173.04,172.68,172.69,419417,2023-09-26
2023-09-26 19:20:00,172.695,172.94,172.52,172.935,583238,2023-09-26
2023-09-26 19:25:00,172.9399,173.02,172.88,173.01,342525,2023-09-26
2023-09-26 19:30:00,173.01,173.18,172.9,173.011,320021,2023-09-26
2023-09-26 19:35:00,173.01,173.2299,173,173.2109,236462,2023-09-26
2023-09-26 19:40:00,173.21,173.2667,173.04,173.095,309776,2023-09-26
2023-09-26 19:45:00,173.09,173.21,173,173.185,301562,2023-09-26
2023-09-26 19:50:00,173.18,173.36,173.1501,173.305,272267,2023-09-26
2023-09-26 19:55:00,173.3,173.35,173.1813,173.21,227696,2023-09-26
2023-09-26 20:00:00,173.21,173.52,173.17,173.375,443761,2023-09-26
2023-09-26 20:05:00,173.38,173.3899,172.9601,173.35,628721,2023-09-26
2023-09-26 20:10:00,173.35,173.53,173.32,173.45,322090,2023-09-26
2023-09-26 20:15:00,173.45,173.51,173.1897,173.2,316674,2023-09-26
2023-09-26 20:20:00,173.2,173.26,173.075,173.079,372608,2023-09-26
2023-09-26 20:25:00,173.08,173.139,172.845,172.845,442817,2023-09-26
2023-09-26 20:30:00,172.855,173.005,172.81,172.885,352437,2023-09-26
2023-09-26 20:35:00,172.885,172.94,172.645,172.69,376091,2023-09-26
2023-09-26 20:40:00,172.69,172.71,172.56,172.63,343209,2023-09-26
2023-09-26 20:45:00,172.6351,172.7,172.56,172.59,329750,2023-09-26
2023-09-26 20:50:00,172.58,172.92,172.57,172.795,551499,2023-09-26
2023-09-26 20:55:00,172.79,172.83,172.71,172.8,382586,2023-09-26
2023-09-26 21:00:00,172.795,172.8048,172.63,172.69,372622,2023-09-26
2023-09-26 21:05:00,172.695,172.87,172.69,172.72,345880,2023-09-26
2023-09-26 21:10:00,172.71,172.83,172.54,172.63,460602,2023-09-26
2023-09-26 21:15:00,172.62,172.67,172.475,172.4808,625696,2023-09-26
2023-09-26 21:20:00,172.48,172.6299,172.43,172.56,595958,2023-09-26
2023-09-26 21:25:00,172.5599,172.5954,172.22,172.305,540907,2023-09-26
2023-09-26 21:30:00,172.3,172.44,172.21,172.3601,549340,2023-09-26
2023-09-26 21:35:00,172.365,172.405,172.19,172.2411,429336,2023-09-26
2023-09-26 21:40:00,172.242,172.3084,172.09,172.145,534062,2023-09-26
2023-09-26 21:45:00,172.14,172.24,172.08,172.195,463604,2023-09-26
2023-09-26 21:50:00,172.2,172.24,172.06,172.1,470735,2023-09-26
2023-09-26 21:55:00,172.1,172.27,172.03,172.26,651571,2023-09-26
2023-09-26 22:00:00,172.2579,172.27,172.04,172.13,522893,2023-09-26
2023-09-26 22:05:00,172.125,172.32,172.05,172.305,615045,2023-09-26
2023-09-26 22:10:00,172.3,172.35,172.09,172.105,560715,2023-09-26
2023-09-26 22:15:00,172.11,172.14,171.82,171.92,1083714.0,2023-09-26
2023-09-26 22:20:00,171.925,171.925,171.71,171.79,776297,2023-09-26
2023-09-26 22:25:00,171.79,171.84,171.66,171.74,712554,2023-09-26
2023-09-26 22:30:00,171.74,171.9087,171.72,171.7574,618252,2023-09-26
2023-09-26 22:35:00,171.76,172.0665,171.74,172.06,617445,2023-09-26
2023-09-26 22:40:00,172.06,172.28,172.03,172.2676,783558,2023-09-26
2023-09-26 22:45:00,172.265,172.33,171.95,171.9632,957273,2023-09-26
2023-09-26 22:50:00,171.97,172.2175,171.81,172.1,1623385.0,2023-09-26
2023-09-26 22:55:00,172.09,172.31,171.89,171.9,3954710.0,2023-09-26
2023-09-26 23:00:00,171.92,172.01,171.9,171.96,574118,2023-09-26
2023-09-26 23:05:00,171.97,172.21,171.92,172.2,358013,2023-09-26
2023-09-26 23:10:00,172.18,172.29,172.11,172.15,14990,2023-09-26
2023-09-26 23:15:00,172.15,172.15,172.04,172.04,11707,2023-09-26
2023-09-26 23:20:00,172.05,172.2,171.96,172.16,61639,2023-09-26
2023-09-26 23:25:00,172.16,172.18,172.15,172.16,11988,2023-09-26
2023-09-26 23:30:00,172.18,172.19,172.15,172.15,4841,2023-09-26
2023-09-26 23:35:00,172.15,172.2,171.96,172.2,112527,2023-09-26
2023-09-26 23:40:00,172.18,172.3,172.18,172.21,10367,2023-09-26
2023-09-26 23:45:00,172.21,172.22,171.96,171.96,47511,2023-09-26
2023-09-26 23:50:00,172.2098,172.21,172.2,172.2,2726,2023-09-26
2023-09-26 23:55:00,172.2,172.22,172.1825,172.2,4438,2023-09-26
2023-09-27 00:00:00,172.1999,172.1999,172.16,172.17,3761,2023-09-26
2023-09-27 00:05:00,172.16,172.23,172.13,172.22,15164,2023-09-26
2023-09-27 00:10:00,172.2,172.23,172.18,172.2099,1979,2023-09-26
2023-09-27 00:15:00,172.21,172.21,172.18,172.2,3736,2023-09-26
2023-09-27 00:20:00,172.2,172.2,172.18,172.2,15114,2023-09-26
2023-09-27 00:25:00,172.21,172.21,172.21,172.21,1025,2023-09-26
2023-09-27 00:30:00,172.2,172.2096,172.2,172.2096,756,2023-09-26
2023-09-27 00:35:00,172.2,172.2,171.99,172.15,39596,2023-09-26
2023-09-27 00:40:00,172.14,172.14,172.1,172.12,2295,2023-09-26
2023-09-27 00:45:00,172.1185,172.12,172.07,172.07,1408,2023-09-26
2023-09-27 00:50:00,172.07,172.07,172.07,172.07,498,2023-09-26
2023-09-27 00:55:00,172.12,172.12,172.11,172.11,2383,2023-09-26
2023-09-27 01:00:00,172.11,172.17,172.1,172.1,2731,2023-09-26
2023-09-27 01:05:00,172.07,172.08,172,172.0101,6233,2023-09-26
2023-09-27 01:10:00,172.08,172.1,172.05,172.1,3048,2023-09-26
2023-09-27 01:15:00,172.06,172.06,172.06,172.06,508,2023-09-26
2023-09-27 01:20:00,172.0243,172.05,172.0243,172.05,1157,2023-09-26
2023-09-27 01:25:00,172.07,172.07,172.0687,172.0687,575,2023-09-26
2023-09-27 01:30:00,172.07,172.19,172.07,172.18,13128,2023-09-26
2023-09-27 01:35:00,172.13,172.13,172.0934,172.0934,2366,2023-09-26
2023-09-27 01:40:00,172.06,172.1322,172.06,172.1322,1977,2023-09-26
2023-09-27 01:45:00,172.14,172.14,172.05,172.05,859,2023-09-26
2023-09-27 01:50:00,172.07,172.07,172.04,172.0604,2220,2023-09-26
2023-09-27 01:55:00,172.07,172.07,172.02,172.02,2894,2023-09-26
2023-09-27 02:00:00,172.06,172.06,172.06,172.06,303,2023-09-26
2023-09-27 02:05:00,172.07,172.07,172.04,172.04,1016,2023-09-26
2023-09-27 02:10:00,172.06,172.15,172.0401,172.0401,7001,2023-09-26
2023-09-27 02:15:00,172.15,172.28,172.1,172.28,4421,2023-09-26
2023-09-27 02:20:00,172.11,172.11,172.11,172.11,338,2023-09-26
2023-09-27 02:25:00,172.12,172.19,172.11,172.19,2290,2023-09-26
2023-09-27 02:30:00,172.28,172.28,172.23,172.23,761,2023-09-26
2023-09-27 02:35:00,172.21,172.32,172.21,172.32,2100,2023-09-26
2023-09-27 02:40:00,172.29,172.29,172.2,172.2,864,2023-09-26
2023-09-27 02:45:00,172.2499,172.29,172.21,172.29,2556,2023-09-26
2023-09-27 02:50:00,172.25,172.26,172.16,172.17,3594,2023-09-26
2023-09-27 02:55:00,172.2,172.4,172.17,172.36,12494,2023-09-26
2023-09-27 11:00:00,172.71,173.32,172.5,172.99,14852,2023-09-27
2023-09-27 11:05:00,172.95,173,172.86,172.98,6919,2023-09-27
2023-09-27 11:10:00,173.05,173.05,172.85,172.85,4871,2023-09-27
2023-09-27 11:15:00,172.84,172.88,172.83,172.83,1159,2023-09-27
2023-09-27 11:20:00,172.83,172.89,172.83,172.89,2566,2023-09-27
2023-09-27 11:25:00,172.98,172.98,172.88,172.88,732,2023-09-27
2023-09-27 11:30:00,172.95,173.03,172.95,172.99,2951,2023-09-27
2023-09-27 11:40:00,172.96,172.98,172.96,172.98,2414,2023-09-27
2023-09-27 11:45:00,172.95,172.95,172.95,172.95,930,2023-09-27
2023-09-27 12:05:00,172.9,172.9,172.88,172.88,400,2023-09-27
2023-09-27 12:10:00,172.83,172.83,172.83,172.83,685,2023-09-27
2023-09-27 12:15:00,172.86,172.86,172.86,172.86,1220,2023-09-27
2023-09-27 12:20:00,172.88,172.88,172.88,172.88,347,2023-09-27
2023-09-27 12:30:00,172.88,172.88,172.88,172.88,162,2023-09-27
2023-09-27 12:40:00,172.78,172.78,172.76,172.76,700,2023-09-27
2023-09-27 12:45:00,172.62,172.66,172.62,172.66,3157,2023-09-27
2023-09-27 12:55:00,172.67,172.67,172.67,172.67,330,2023-09-27
2023-09-27 13:00:00,172.69,172.7,172.6,172.6,1551,2023-09-27
2023-09-27 13:05:00,172.62,172.62,172.6,172.6,1219,2023-09-27
2023-09-27 13:10:00,172.55,172.55,172.55,172.55,674,2023-09-27
2023-09-27 13:15:00,172.54,172.65,172.54,172.65,4439,2023-09-27
2023-09-27 13:20:00,172.7,172.7,172.65,172.7,883,2023-09-27
2023-09-27 13:25:00,172.69,172.74,172.69,172.74,1765,2023-09-27
2023-09-27 13:30:00,172.8,172.84,172.8,172.84,720,2023-09-27
2023-09-27 13:35:00,172.83,172.83,172.77,172.77,1209,2023-09-27
2023-09-27 13:40:00,172.72,172.75,172.5,172.5,7624,2023-09-27
2023-09-27 13:45:00,172.51,172.51,172.51,172.51,1252,2023-09-27
2023-09-27 13:50:00,172.6,172.6,172.5,172.6,2156,2023-09-27
2023-09-27 14:00:00,172.65,172.69,172.5,172.51,12134,2023-09-27
2023-09-27 14:05:00,172.6,172.65,172.6,172.65,4473,2023-09-27
2023-09-27 14:10:00,172.65,172.65,172.65,172.65,266,2023-09-27
2023-09-27 14:15:00,172.65,172.65,172.65,172.65,451,2023-09-27
2023-09-27 14:20:00,172.7,172.76,172.68,172.76,3089,2023-09-27
2023-09-27 14:25:00,172.77,172.85,172.74,172.85,13501,2023-09-27
2023-09-27 14:30:00,172.8,172.8,172.65,172.65,5150,2023-09-27
2023-09-27 14:35:00,172.65,172.65,172.55,172.6,32515,2023-09-27
2023-09-27 14:40:00,172.6,172.8,172.6,172.8,20191,2023-09-27
2023-09-27 14:45:00,172.72,172.79,172.71,172.72,5557,2023-09-27
2023-09-27 14:50:00,172.75,172.82,172.75,172.8,3230,2023-09-27
2023-09-27 14:55:00,172.83,172.91,172.83,172.89,6764,2023-09-27
2023-09-27 15:00:00,172.6,173.17,172.3,172.68,85969,2023-09-27
2023-09-27 15:05:00,172.67,172.79,172.65,172.72,4755,2023-09-27
2023-09-27 15:10:00,172.75,172.9,172.75,172.85,20818,2023-09-27
2023-09-27 15:15:00,172.9,172.96,172.87,172.9,13810,2023-09-27
2023-09-27 15:20:00,172.9,172.93,172.65,172.71,41296,2023-09-27
2023-09-27 15:25:00,172.71,172.9,172.7,172.9,10191,2023-09-27
2023-09-27 15:30:00,172.83,173.12,172.59,173,37031,2023-09-27
2023-09-27 15:35:00,172.99,173.05,172.9,172.9,23148,2023-09-27
2023-09-27 15:40:00,172.9,172.9698,172.851,172.95,9048,2023-09-27
2023-09-27 15:45:00,172.95,172.95,172.84,172.8515,9585,2023-09-27
2023-09-27 15:50:00,172.92,172.96,172.82,172.95,18290,2023-09-27
2023-09-27 15:55:00,172.89,173.05,172.88,172.94,15543,2023-09-27
2023-09-27 16:00:00,172.9,172.92,172.78,172.78,21565,2023-09-27
2023-09-27 16:05:00,172.75,173.05,172.6,172.89,36753,2023-09-27
2023-09-27 16:10:00,172.91,172.9642,172.85,172.9642,12103,2023-09-27
2023-09-27 16:15:00,172.92,173,172.89,172.97,8429,2023-09-27
2023-09-27 16:20:00,172.9885,172.9982,172.8,172.85,9426,2023-09-27
2023-09-27 16:25:00,172.85,172.9,172.46,172.56,69528,2023-09-27
2023-09-27 16:30:00,172.62,173.04,171.9901,172.1,1751319.0,2023-09-27
2023-09-27 16:35:00,172.1,172.46,172,172.395,987968,2023-09-27
2023-09-27 16:40:00,172.4,172.69,172.22,172.62,977366,2023-09-27
2023-09-27 16:45:00,172.62,172.81,171.88,171.9912,1247569.0,2023-09-27
2023-09-27 16:50:00,172,172.1,171.79,171.87,1049827.0,2023-09-27
2023-09-27 16:55:00,171.8869,171.985,171.45,171.51,1149417.0,2023-09-27
2023-09-27 17:00:00,171.5,171.66,171.07,171.1201,1293059.0,2023-09-27
2023-09-27 17:05:00,171.1299,171.14,170.77,170.9599,1268481.0,2023-09-27
2023-09-27 17:10:00,170.95,170.955,170.43,170.495,1102082.0,2023-09-27
2023-09-27 17:15:00,170.495,170.6499,170.31,170.6499,1161488.0,2023-09-27
2023-09-27 17:20:00,170.66,171.29,170.64,171.24,1213956.0,2023-09-27
2023-09-27 17:25:00,171.25,171.39,171.09,171.27,774666,2023-09-27
2023-09-27 17:30:00,171.25,171.48,170.94,171.41,718305,2023-09-27
2023-09-27 17:35:00,171.4,171.43,170.86,170.93,598317,2023-09-27
2023-09-27 17:40:00,170.9201,171.07,170.83,170.9,434306,2023-09-27
2023-09-27 17:45:00,170.91,171.17,170.82,171.1201,491443,2023-09-27
2023-09-27 17:50:00,171.12,171.12,170.57,170.67,660513,2023-09-27
2023-09-27 17:55:00,170.67,170.67,170.27,170.409,851746,2023-09-27
2023-09-27 18:00:00,170.405,170.74,170.37,170.59,575169,2023-09-27
2023-09-27 18:05:00,170.59,171.13,170.58,171.07,675880,2023-09-27
2023-09-27 18:10:00,171.06,171.1479,170.87,170.93,495696,2023-09-27
2023-09-27 18:15:00,170.9311,170.95,170.62,170.72,580196,2023-09-27
2023-09-27 18:20:00,170.72,170.928,170.65,170.78,437320,2023-09-27
2023-09-27 18:25:00,170.775,170.975,170.61,170.975,398610,2023-09-27
2023-09-27 18:30:00,170.98,171.08,170.8801,171.05,377577,2023-09-27
2023-09-27 18:35:00,171.05,171.08,170.7,170.715,347144,2023-09-27
2023-09-27 18:40:00,170.7,170.73,170.405,170.41,379533,2023-09-27
2023-09-27 18:45:00,170.42,170.51,170.02,170.2867,877222,2023-09-27
2023-09-27 18:50:00,170.28,170.39,170.1456,170.35,531476,2023-09-27
2023-09-27 18:55:00,170.34,170.44,170.29,170.4,496331,2023-09-27
2023-09-27 19:00:00,170.4011,170.41,170.14,170.18,327866,2023-09-27
2023-09-27 19:05:00,170.185,170.23,170.01,170.05,569846,2023-09-27
2023-09-27 19:10:00,170.05,170.1598,169.64,169.8599,1402476.0,2023-09-27
2023-09-27 19:15:00,169.84,169.9,169.69,169.76,579718,2023-09-27
2023-09-27 19:20:00,169.75,169.9,169.67,169.715,519433,2023-09-27
2023-09-27 19:25:00,169.705,169.9,169.7,169.84,488491,2023-09-27
2023-09-27 19:30:00,169.85,170.04,169.8,169.9499,660994,2023-09-27
2023-09-27 19:35:00,169.95,170.02,169.75,169.785,809087,2023-09-27
2023-09-27 19:40:00,169.785,170.04,169.73,169.99,452774,2023-09-27
2023-09-27 19:45:00,169.99,170.11,169.93,169.96,514162,2023-09-27
2023-09-27 19:50:00,169.95,170,169.8699,169.945,288965,2023-09-27
2023-09-27 19:55:00,169.94,169.965,169.825,169.94,295165,2023-09-27
2023-09-27 20:00:00,169.93,170.19,169.921,170.1399,488993,2023-09-27
2023-09-27 20:05:00,170.15,170.2,169.97,170.1099,337206,2023-09-27
2023-09-27 20:10:00,170.1069,170.13,169.7,169.735,544354,2023-09-27
2023-09-27 20:15:00,169.74,169.91,169.62,169.73,607516,2023-09-27
2023-09-27 20:20:00,169.7301,169.74,169.51,169.65,498823,2023-09-27
2023-09-27 20:25:00,169.64,169.71,169.29,169.3,678630,2023-09-27
2023-09-27 20:30:00,169.2999,169.52,169.28,169.4334,488709,2023-09-27
2023-09-27 20:35:00,169.43,169.53,169.31,169.421,460323,2023-09-27
2023-09-27 20:40:00,169.44,169.44,169.05,169.41,615417,2023-09-27
2023-09-27 20:45:00,169.41,169.59,169.36,169.575,445085,2023-09-27
2023-09-27 20:50:00,169.57,169.65,169.4,169.495,432338,2023-09-27
2023-09-27 20:55:00,169.49,169.53,169.315,169.53,427707,2023-09-27
2023-09-27 21:00:00,169.54,169.65,169.42,169.51,352306,2023-09-27
2023-09-27 21:05:00,169.51,169.68,169.45,169.51,418210,2023-09-27
2023-09-27 21:10:00,169.51,169.51,169.28,169.4,502441,2023-09-27
2023-09-27 21:15:00,169.4,169.59,169.33,169.35,419498,2023-09-27
2023-09-27 21:20:00,169.35,169.5799,169.195,169.57,558020,2023-09-27
2023-09-27 21:25:00,169.585,170.1,169.45,170.07,635574,2023-09-27
2023-09-27 21:30:00,170.065,170.44,170.065,170.36,715866,2023-09-27
2023-09-27 21:35:00,170.3699,170.49,170.3,170.49,865994,2023-09-27
2023-09-27 21:40:00,170.49,170.6659,170.34,170.5099,672502,2023-09-27
2023-09-27 21:45:00,170.505,170.67,170.31,170.34,563483,2023-09-27
2023-09-27 21:50:00,170.36,170.39,170.14,170.28,527229,2023-09-27
2023-09-27 21:55:00,170.27,170.41,170.17,170.2,467617,2023-09-27
2023-09-27 22:00:00,170.2,170.44,170.03,170.425,986283,2023-09-27
2023-09-27 22:05:00,170.44,170.83,170.4201,170.699,994404,2023-09-27
2023-09-27 22:10:00,170.7,170.96,170.54,170.545,1050419.0,2023-09-27
2023-09-27 22:15:00,170.545,170.6,170.16,170.205,735952,2023-09-27
2023-09-27 22:20:00,170.21,170.345,170.16,170.2502,528488,2023-09-27
2023-09-27 22:25:00,170.25,170.38,170.15,170.16,572295,2023-09-27
2023-09-27 22:30:00,170.16,170.48,170.08,170.475,835013,2023-09-27
2023-09-27 22:35:00,170.45,170.4586,170.04,170.26,628748,2023-09-27
2023-09-27 22:40:00,170.26,170.29,169.82,169.99,1319975.0,2023-09-27
2023-09-27 22:45:00,169.99,170.13,169.92,170.105,1244686.0,2023-09-27
2023-09-27 22:50:00,170.11,170.33,169.76,170.2848,1901624.0,2023-09-27
2023-09-27 22:55:00,170.28,170.46,170.14,170.43,2739200.0,2023-09-27
2023-09-27 23:00:00,170.42,170.59,170.25,170.42,677871,2023-09-27
2023-09-27 23:05:00,170.42,170.5,170.34,170.4,51057,2023-09-27
2023-09-27 23:10:00,170.44,170.5,170.34,170.46,55038,2023-09-27
2023-09-27 23:15:00,170.4899,170.5,170.41,170.49,23777,2023-09-27
2023-09-27 23:20:00,170.49,170.64,170.45,170.52,41192,2023-09-27
2023-09-27 23:25:00,170.51,170.54,170.45,170.51,26366,2023-09-27
2023-09-27 23:30:00,170.47,170.52,170.37,170.41,24766,2023-09-27
2023-09-27 23:35:00,170.41,170.48,170.33,170.35,34012,2023-09-27
2023-09-27 23:40:00,170.35,170.43,170.25,170.33,59663,2023-09-27
2023-09-27 23:45:00,170.34,170.38,170.32,170.36,10418,2023-09-27
2023-09-27 23:50:00,170.34,170.57,170.32,170.49,33667,2023-09-27
2023-09-27 23:55:00,170.51,170.54,170.4201,170.43,16319,2023-09-27
2023-09-28 00:00:00,170.44,170.44,170.34,170.39,15255,2023-09-27
2023-09-28 00:05:00,170.37,170.42,170.34,170.41,10145,2023-09-27
2023-09-28 00:10:00,170.42,170.43,170.35,170.41,3604,2023-09-27
2023-09-28 00:15:00,170.41,170.45,170.41,170.43,5735,2023-09-27
2023-09-28 00:20:00,170.42,170.45,170.42,170.45,3385,2023-09-27
2023-09-28 00:25:00,170.45,170.4693,170.45,170.4693,679,2023-09-27
2023-09-28 00:30:00,170.46,170.46,170.45,170.45,1067,2023-09-27
2023-09-28 00:35:00,170.45,170.46,170.45,170.46,3319,2023-09-27
2023-09-28 00:40:00,170.4781,170.49,170.46,170.49,4689,2023-09-27
2023-09-28 00:45:00,170.49,170.49,170.49,170.49,328,2023-09-27
2023-09-28 00:50:00,170.45,170.45,170.43,170.43,2590,2023-09-27
2023-09-28 00:55:00,170.45,170.45,170.43,170.43,2504,2023-09-27
2023-09-28 01:00:00,170.47,170.48,170.42,170.43,2993,2023-09-27
2023-09-28 01:05:00,170.42,170.4991,170.42,170.44,6066,2023-09-27
2023-09-28 01:10:00,170.45,170.48,170.42,170.46,11625,2023-09-27
2023-09-28 01:15:00,170.44,170.47,170.42,170.42,10977,2023-09-27
2023-09-28 01:20:00,170.41,170.41,170.22,170.22,4791,2023-09-27
2023-09-28 01:25:00,170.2695,170.2695,170.22,170.24,2053,2023-09-27
2023-09-28 01:30:00,170.2302,170.2995,170.2302,170.2525,1126,2023-09-27
2023-09-28 01:35:00,170.28,170.33,170.28,170.33,1438,2023-09-27
2023-09-28 01:45:00,170.33,170.33,170.27,170.32,5407,2023-09-27
2023-09-28 01:50:00,170.3,170.3,170.29,170.3,2033,2023-09-27
2023-09-28 01:55:00,170.26,170.2986,170.25,170.2986,8917,2023-09-27
2023-09-28 02:00:00,170.29,170.29,170.22,170.22,2623,2023-09-27
2023-09-28 02:05:00,170.26,170.26,170.24,170.24,1489,2023-09-27
2023-09-28 02:10:00,170.3,170.35,170.3,170.3,4805,2023-09-27
2023-09-28 02:15:00,170.27,170.31,170.26,170.26,4101,2023-09-27
2023-09-28 02:20:00,170.33,170.33,170.3,170.3,932,2023-09-27
2023-09-28 02:25:00,170.26,170.31,170.26,170.31,2041,2023-09-27
2023-09-28 02:30:00,170.31,170.33,170.3,170.3,3505,2023-09-27
2023-09-28 02:35:00,170.26,170.32,170.25,170.32,4978,2023-09-27
2023-09-28 02:40:00,170.31,170.31,170.25,170.29,2279,2023-09-27
2023-09-28 02:45:00,170.27,170.3,170.27,170.29,4019,2023-09-27
2023-09-28 02:50:00,170.29,170.34,170.28,170.34,5529,2023-09-27
2023-09-28 02:55:00,170.33,170.39,170.33,170.34,6635,2023-09-27
2023-09-28 11:00:00,170.2,170.25,169.83,169.83,9200,2023-09-28
2023-09-28 11:05:00,169.86,169.86,169.81,169.81,2574,2023-09-28
2023-09-28 11:10:00,169.9,169.95,169.88,169.95,2804,2023-09-28
2023-09-28 11:20:00,169.95,169.95,169.9,169.9,1380,2023-09-28
2023-09-28 11:25:00,169.86,169.86,169.86,169.86,325,2023-09-28
2023-09-28 11:30:00,169.85,169.86,169.8,169.86,2811,2023-09-28
2023-09-28 11:35:00,169.9,169.98,169.9,169.98,1021,2023-09-28
2023-09-28 11:40:00,169.98,169.98,169.98,169.98,712,2023-09-28
2023-09-28 11:45:00,169.96,170,169.96,170,2042,2023-09-28
2023-09-28 11:50:00,169.82,170,169.8,169.97,2806,2023-09-28
2023-09-28 11:55:00,170,170,169.81,169.81,1525,2023-09-28
2023-09-28 12:00:00,169.81,169.81,169.78,169.78,1274,2023-09-28
2023-09-28 12:05:00,169.74,169.77,169.7,169.74,4358,2023-09-28
2023-09-28 12:10:00,169.74,169.79,169.74,169.79,498,2023-09-28
2023-09-28 12:15:00,169.73,169.8,169.72,169.72,7304,2023-09-28
2023-09-28 12:20:00,169.61,169.81,169.61,169.81,5062,2023-09-28
2023-09-28 12:25:00,169.85,169.85,169.61,169.72,8597,2023-09-28
2023-09-28 12:30:00,169.75,169.75,169.61,169.61,3458,2023-09-28
2023-09-28 12:35:00,169.74,169.74,169.65,169.65,644,2023-09-28
2023-09-28 12:40:00,169.75,169.97,169.75,169.97,4631,2023-09-28
2023-09-28 12:45:00,169.98,169.99,169.95,169.99,2801,2023-09-28
2023-09-28 12:50:00,169.97,170,169.97,170,5786,2023-09-28
2023-09-28 12:55:00,170.06,170.15,170.06,170.15,1123,2023-09-28
2023-09-28 13:00:00,170.19,170.19,170.14,170.18,1118,2023-09-28
2023-09-28 13:05:00,170.05,170.05,170.05,170.05,380,2023-09-28
2023-09-28 13:10:00,170.16,170.29,170.16,170.29,2477,2023-09-28
2023-09-28 13:15:00,170.07,170.07,170.07,170.07,280,2023-09-28
2023-09-28 13:20:00,170,170.01,170,170,1919,2023-09-28
2023-09-28 13:25:00,169.98,169.98,169.98,169.98,157,2023-09-28
2023-09-28 13:30:00,169.94,170,169.94,170,1024,2023-09-28
2023-09-28 13:35:00,170.07,170.07,170.07,170.07,731,2023-09-28
2023-09-28 13:40:00,170.19,170.2,170.19,170.19,1550,2023-09-28
2023-09-28 13:45:00,170.2,170.2,170.16,170.19,1423,2023-09-28
2023-09-28 13:50:00,170.2,170.2,170.02,170.02,1170,2023-09-28
2023-09-28 13:55:00,170.09,170.18,169.98,170.18,6616,2023-09-28
2023-09-28 14:00:00,170.18,170.18,170.14,170.14,3807,2023-09-28
2023-09-28 14:05:00,170.14,170.14,170.01,170.1,5952,2023-09-28
2023-09-28 14:10:00,170.1,170.1,170.1,170.1,571,2023-09-28
2023-09-28 14:15:00,170.1,170.1,170.06,170.06,1890,2023-09-28
2023-09-28 14:20:00,170.05,170.23,170.05,170.23,4802,2023-09-28
2023-09-28 14:25:00,170.13,170.13,170.05,170.05,4834,2023-09-28
2023-09-28 14:30:00,170.04,170.04,169.84,169.85,14257,2023-09-28
2023-09-28 14:35:00,169.9,169.9,169.78,169.78,4342,2023-09-28
2023-09-28 14:40:00,169.78,169.87,169.78,169.83,2818,2023-09-28
2023-09-28 14:45:00,169.82,169.97,169.78,169.85,13960,2023-09-28
2023-09-28 14:50:00,169.8,169.8,169.73,169.75,10378,2023-09-28
2023-09-28 14:55:00,169.79,169.8,169.75,169.75,13352,2023-09-28
2023-09-28 15:00:00,170,170.5,169.5,169.8,79407,2023-09-28
2023-09-28 15:05:00,169.8,169.8,169.69,169.69,35267,2023-09-28
2023-09-28 15:10:00,169.61,169.74,169.41,169.43,33337,2023-09-28
2023-09-28 15:15:00,169.4542,169.79,169.44,169.79,19683,2023-09-28
2023-09-28 15:20:00,169.72,169.8,169.7,169.74,56921,2023-09-28
2023-09-28 15:25:00,169.65,169.95,169.65,169.87,31449,2023-09-28
2023-09-28 15:30:00,169.86,170.48,169.65,170.33,50449,2023-09-28
2023-09-28 15:35:00,170.36,170.49,170,170,20508,2023-09-28
2023-09-28 15:40:00,170,170.07,169.7,169.87,35470,2023-09-28
2023-09-28 15:45:00,169.94,169.99,169.51,169.51,38795,2023-09-28
2023-09-28 15:50:00,169.51,169.9,169.46,169.87,34126,2023-09-28
2023-09-28 15:55:00,169.71,169.8,169.5,169.6799,26787,2023-09-28
2023-09-28 16:00:00,169.72,169.77,169.59,169.71,18571,2023-09-28
2023-09-28 16:05:00,169.84,169.95,169.75,169.75,25810,2023-09-28
2023-09-28 16:10:00,169.7064,169.72,169.5901,169.6514,9164,2023-09-28
2023-09-28 16:15:00,169.701,169.89,169.7,169.75,32407,2023-09-28
2023-09-28 16:20:00,169.75,169.8,169.65,169.71,25829,2023-09-28
2023-09-28 16:25:00,169.66,169.88,169.2,169.45,79806,2023-09-28
2023-09-28 16:30:00,169.34,169.8,167.62,168.8007,4025317.0,2023-09-28
2023-09-28 16:35:00,168.83,168.88,168.08,168.595,1289137.0,2023-09-28
2023-09-28 16:40:00,168.6,168.97,168.205,168.38,1333227.0,2023-09-28
2023-09-28 16:45:00,168.36,169.21,168.27,168.6903,1319106.0,2023-09-28
2023-09-28 16:50:00,168.69,169.69,168.6624,169.66,1002961.0,2023-09-28
2023-09-28 16:55:00,169.63,169.6598,169.3494,169.61,798397,2023-09-28
2023-09-28 17:00:00,169.61,170.01,169.52,169.98,1105916.0,2023-09-28
2023-09-28 17:05:00,169.98,169.98,169.49,169.82,753119,2023-09-28
2023-09-28 17:10:00,169.825,169.95,169.45,169.4773,567727,2023-09-28
2023-09-28 17:15:00,169.475,169.639,169.06,169.33,818655,2023-09-28
2023-09-28 17:20:00,169.325,169.63,169.09,169.155,592956,2023-09-28
2023-09-28 17:25:00,169.16,169.3599,168.9,169.13,729454,2023-09-28
2023-09-28 17:30:00,169.14,169.18,168.69,168.98,695816,2023-09-28
2023-09-28 17:35:00,168.99,169.52,168.98,169.5,824463,2023-09-28
2023-09-28 17:40:00,169.4989,169.96,169.39,169.95,744490,2023-09-28
2023-09-28 17:45:00,169.945,170.16,169.83,170.07,937267,2023-09-28
2023-09-28 17:50:00,170.065,170.1,169.86,170.035,644295,2023-09-28
2023-09-28 17:55:00,170.03,170.27,169.9701,170.249,703737,2023-09-28
2023-09-28 18:00:00,170.24,170.29,169.9,169.98,675744,2023-09-28
2023-09-28 18:05:00,170,170.3197,169.8,170.16,727538,2023-09-28
2023-09-28 18:10:00,170.16,170.28,169.9823,170.2595,551287,2023-09-28
2023-09-28 18:15:00,170.25,170.4395,170.1403,170.15,663635,2023-09-28
2023-09-28 18:20:00,170.16,170.6,170.11,170.595,625059,2023-09-28
2023-09-28 18:25:00,170.595,170.68,170.3301,170.5,825406,2023-09-28
2023-09-28 18:30:00,170.5,170.84,170.4901,170.74,718841,2023-09-28
2023-09-28 18:35:00,170.74,170.77,170.4708,170.54,637529,2023-09-28
2023-09-28 18:40:00,170.54,170.96,170.53,170.95,582320,2023-09-28
2023-09-28 18:45:00,170.95,171.04,170.86,171.005,628332,2023-09-28
2023-09-28 18:50:00,171.02,171.44,171.01,171.41,740152,2023-09-28
2023-09-28 18:55:00,171.418,171.6181,171.33,171.6,640512,2023-09-28
2023-09-28 19:00:00,171.6,171.735,171.4,171.5,698231,2023-09-28
2023-09-28 19:05:00,171.5,171.539,171.31,171.35,426516,2023-09-28
2023-09-28 19:10:00,171.34,171.705,171.2711,171.6311,491644,2023-09-28
2023-09-28 19:15:00,171.63,172.03,171.625,172.01,620597,2023-09-28
2023-09-28 19:20:00,172.005,172.005,171.5826,171.59,448364,2023-09-28
2023-09-28 19:25:00,171.59,171.97,171.54,171.89,455514,2023-09-28
2023-09-28 19:30:00,171.89,171.915,171.5795,171.63,402533,2023-09-28
2023-09-28 19:35:00,171.625,171.76,171.625,171.64,271900,2023-09-28
2023-09-28 19:40:00,171.65,171.7299,171.6,171.68,358423,2023-09-28
2023-09-28 19:45:00,171.685,171.72,171.275,171.28,461228,2023-09-28
2023-09-28 19:50:00,171.29,171.43,171.06,171.06,381116,2023-09-28
2023-09-28 19:55:00,171.07,171.23,171.03,171.13,372915,2023-09-28
2023-09-28 20:00:00,171.135,171.28,171.08,171.11,539525,2023-09-28
2023-09-28 20:05:00,171.115,171.4,170.86,171.38,555436,2023-09-28
2023-09-28 20:10:00,171.38,171.53,171.25,171.41,413810,2023-09-28
2023-09-28 20:15:00,171.4123,171.43,171.13,171.1705,437378,2023-09-28
2023-09-28 20:20:00,171.18,171.42,171.16,171.38,301934,2023-09-28
2023-09-28 20:25:00,171.36,171.36,170.88,170.882,329115,2023-09-28
2023-09-28 20:30:00,170.9,170.97,170.71,170.7201,472470,2023-09-28
2023-09-28 20:35:00,170.7206,170.86,170.685,170.75,334048,2023-09-28
2023-09-28 20:40:00,170.745,170.78,170.43,170.49,473090,2023-09-28
2023-09-28 20:45:00,170.485,170.76,170.465,170.645,393675,2023-09-28
2023-09-28 20:50:00,170.66,170.82,170.6365,170.6646,299126,2023-09-28
2023-09-28 20:55:00,170.665,170.86,170.6,170.86,287424,2023-09-28
2023-09-28 21:00:00,170.86,170.88,170.625,170.63,323504,2023-09-28
2023-09-28 21:05:00,170.6399,170.7672,170.55,170.62,369309,2023-09-28
2023-09-28 21:10:00,170.62,170.9099,170.45,170.8658,482723,2023-09-28
2023-09-28 21:15:00,170.88,171.0699,170.85,170.971,381243,2023-09-28
2023-09-28 21:20:00,170.9651,171.04,170.7785,170.8088,359740,2023-09-28
2023-09-28 21:25:00,170.81,171.165,170.77,171.13,505503,2023-09-28
2023-09-28 21:30:00,171.135,171.15,170.63,170.64,437783,2023-09-28
2023-09-28 21:35:00,170.63,170.64,170.31,170.56,521181,2023-09-28
2023-09-28 21:40:00,170.56,170.8299,170.43,170.605,356969,2023-09-28
2023-09-28 21:45:00,170.6,170.64,170.44,170.4799,328691,2023-09-28
2023-09-28 21:50:00,170.475,170.66,170.38,170.53,305324,2023-09-28
2023-09-28 21:55:00,170.54,170.7598,170.43,170.75,375904,2023-09-28
2023-09-28 22:00:00,170.75,170.78,170.55,170.73,417335,2023-09-28
2023-09-28 22:05:00,170.74,170.8,170.53,170.77,331632,2023-09-28
2023-09-28 22:10:00,170.775,171.1099,170.76,171.07,433288,2023-09-28
2023-09-28 22:15:00,171.07,171.36,171.045,171.295,455923,2023-09-28
2023-09-28 22:20:00,171.29,171.48,171.28,171.47,354557,2023-09-28
2023-09-28 22:25:00,171.48,171.68,171.465,171.58,516718,2023-09-28
2023-09-28 22:30:00,171.58,171.64,171.37,171.38,654932,2023-09-28
2023-09-28 22:35:00,171.3899,171.39,170.76,170.8,553803,2023-09-28
2023-09-28 22:40:00,170.79,170.91,170.64,170.82,633790,2023-09-28
2023-09-28 22:45:00,170.8205,170.885,170.44,170.5347,767122,2023-09-28
2023-09-28 22:50:00,170.535,170.8,170.48,170.68,1136857.0,2023-09-28
2023-09-28 22:55:00,170.68,170.9657,170.57,170.69,1978348.0,2023-09-28
2023-09-28 23:00:00,170.69,170.7899,170.55,170.69,79652,2023-09-28
2023-09-28 23:05:00,170.63,170.69,170.62,170.63,77627,2023-09-28
2023-09-28 23:10:00,170.64,170.69,170.64,170.69,15584,2023-09-28
2023-09-28 23:15:00,170.69,170.85,170.68,170.84,15943,2023-09-28
2023-09-28 23:20:00,170.8399,170.8399,170.78,170.8,2840,2023-09-28
2023-09-28 23:25:00,170.8,170.81,170.8,170.8,1405,2023-09-28
2023-09-28 23:30:00,170.81,170.83,170.8,170.8,5086,2023-09-28
2023-09-28 23:35:00,170.8,170.84,170.69,170.79,12137,2023-09-28
2023-09-28 23:40:00,170.83,170.83,170.69,170.83,10987,2023-09-28
2023-09-28 23:45:00,170.83,170.95,170.83,170.95,7722,2023-09-28
2023-09-28 23:50:00,170.98,171,170.98,171,2614,2023-09-28
2023-09-28 23:55:00,170.94,171.03,170.94,171,11328,2023-09-28
2023-09-29 00:00:00,171,171,170.95,170.99,1734,2023-09-28
2023-09-29 00:05:00,170.95,170.95,170.84,170.84,2148,2023-09-28
2023-09-29 00:10:00,170.93,170.93,170.86,170.88,2468,2023-09-28
2023-09-29 00:15:00,170.84,170.84,170.84,170.84,255,2023-09-28
2023-09-29 00:20:00,170.88,170.93,170.88,170.93,3582,2023-09-28
2023-09-29 00:25:00,170.95,171,170.88,170.96,10741,2023-09-28
2023-09-29 00:35:00,170.92,170.97,170.92,170.97,662,2023-09-28
2023-09-29 00:40:00,170.92,170.95,170.92,170.95,894,2023-09-28
2023-09-29 00:45:00,170.9319,170.97,170.9,170.97,870,2023-09-28
2023-09-29 00:50:00,170.9202,170.97,170.9202,170.97,1152,2023-09-28
2023-09-29 00:55:00,170.69,170.95,170.69,170.95,1430,2023-09-28
2023-09-29 01:00:00,170.97,171.15,170.97,171.14,4261,2023-09-28
2023-09-29 01:05:00,171.15,171.17,171.13,171.17,5008,2023-09-28
2023-09-29 01:10:00,171.18,171.23,171.1699,171.23,3333,2023-09-28
2023-09-29 01:15:00,171.24,171.24,171.13,171.13,7919,2023-09-28
2023-09-29 01:20:00,171.1277,171.18,171.1277,171.18,998,2023-09-28
2023-09-29 01:25:00,171.18,171.18,171.18,171.18,836,2023-09-28
2023-09-29 01:30:00,171.1525,171.19,171.1525,171.19,452,2023-09-28
2023-09-29 01:35:00,171.16,171.16,171.06,171.1,6201,2023-09-28
2023-09-29 01:40:00,171.1,171.1,171,171.0001,10743,2023-09-28
2023-09-29 01:45:00,171.01,171.01,170.99,171,5091,2023-09-28
2023-09-29 01:50:00,171.12,171.12,171,171,1269,2023-09-28
2023-09-29 01:55:00,170.9999,171,170.95,170.95,1155,2023-09-28
2023-09-29 02:00:00,170.97,170.97,170.95,170.95,1350,2023-09-28
2023-09-29 02:05:00,170.95,170.95,170.88,170.88,2877,2023-09-28
2023-09-29 02:10:00,170.99,170.99,170.83,170.96,1230,2023-09-28
2023-09-29 02:15:00,170.85,170.9,170.85,170.9,1226,2023-09-28
2023-09-29 02:20:00,170.9,170.91,170.9,170.9099,2049,2023-09-28
2023-09-29 02:25:00,170.91,170.91,170.8701,170.8701,1463,2023-09-28
2023-09-29 02:30:00,170.96,171.01,170.96,171.01,1162,2023-09-28
2023-09-29 02:35:00,170.99,170.99,170.99,170.99,162,2023-09-28
2023-09-29 02:40:00,170.99,171,170.91,170.91,1667,2023-09-28
2023-09-29 02:45:00,170.91,170.91,170.81,170.9,1994,2023-09-28
2023-09-29 02:50:00,170.88,170.92,170.82,170.82,2822,2023-09-28
2023-09-29 02:55:00,170.82,170.89,170.8,170.8,5474,2023-09-28
2023-09-29 11:00:00,171.28,172.03,171.28,171.84,9270,2023-09-29
2023-09-29 11:05:00,171.83,172.01,171.83,172,5371,2023-09-29
2023-09-29 11:10:00,172,172.04,172,172.04,1413,2023-09-29
2023-09-29 11:15:00,172.04,172.04,171.98,172.04,1006,2023-09-29
2023-09-29 11:20:00,172.05,172.09,172,172.09,2470,2023-09-29
2023-09-29 11:25:00,172.05,172.1,172.05,172.05,620,2023-09-29
2023-09-29 11:30:00,172.13,172.15,172.07,172.07,3393,2023-09-29
2023-09-29 11:35:00,172.07,172.18,172.07,172.18,1811,2023-09-29
2023-09-29 11:40:00,172.15,172.26,172.15,172.26,1608,2023-09-29
2023-09-29 11:45:00,172.29,172.34,172.29,172.3,4030,2023-09-29
2023-09-29 11:50:00,172.21,172.31,172.12,172.31,6356,2023-09-29
2023-09-29 11:55:00,172.27,172.27,172,172,8130,2023-09-29
2023-09-29 12:10:00,172.25,172.3,172.25,172.3,889,2023-09-29
2023-09-29 12:15:00,172.26,172.26,172.26,172.26,621,2023-09-29
2023-09-29 12:20:00,172.16,172.16,172.16,172.16,239,2023-09-29
2023-09-29 12:25:00,172.2,172.2,172.2,172.2,135,2023-09-29
2023-09-29 12:30:00,172.06,172.06,172.01,172.01,1490,2023-09-29
2023-09-29 12:45:00,172.05,172.19,172.05,172.19,1896,2023-09-29
2023-09-29 12:50:00,172.19,172.2,172.19,172.2,699,2023-09-29
2023-09-29 13:00:00,172.26,172.26,172.21,172.21,2056,2023-09-29
2023-09-29 13:05:00,172.15,172.15,172.11,172.11,1461,2023-09-29
2023-09-29 13:10:00,172.1,172.19,172.1,172.19,2501,2023-09-29
2023-09-29 13:15:00,172.2,172.2,172.2,172.2,775,2023-09-29
2023-09-29 13:20:00,172.21,172.21,172.21,172.21,240,2023-09-29
2023-09-29 13:25:00,172.26,172.26,172.21,172.21,1439,2023-09-29
2023-09-29 13:30:00,172.18,172.18,172.18,172.18,491,2023-09-29
2023-09-29 13:35:00,172.15,172.15,172.15,172.15,1320,2023-09-29
2023-09-29 13:40:00,172.18,172.2,172.18,172.2,1988,2023-09-29
2023-09-29 13:45:00,172.13,172.13,172.1,172.11,1733,2023-09-29
2023-09-29 13:50:00,172.11,172.11,172.1,172.1,429,2023-09-29
2023-09-29 13:55:00,172.03,172.03,171.89,171.95,6993,2023-09-29
2023-09-29 14:00:00,171.87,172.04,171.87,172.04,8052,2023-09-29
2023-09-29 14:05:00,172.02,172.05,172.02,172.05,5238,2023-09-29
2023-09-29 14:10:00,172.01,172.01,171.81,171.81,7760,2023-09-29
2023-09-29 14:15:00,171.9,171.9,171.9,171.9,1171,2023-09-29
2023-09-29 14:20:00,171.94,172.02,171.94,172.02,2298,2023-09-29
2023-09-29 14:25:00,172,172,171.63,171.63,10082,2023-09-29
2023-09-29 14:30:00,171.7,171.72,171.59,171.6,5161,2023-09-29
2023-09-29 14:35:00,171.6,171.75,171.32,171.75,16886,2023-09-29
2023-09-29 14:40:00,171.75,171.93,171.75,171.93,3325,2023-09-29
2023-09-29 14:45:00,171.88,171.94,171.88,171.93,1835,2023-09-29
2023-09-29 14:50:00,171.9,171.9,171.61,171.61,4111,2023-09-29
2023-09-29 14:55:00,171.58,171.75,171.55,171.75,2062,2023-09-29
2023-09-29 15:00:00,172.05,172.22,171.2,171.82,73162,2023-09-29
2023-09-29 15:05:00,171.77,171.87,171.77,171.77,6920,2023-09-29
2023-09-29 15:10:00,171.8484,171.87,171.7758,171.8,6673,2023-09-29
2023-09-29 15:15:00,171.8864,171.98,171.81,171.86,11805,2023-09-29
2023-09-29 15:20:00,171.9,171.96,171.8,171.88,5639,2023-09-29
2023-09-29 15:25:00,171.85,171.95,171.8,171.95,15593,2023-09-29
2023-09-29 15:30:00,171.94,172.6,171.9,172.28,45913,2023-09-29
2023-09-29 15:35:00,172.25,172.3595,172.12,172.35,16209,2023-09-29
2023-09-29 15:40:00,172.36,172.74,172.2614,172.6,41633,2023-09-29
2023-09-29 15:45:00,172.59,172.6,172.47,172.59,27897,2023-09-29
2023-09-29 15:50:00,172.53,172.74,172.5,172.67,23632,2023-09-29
2023-09-29 15:55:00,172.6,172.7294,172.52,172.64,33950,2023-09-29
2023-09-29 16:00:00,172.65,172.67,172.52,172.53,26706,2023-09-29
2023-09-29 16:05:00,172.55,172.58,170.69,172.51,180356,2023-09-29
2023-09-29 16:10:00,172.55,172.62,172.5229,172.6,20402,2023-09-29
2023-09-29 16:15:00,172.62,172.62,172.5,172.51,17138,2023-09-29
2023-09-29 16:20:00,172.51,172.61,172.5,172.57,28190,2023-09-29
2023-09-29 16:25:00,172.57,172.57,171.93,171.95,84445,2023-09-29
2023-09-29 16:30:00,172.02,172.67,171.8106,172.01,1917058.0,2023-09-29
2023-09-29 16:35:00,172.005,172.28,171.82,172.11,790470,2023-09-29
2023-09-29 16:40:00,172.13,172.29,171.85,172.12,877734,2023-09-29
2023-09-29 16:45:00,172.13,172.56,171.77,172.36,1050796.0,2023-09-29
2023-09-29 16:50:00,172.37,172.478,172.22,172.46,623646,2023-09-29
2023-09-29 16:55:00,172.46,172.8001,172.295,172.6977,890014,2023-09-29
2023-09-29 17:00:00,172.7,173.07,172.6401,172.76,1083011.0,2023-09-29
2023-09-29 17:05:00,172.8,172.83,172.562,172.69,615750,2023-09-29
2023-09-29 17:10:00,172.69,172.76,172.435,172.56,665099,2023-09-29
2023-09-29 17:15:00,172.56,172.63,172.39,172.52,453740,2023-09-29
2023-09-29 17:20:00,172.5277,172.6,172.08,172.1001,559009,2023-09-29
2023-09-29 17:25:00,172.1,172.38,172.04,172.25,696909,2023-09-29
2023-09-29 17:30:00,172.27,172.6199,172.21,172.465,624987,2023-09-29
2023-09-29 17:35:00,172.47,172.58,172.36,172.43,497860,2023-09-29
2023-09-29 17:40:00,172.425,172.52,172.275,172.48,392186,2023-09-29
2023-09-29 17:45:00,172.475,172.77,172.4401,172.77,462892,2023-09-29
2023-09-29 17:50:00,172.76,172.79,172.47,172.7499,467808,2023-09-29
2023-09-29 17:55:00,172.73,172.74,172.36,172.435,307206,2023-09-29
2023-09-29 18:00:00,172.44,172.59,172.34,172.375,413933,2023-09-29
2023-09-29 18:05:00,172.37,172.53,172.24,172.29,578536,2023-09-29
2023-09-29 18:10:00,172.3,172.4,172.23,172.3,479382,2023-09-29
2023-09-29 18:15:00,172.31,172.49,172.21,172.4572,401441,2023-09-29
2023-09-29 18:20:00,172.4501,172.76,172.41,172.6222,454063,2023-09-29
2023-09-29 18:25:00,172.61,172.62,172.02,172.06,352275,2023-09-29
2023-09-29 18:30:00,172.06,172.09,171.84,171.85,470540,2023-09-29
2023-09-29 18:35:00,171.84,171.975,171.58,171.7,479876,2023-09-29
2023-09-29 18:40:00,171.7,171.8899,171.605,171.729,383212,2023-09-29
2023-09-29 18:45:00,171.73,171.82,171.62,171.8013,295191,2023-09-29
2023-09-29 18:50:00,171.8,171.899,171.61,171.82,307250,2023-09-29
2023-09-29 18:55:00,171.8135,172,171.78,171.9301,299807,2023-09-29
2023-09-29 19:00:00,171.94,172.035,171.8,171.99,225063,2023-09-29
2023-09-29 19:05:00,171.98,172.0899,171.9,171.95,267210,2023-09-29
2023-09-29 19:10:00,171.9651,172.09,171.57,171.64,382755,2023-09-29
2023-09-29 19:15:00,171.63,171.85,171.5301,171.8405,245217,2023-09-29
2023-09-29 19:20:00,171.84,172.08,171.79,171.9,267709,2023-09-29
2023-09-29 19:25:00,171.89,172.05,171.76,171.835,186435,2023-09-29
2023-09-29 19:30:00,171.84,171.93,171.64,171.7876,231957,2023-09-29
2023-09-29 19:35:00,171.799,171.87,171.62,171.6937,175471,2023-09-29
2023-09-29 19:40:00,171.69,171.83,171.53,171.55,258898,2023-09-29
2023-09-29 19:45:00,171.57,171.8,171.3599,171.43,565327,2023-09-29
2023-09-29 19:50:00,171.45,171.46,171.2,171.2,305190,2023-09-29
2023-09-29 19:55:00,171.211,171.34,171.17,171.325,208135,2023-09-29
2023-09-29 20:00:00,171.33,171.33,170.97,171.06,350486,2023-09-29
2023-09-29 20:05:00,171.0499,171.0784,170.8,170.94,389928,2023-09-29
2023-09-29 20:10:00,170.94,171.03,170.78,170.92,320015,2023-09-29
2023-09-29 20:15:00,170.91,170.94,170.73,170.9,276608,2023-09-29
2023-09-29 20:20:00,170.89,171.12,170.87,170.9573,362172,2023-09-29
2023-09-29 20:25:00,170.96,171.25,170.95,171.23,278963,2023-09-29
2023-09-29 20:30:00,171.23,171.3,171.1001,171.15,290414,2023-09-29
2023-09-29 20:35:00,171.17,171.23,171.021,171.1643,307229,2023-09-29
2023-09-29 20:40:00,171.16,171.28,171.07,171.15,204101,2023-09-29
2023-09-29 20:45:00,171.14,171.19,170.8,170.8626,301781,2023-09-29
2023-09-29 20:50:00,170.86,171.0698,170.8,170.8712,230969,2023-09-29
2023-09-29 20:55:00,170.8801,171.04,170.62,170.63,290862,2023-09-29
2023-09-29 21:00:00,170.62,170.7099,170.38,170.63,510525,2023-09-29
2023-09-29 21:05:00,170.625,170.71,170.465,170.58,419342,2023-09-29
2023-09-29 21:10:00,170.59,170.72,170.53,170.63,314901,2023-09-29
2023-09-29 21:15:00,170.62,170.72,170.42,170.52,288881,2023-09-29
2023-09-29 21:20:00,170.525,170.87,170.52,170.8429,325414,2023-09-29
2023-09-29 21:25:00,170.855,171,170.46,170.54,445662,2023-09-29
2023-09-29 21:30:00,170.545,170.68,170.341,170.61,411489,2023-09-29
2023-09-29 21:35:00,170.61,170.69,170.43,170.495,357913,2023-09-29
2023-09-29 21:40:00,170.5,170.99,170.485,170.89,461170,2023-09-29
2023-09-29 21:45:00,170.891,170.98,170.83,170.9,336708,2023-09-29
2023-09-29 21:50:00,170.9,171.04,170.8,171.0387,298611,2023-09-29
2023-09-29 21:55:00,171.0364,171.565,171.01,171.5401,785037,2023-09-29
2023-09-29 22:00:00,171.55,171.71,171.15,171.25,604773,2023-09-29
2023-09-29 22:05:00,171.27,171.49,171.21,171.269,382535,2023-09-29
2023-09-29 22:10:00,171.265,171.55,171.15,171.2999,416684,2023-09-29
2023-09-29 22:15:00,171.29,171.4999,171.23,171.4,295999,2023-09-29
2023-09-29 22:20:00,171.405,171.425,171.17,171.195,604981,2023-09-29
2023-09-29 22:25:00,171.21,171.35,171.04,171.2899,549170,2023-09-29
2023-09-29 22:30:00,171.28,171.38,171.12,171.15,466790,2023-09-29
2023-09-29 22:35:00,171.16,171.42,171.1,171.36,524291,2023-09-29
2023-09-29 22:40:00,171.35,171.37,170.97,170.98,626840,2023-09-29
2023-09-29 22:45:00,170.98,171.49,170.94,171.465,586999,2023-09-29
2023-09-29 22:50:00,171.48,171.92,171.2,171.48,1504667.0,2023-09-29
2023-09-29 22:55:00,171.48,171.48,170.76,171.22,2735718.0,2023-09-29
2023-09-29 23:00:00,171.17,171.28,171.09,171.27,593778,2023-09-29
2023-09-29 23:05:00,171.28,171.58,171.21,171.33,261567,2023-09-29
2023-09-29 23:10:00,171.36,171.37,171.21,171.32,10554,2023-09-29
2023-09-29 23:15:00,171.3,171.49,171.21,171.49,322688,2023-09-29
2023-09-29 23:20:00,171.46,171.6,171.42,171.57,20615,2023-09-29
2023-09-29 23:25:00,171.57,171.73,171.55,171.65,11651,2023-09-29
2023-09-29 23:30:00,171.65,171.65,171.57,171.6,7265,2023-09-29
2023-09-29 23:35:00,171.6,171.6,171.5,171.56,6365,2023-09-29
2023-09-29 23:40:00,171.59,171.6,171.56,171.56,3909,2023-09-29
2023-09-29 23:45:00,171.21,171.58,171.21,171.57,19610,2023-09-29
2023-09-29 23:50:00,171.57,171.64,171.5,171.5901,4759,2023-09-29
2023-09-29 23:55:00,171.59,171.59,171.59,171.59,944,2023-09-29
2023-09-30 00:00:00,171.56,171.56,171.21,171.21,44883,2023-09-29
2023-09-30 00:05:00,171.49,171.49,171.49,171.49,495,2023-09-29
2023-09-30 00:10:00,171.5,171.58,171.5,171.57,4330,2023-09-29
2023-09-30 00:15:00,171.57,171.58,171.57,171.57,1330,2023-09-29
2023-09-30 00:20:00,171.57,171.6,171.49,171.6,7441,2023-09-29
2023-09-30 00:30:00,171.5601,171.5604,171.56,171.56,410,2023-09-29
2023-09-30 00:35:00,171.52,171.56,171.52,171.5302,2933,2023-09-29
2023-09-30 00:40:00,171.53,171.59,171.53,171.54,756,2023-09-29
2023-09-30 00:45:00,171.6,171.6,171.6,171.6,1737,2023-09-29
2023-09-30 00:50:00,171.55,171.55,171.55,171.55,706,2023-09-29
2023-09-30 00:55:00,171.52,171.52,171.47,171.47,1128,2023-09-29
2023-09-30 01:00:00,171.45,171.45,171.45,171.45,124,2023-09-29
2023-09-30 01:05:00,171.45,171.4999,171.45,171.47,1963,2023-09-29
2023-09-30 01:15:00,171.47,171.47,171.46,171.46,1098,2023-09-29
2023-09-30 01:20:00,171.48,171.48,171.48,171.48,207,2023-09-29
2023-09-30 01:25:00,171.4701,171.48,171.4701,171.48,901,2023-09-29
2023-09-30 01:35:00,171.45,171.45,171.45,171.45,405,2023-09-29
2023-09-30 01:40:00,171.54,171.54,171.54,171.54,103,2023-09-29
2023-09-30 01:45:00,171.5,171.55,171.5,171.5474,1227,2023-09-29
2023-09-30 01:50:00,171.47,171.47,171.37,171.37,6310,2023-09-29
2023-09-30 01:55:00,171.37,171.37,171.23,171.24,6018,2023-09-29
2023-09-30 02:00:00,171.3,171.3,171.3,171.3,282,2023-09-29
2023-09-30 02:05:00,171.2501,171.2501,171.2501,171.2501,193,2023-09-29
2023-09-30 02:10:00,171.2501,171.35,171.25,171.35,1551,2023-09-29
2023-09-30 02:15:00,171.3,171.3,171.3,171.3,1164,2023-09-29
2023-09-30 02:20:00,171.3,171.3,171.23,171.25,1148,2023-09-29
2023-09-30 02:25:00,171.29,171.34,171.29,171.34,429,2023-09-29
2023-09-30 02:30:00,171.3,171.3,171.2,171.21,5941,2023-09-29
2023-09-30 02:35:00,171.2,171.21,171.2,171.2,1209,2023-09-29
2023-09-30 02:40:00,171.21,171.21,171.2,171.2,715,2023-09-29
2023-09-30 02:45:00,171.2,171.22,171.2,171.22,7958,2023-09-29
2023-09-30 02:50:00,171.28,171.3,171.28,171.3,1809,2023-09-29
2023-09-30 02:55:00,171.32,171.32,171.23,171.23,4085,2023-09-29
2023-10-02 11:00:00,172.7,172.91,172.7,172.9,6863,2023-10-02
2023-10-02 11:05:00,172.91,172.91,172.87,172.87,1238,2023-10-02
2023-10-02 11:10:00,172.8,172.8,172.52,172.54,3851,2023-10-02
2023-10-02 11:15:00,172.53,172.53,172.4,172.4,5868,2023-10-02
2023-10-02 11:25:00,172.54,172.54,172.54,172.54,283,2023-10-02
2023-10-02 11:30:00,172.56,172.56,172.56,172.56,360,2023-10-02
2023-10-02 11:40:00,172.65,172.65,172.65,172.65,916,2023-10-02
2023-10-02 11:45:00,172.62,172.78,172.62,172.71,5718,2023-10-02
2023-10-02 11:50:00,172.67,172.67,172.67,172.67,810,2023-10-02
2023-10-02 11:55:00,172.6,172.6,172.51,172.51,2670,2023-10-02
2023-10-02 12:00:00,172.5,172.5,172.39,172.39,2610,2023-10-02
2023-10-02 12:05:00,172.31,172.31,172.19,172.2,2954,2023-10-02
2023-10-02 12:10:00,172.25,172.26,172.24,172.24,5407,2023-10-02
2023-10-02 12:15:00,172.2,172.23,171.9,171.99,17819,2023-10-02
2023-10-02 12:20:00,172.08,172.08,172.08,172.08,300,2023-10-02
2023-10-02 12:25:00,172.07,172.07,171.9,171.9,1463,2023-10-02
2023-10-02 12:30:00,171.98,172.18,171.98,172.14,2081,2023-10-02
2023-10-02 12:40:00,171.94,172.03,171.94,172.03,2370,2023-10-02
2023-10-02 12:45:00,172.06,172.1,171.5,171.54,10231,2023-10-02
2023-10-02 12:50:00,171.62,171.71,171.51,171.51,4542,2023-10-02
2023-10-02 12:55:00,171.6,171.62,171.33,171.33,12827,2023-10-02
2023-10-02 13:00:00,171.42,171.51,171.4,171.46,2392,2023-10-02
2023-10-02 13:05:00,171.55,171.6,171.49,171.49,1582,2023-10-02
2023-10-02 13:10:00,171.43,171.43,171.03,171.03,3486,2023-10-02
2023-10-02 13:15:00,171.48,171.5,171.48,171.48,887,2023-10-02
2023-10-02 13:20:00,171.61,171.61,171.6,171.61,2051,2023-10-02
2023-10-02 13:25:00,171.58,171.58,171.25,171.3,4205,2023-10-02
2023-10-02 13:30:00,171.27,171.32,171.27,171.27,676,2023-10-02
2023-10-02 13:35:00,171.34,171.34,171.31,171.31,542,2023-10-02
2023-10-02 13:40:00,171.4,171.4,171.32,171.38,587,2023-10-02
2023-10-02 13:45:00,171.32,171.44,171.32,171.36,2213,2023-10-02
2023-10-02 13:50:00,171.35,171.35,171.04,171.21,7297,2023-10-02
2023-10-02 13:55:00,171.34,171.34,171.06,171.23,5892,2023-10-02
2023-10-02 14:00:00,171.37,171.37,171.25,171.25,10565,2023-10-02
2023-10-02 14:05:00,171.25,171.33,171.25,171.33,4854,2023-10-02
2023-10-02 14:10:00,171.35,171.4,171.35,171.4,4603,2023-10-02
2023-10-02 14:15:00,171.45,171.59,171.45,171.57,3935,2023-10-02
2023-10-02 14:20:00,171.6,171.8,171.6,171.8,8065,2023-10-02
2023-10-02 14:25:00,171.85,171.97,171.85,171.95,6931,2023-10-02
2023-10-02 14:30:00,171.9,171.94,171.6,171.69,11123,2023-10-02
2023-10-02 14:35:00,171.74,171.82,171.74,171.82,2823,2023-10-02
2023-10-02 14:40:00,171.82,171.82,171.45,171.45,9467,2023-10-02
2023-10-02 14:45:00,171.4,171.49,171.29,171.47,12060,2023-10-02
2023-10-02 14:50:00,171.41,171.5,171.41,171.5,4136,2023-10-02
2023-10-02 14:55:00,171.5,171.56,171.5,171.55,3626,2023-10-02
2023-10-02 15:00:00,171.38,172.99,171.2,171.428,57739,2023-10-02
2023-10-02 15:05:00,171.36,171.46,171.36,171.4495,3287,2023-10-02
2023-10-02 15:10:00,171.37,171.54,171.37,171.45,36007,2023-10-02
2023-10-02 15:15:00,171.5,171.5,171.26,171.35,5283,2023-10-02
2023-10-02 15:20:00,171.31,171.46,171.06,171.16,35831,2023-10-02
2023-10-02 15:25:00,171.156,171.4,171.15,171.31,5827,2023-10-02
2023-10-02 15:30:00,171.34,171.4,171.3011,171.315,6971,2023-10-02
2023-10-02 15:35:00,171.35,171.49,171.345,171.49,6283,2023-10-02
2023-10-02 15:40:00,171.46,171.55,171.46,171.53,2326,2023-10-02
2023-10-02 15:45:00,171.4007,171.4007,171.32,171.325,11754,2023-10-02
2023-10-02 15:50:00,171.41,171.41,171.21,171.21,9163,2023-10-02
2023-10-02 15:55:00,171.4,171.4,171.256,171.3,5913,2023-10-02
2023-10-02 16:00:00,171.26,171.45,171.1202,171.1202,26051,2023-10-02
2023-10-02 16:05:00,171.1,171.1699,171,171.1397,19476,2023-10-02
2023-10-02 16:10:00,171.0518,171.2999,171.05,171.2999,11620,2023-10-02
2023-10-02 16:15:00,171.3,171.33,171.19,171.33,11283,2023-10-02
2023-10-02 16:20:00,171.21,171.5,171.11,171.47,26048,2023-10-02
2023-10-02 16:25:00,171.37,171.44,171.02,171.22,62156,2023-10-02
2023-10-02 16:30:00,171.22,173.07,170.93,172.99,2359892.0,2023-10-02
2023-10-02 16:35:00,173.02,173.2,172.8,173.035,1301093.0,2023-10-02
2023-10-02 16:40:00,173.0465,173.21,172.85,173.18,857382,2023-10-02
2023-10-02 16:45:00,173.185,173.25,172.87,173.025,793022,2023-10-02
2023-10-02 16:50:00,173.03,173.14,172.81,172.88,674188,2023-10-02
2023-10-02 16:55:00,172.86,173.1,172.85,172.94,702463,2023-10-02
2023-10-02 17:00:00,172.94,174.04,172.8,173.92,1635530.0,2023-10-02
2023-10-02 17:05:00,173.92,174.03,173.59,173.71,742014,2023-10-02
2023-10-02 17:10:00,173.72,173.78,173.29,173.3296,642283,2023-10-02
2023-10-02 17:15:00,173.32,173.895,173.32,173.61,839140,2023-10-02
2023-10-02 17:20:00,173.6,173.82,173.33,173.82,549280,2023-10-02
2023-10-02 17:25:00,173.82,174.01,173.26,173.33,736116,2023-10-02
2023-10-02 17:30:00,173.35,173.585,172.97,173.47,879091,2023-10-02
2023-10-02 17:35:00,173.49,173.74,173.3,173.5367,456946,2023-10-02
2023-10-02 17:40:00,173.54,173.78,173.18,173.3345,583152,2023-10-02
2023-10-02 17:45:00,173.34,173.52,173.15,173.39,547530,2023-10-02
2023-10-02 17:50:00,173.39,173.65,173.1831,173.23,459544,2023-10-02
2023-10-02 17:55:00,173.25,173.26,172.84,173.009,643536,2023-10-02
2023-10-02 18:00:00,173.01,173.55,172.955,173.44,583138,2023-10-02
2023-10-02 18:05:00,173.43,173.65,173.27,173.4599,535321,2023-10-02
2023-10-02 18:10:00,173.44,173.74,173.32,173.71,425233,2023-10-02
2023-10-02 18:15:00,173.695,173.92,173.61,173.84,627557,2023-10-02
2023-10-02 18:20:00,173.835,174.3,173.81,174.2622,710050,2023-10-02
2023-10-02 18:25:00,174.26,174.3,174,174.1046,478587,2023-10-02
2023-10-02 18:30:00,174.12,174.21,173.9719,173.9999,404069,2023-10-02
2023-10-02 18:35:00,174,174.07,173.594,173.695,528357,2023-10-02
2023-10-02 18:40:00,173.694,173.73,173.42,173.45,501337,2023-10-02
2023-10-02 18:45:00,173.445,173.54,173.33,173.47,379943,2023-10-02
2023-10-02 18:50:00,173.47,173.6,173.13,173.13,469177,2023-10-02
2023-10-02 18:55:00,173.115,173.16,172.905,173.08,551759,2023-10-02
2023-10-02 19:00:00,173.09,173.19,172.96,173.1,333534,2023-10-02
2023-10-02 19:05:00,173.1084,173.155,172.82,172.975,360982,2023-10-02
2023-10-02 19:10:00,172.96,173.26,172.88,173.26,359413,2023-10-02
2023-10-02 19:15:00,173.2693,173.47,173.16,173.16,589620,2023-10-02
2023-10-02 19:20:00,173.18,173.49,173.11,173.48,305680,2023-10-02
2023-10-02 19:25:00,173.47,173.53,173.14,173.35,541918,2023-10-02
2023-10-02 19:30:00,173.36,173.387,173.2,173.31,359629,2023-10-02
2023-10-02 19:35:00,173.29,173.47,173.18,173.29,258510,2023-10-02
2023-10-02 19:40:00,173.295,173.415,173.19,173.19,241635,2023-10-02
2023-10-02 19:45:00,173.2,173.385,173.04,173.0799,430384,2023-10-02
2023-10-02 19:50:00,173.08,173.2,173.02,173.11,233011,2023-10-02
2023-10-02 19:55:00,173.09,173.26,173.055,173.18,255641,2023-10-02
2023-10-02 20:00:00,173.185,173.31,173.08,173.1509,277038,2023-10-02
2023-10-02 20:05:00,173.16,173.235,172.93,172.99,356090,2023-10-02
2023-10-02 20:10:00,173.01,173.02,172.73,172.78,434741,2023-10-02
2023-10-02 20:15:00,172.79,173.175,172.7799,173.05,369809,2023-10-02
2023-10-02 20:20:00,173.06,173.29,173.03,173.23,265947,2023-10-02
2023-10-02 20:25:00,173.225,173.405,173.19,173.31,269767,2023-10-02
2023-10-02 20:30:00,173.31,173.425,173.19,173.23,264362,2023-10-02
2023-10-02 20:35:00,173.225,173.35,173.1601,173.21,210781,2023-10-02
2023-10-02 20:40:00,173.2,173.4599,173.19,173.389,277864,2023-10-02
2023-10-02 20:45:00,173.38,173.515,173.32,173.405,279260,2023-10-02
2023-10-02 20:50:00,173.4,173.5799,173.38,173.45,296695,2023-10-02
2023-10-02 20:55:00,173.455,173.48,173.11,173.13,369537,2023-10-02
2023-10-02 21:00:00,173.13,173.195,172.98,173.04,345351,2023-10-02
2023-10-02 21:05:00,173.05,173.33,173.05,173.225,350201,2023-10-02
2023-10-02 21:10:00,173.22,173.68,173.18,173.665,531008,2023-10-02
2023-10-02 21:15:00,173.66,173.71,173.2,173.2103,430191,2023-10-02
2023-10-02 21:20:00,173.21,173.22,172.93,173.0699,419859,2023-10-02
2023-10-02 21:25:00,173.08,173.095,172.77,172.782,338649,2023-10-02
2023-10-02 21:30:00,172.7907,172.97,172.79,172.91,291527,2023-10-02
2023-10-02 21:35:00,172.92,172.97,172.75,172.76,260522,2023-10-02
2023-10-02 21:40:00,172.74,172.7581,172.61,172.65,361731,2023-10-02
2023-10-02 21:45:00,172.66,172.87,172.65,172.86,289832,2023-10-02
2023-10-02 21:50:00,172.875,173.03,172.8,172.8,335660,2023-10-02
2023-10-02 21:55:00,172.8,172.97,172.73,172.89,273626,2023-10-02
2023-10-02 22:00:00,172.88,172.95,172.62,172.67,412102,2023-10-02
2023-10-02 22:05:00,172.675,172.98,172.533,172.93,391415,2023-10-02
2023-10-02 22:10:00,172.93,173.08,172.728,172.78,434664,2023-10-02
2023-10-02 22:15:00,172.77,173.04,172.77,172.86,358059,2023-10-02
2023-10-02 22:20:00,172.85,173.21,172.811,173.16,924698,2023-10-02
2023-10-02 22:25:00,173.1682,173.17,172.928,173,392977,2023-10-02
2023-10-02 22:30:00,173,173.24,172.91,173.22,530059,2023-10-02
2023-10-02 22:35:00,173.22,173.24,172.9409,173.0521,490645,2023-10-02
2023-10-02 22:40:00,173.07,173.1199,172.86,172.95,584097,2023-10-02
2023-10-02 22:45:00,172.94,173.12,172.87,172.885,629938,2023-10-02
2023-10-02 22:50:00,172.89,173.33,172.75,173.3,1132436.0,2023-10-02
2023-10-02 22:55:00,173.3,173.78,173.255,173.75,3056630.0,2023-10-02
2023-10-02 23:00:00,173.74,173.75,173.21,173.71,206888,2023-10-02
2023-10-02 23:05:00,173.69,173.96,173.66,173.75,970472,2023-10-02
2023-10-02 23:10:00,173.75,173.79,171.21,173.75,38944,2023-10-02
2023-10-02 23:15:00,173.72,173.74,173.63,173.73,23684,2023-10-02
2023-10-02 23:20:00,173.73,173.79,173.72,173.78,12376,2023-10-02
2023-10-02 23:25:00,173.76,173.77,173.73,173.76,1802,2023-10-02
2023-10-02 23:30:00,173.76,173.78,173.71,173.78,2810,2023-10-02
2023-10-02 23:35:00,173.75,173.84,173.63,173.76,24443,2023-10-02
2023-10-02 23:40:00,173.73,173.75,173.65,173.65,76682,2023-10-02
2023-10-02 23:45:00,173.65,173.72,173.64,173.65,4731,2023-10-02
2023-10-02 23:50:00,173.7,173.76,173.7,173.76,7207,2023-10-02
2023-10-02 23:55:00,173.72,173.73,173.7,173.73,3423,2023-10-02
2023-10-03 00:00:00,173.75,173.77,173.69,173.74,8340,2023-10-02
2023-10-03 00:05:00,173.7452,173.76,173.74,173.7401,2058,2023-10-02
2023-10-03 00:10:00,173.76,173.76,173.7465,173.75,1587,2023-10-02
2023-10-03 00:15:00,173.7499,173.78,173.7,173.78,2226,2023-10-02
2023-10-03 00:20:00,173.76,173.76,173.7,173.72,5304,2023-10-02
2023-10-03 00:25:00,173.67,173.72,173.64,173.64,3501,2023-10-02
2023-10-03 00:30:00,173.71,173.72,173.66,173.72,2459,2023-10-02
2023-10-03 00:45:00,173.7,173.7201,173.7,173.7201,957,2023-10-02
2023-10-03 00:50:00,173.74,173.74,173.66,173.66,2116,2023-10-02
2023-10-03 00:55:00,173.67,173.6799,173.65,173.65,893,2023-10-02
2023-10-03 01:00:00,173.69,173.74,173.65,173.7397,3156,2023-10-02
2023-10-03 01:05:00,173.7398,173.7398,173.7398,173.7398,243,2023-10-02
2023-10-03 01:15:00,173.74,173.86,173.74,173.8494,5879,2023-10-02
2023-10-03 01:25:00,173.8018,173.86,173.8018,173.84,542,2023-10-02
2023-10-03 01:30:00,173.75,173.87,173.75,173.87,1172,2023-10-02
2023-10-03 01:35:00,173.83,173.83,173.75,173.75,1862,2023-10-02
2023-10-03 01:40:00,173.8,173.8,173.75,173.75,720,2023-10-02
2023-10-03 01:45:00,173.78,173.8,173.78,173.79,2604,2023-10-02
2023-10-03 01:50:00,173.75,173.75,173.75,173.75,656,2023-10-02
2023-10-03 01:55:00,173.75,173.75,173.7,173.7,2251,2023-10-02
2023-10-03 02:00:00,173.75,173.75,173.75,173.75,2002,2023-10-02
2023-10-03 02:05:00,173.75,173.75,173.75,173.75,350,2023-10-02
2023-10-03 02:10:00,173.75,173.75,173.73,173.73,1489,2023-10-02
2023-10-03 02:20:00,173.69,173.73,173.68,173.68,7008,2023-10-02
2023-10-03 02:25:00,173.68,173.68,173.63,173.63,2037,2023-10-02
2023-10-03 02:30:00,173.68,173.73,173.63,173.73,2397,2023-10-02
2023-10-03 02:35:00,173.75,173.76,173.75,173.76,4031,2023-10-02
2023-10-03 02:40:00,173.75,173.75,173.75,173.75,2194,2023-10-02
2023-10-03 02:45:00,173.77,173.82,173.77,173.82,1687,2023-10-02
2023-10-03 02:50:00,173.89,173.94,173.89,173.94,1909,2023-10-02
2023-10-03 02:55:00,173.91,173.94,173.82,173.82,4707,2023-10-02
2023-10-03 11:00:00,173.23,173.81,173.23,173.69,9961,2023-10-03
2023-10-03 11:05:00,173.77,173.84,173.71,173.78,3681,2023-10-03
2023-10-03 11:10:00,173.78,173.78,173.6,173.6,6647,2023-10-03
2023-10-03 11:15:00,173.65,173.8,173.65,173.8,3696,2023-10-03
2023-10-03 11:20:00,173.81,173.81,173.8,173.8,1842,2023-10-03
2023-10-03 11:25:00,173.81,173.87,173.79,173.85,2466,2023-10-03
2023-10-03 11:30:00,173.86,173.87,173.81,173.87,2199,2023-10-03
2023-10-03 11:35:00,173.81,173.81,173.78,173.78,1107,2023-10-03
2023-10-03 11:40:00,173.72,173.72,173.72,173.72,367,2023-10-03
2023-10-03 11:45:00,173.65,173.8,173.65,173.8,2706,2023-10-03
2023-10-03 11:55:00,173.75,173.8,173.75,173.8,1910,2023-10-03
2023-10-03 12:00:00,173.67,173.67,173.54,173.54,3236,2023-10-03
2023-10-03 12:05:00,173.53,173.53,173.53,173.53,1249,2023-10-03
2023-10-03 12:10:00,173.45,173.45,173.36,173.36,2346,2023-10-03
2023-10-03 12:15:00,173.43,173.43,173.42,173.42,702,2023-10-03
2023-10-03 12:25:00,173.64,173.64,173.64,173.64,1423,2023-10-03
2023-10-03 12:30:00,173.36,173.36,173.36,173.36,840,2023-10-03
2023-10-03 12:35:00,173.36,173.36,173.23,173.23,747,2023-10-03
2023-10-03 12:45:00,173.34,173.41,173.34,173.34,1055,2023-10-03
2023-10-03 13:00:00,173.42,173.42,173.4,173.4,754,2023-10-03
2023-10-03 13:05:00,173.5,173.5,173.5,173.5,576,2023-10-03
2023-10-03 13:20:00,173.44,173.44,173.44,173.44,111,2023-10-03
2023-10-03 13:25:00,173.5,173.5,173.5,173.5,452,2023-10-03
2023-10-03 13:30:00,173.69,173.69,173.63,173.69,2300,2023-10-03
2023-10-03 13:40:00,173.5,173.5,173.32,173.32,1158,2023-10-03
2023-10-03 13:45:00,173.33,173.33,173.33,173.33,419,2023-10-03
2023-10-03 13:55:00,173.32,173.32,173.3,173.3,1325,2023-10-03
2023-10-03 14:00:00,173.33,173.37,173.22,173.22,12223,2023-10-03
2023-10-03 14:05:00,173.22,173.27,173.15,173.15,10074,2023-10-03
2023-10-03 14:10:00,173.1,173.1,172.98,172.98,7952,2023-10-03
2023-10-03 14:15:00,173,173,172.89,172.89,6605,2023-10-03
2023-10-03 14:20:00,172.98,173,172.75,172.75,13870,2023-10-03
2023-10-03 14:25:00,172.71,172.75,172.63,172.75,10979,2023-10-03
2023-10-03 14:30:00,172.75,172.89,172.75,172.89,1515,2023-10-03
2023-10-03 14:35:00,172.81,172.81,172.74,172.74,2558,2023-10-03
2023-10-03 14:40:00,172.73,172.73,172.6,172.73,7542,2023-10-03
2023-10-03 14:45:00,172.62,172.7,172.57,172.57,8764,2023-10-03
2023-10-03 14:50:00,172.5,172.57,172.36,172.57,7517,2023-10-03
2023-10-03 14:55:00,172.61,172.81,172.61,172.75,6160,2023-10-03
2023-10-03 15:00:00,173.34,173.76,172.4,172.6,58425,2023-10-03
2023-10-03 15:05:00,172.56,172.65,172.42,172.42,6450,2023-10-03
2023-10-03 15:10:00,172.6052,172.89,172.46,172.69,20911,2023-10-03
2023-10-03 15:15:00,172.76,172.76,172.44,172.576,5663,2023-10-03
2023-10-03 15:20:00,172.6,172.65,172.5,172.6,8264,2023-10-03
2023-10-03 15:25:00,172.75,172.77,172.715,172.77,4583,2023-10-03
2023-10-03 15:30:00,172.638,172.73,172.52,172.73,2351,2023-10-03
2023-10-03 15:35:00,172.6798,172.6798,172.12,172.25,21729,2023-10-03
2023-10-03 15:40:00,172.25,172.32,172.08,172.32,21554,2023-10-03
2023-10-03 15:45:00,172.2736,172.45,172.21,172.28,15948,2023-10-03
2023-10-03 15:50:00,172.25,172.37,172.2,172.25,10634,2023-10-03
2023-10-03 15:55:00,172.3141,172.3141,172.03,172.15,20786,2023-10-03
2023-10-03 16:00:00,172.15,172.39,172.11,172.39,18467,2023-10-03
2023-10-03 16:05:00,172.35,172.5,170.6365,172.4,17450,2023-10-03
2023-10-03 16:10:00,172.36,172.41,172.16,172.16,10255,2023-10-03
2023-10-03 16:15:00,172.15,172.43,172.01,172.43,32460,2023-10-03
2023-10-03 16:20:00,172.43,172.43,172.24,172.36,20454,2023-10-03
2023-10-03 16:25:00,172.36,172.38,172.05,172.21,54254,2023-10-03
2023-10-03 16:30:00,172.255,172.93,172.21,172.725,1377875.0,2023-10-03
2023-10-03 16:35:00,172.7,173.2739,172.61,173.05,939916,2023-10-03
2023-10-03 16:40:00,173.04,173.36,172.94,173.08,905839,2023-10-03
2023-10-03 16:45:00,173.06,173.36,172.9,173.21,661707,2023-10-03
2023-10-03 16:50:00,173.22,173.63,173.21,173.505,984445,2023-10-03
2023-10-03 16:55:00,173.51,173.6298,173.19,173.27,653595,2023-10-03
2023-10-03 17:00:00,173.27,173.3,172.06,172.16,1480077.0,2023-10-03
2023-10-03 17:05:00,172.155,172.25,171.65,171.72,916768,2023-10-03
2023-10-03 17:10:00,171.72,172.02,171.28,171.29,994188,2023-10-03
2023-10-03 17:15:00,171.29,171.31,170.82,171.11,1050674.0,2023-10-03
2023-10-03 17:20:00,171.112,171.36,170.94,171.08,679876,2023-10-03
2023-10-03 17:25:00,171.07,171.41,171.06,171.1718,594325,2023-10-03
2023-10-03 17:30:00,171.18,171.67,171.07,171.58,724539,2023-10-03
2023-10-03 17:35:00,171.5788,171.9,171.3612,171.39,640150,2023-10-03
2023-10-03 17:40:00,171.3875,171.79,171.37,171.7501,447519,2023-10-03
2023-10-03 17:45:00,171.755,171.7947,171.33,171.54,478749,2023-10-03
2023-10-03 17:50:00,171.56,171.59,171.31,171.47,471555,2023-10-03
2023-10-03 17:55:00,171.46,171.58,171.3,171.51,681967,2023-10-03
2023-10-03 18:00:00,171.5,171.7,171.39,171.475,747141,2023-10-03
2023-10-03 18:05:00,171.47,171.88,171.45,171.65,536571,2023-10-03
2023-10-03 18:10:00,171.66,171.87,171.52,171.835,542045,2023-10-03
2023-10-03 18:15:00,171.84,171.955,171.75,171.8901,478501,2023-10-03
2023-10-03 18:20:00,171.9,171.985,171.71,171.78,417132,2023-10-03
2023-10-03 18:25:00,171.7634,171.81,171.55,171.64,473519,2023-10-03
2023-10-03 18:30:00,171.63,171.79,171.37,171.3935,456271,2023-10-03
2023-10-03 18:35:00,171.3952,171.6,171.36,171.5901,346432,2023-10-03
2023-10-03 18:40:00,171.6,171.84,171.6,171.81,325921,2023-10-03
2023-10-03 18:45:00,171.8,171.84,171.5815,171.64,270356,2023-10-03
2023-10-03 18:50:00,171.65,171.792,171.44,171.45,354025,2023-10-03
2023-10-03 18:55:00,171.45,171.83,171.43,171.75,261788,2023-10-03
2023-10-03 19:00:00,171.7482,172.09,171.69,172.02,622559,2023-10-03
2023-10-03 19:05:00,172.01,172.0899,171.84,171.8712,326311,2023-10-03
2023-10-03 19:10:00,171.88,172.02,171.81,172.0003,276088,2023-10-03
2023-10-03 19:15:00,171.99,172.29,171.93,172.17,438130,2023-10-03
2023-10-03 19:20:00,172.16,172.2199,171.92,172.195,325228,2023-10-03
2023-10-03 19:25:00,172.19,172.365,172.01,172.264,489742,2023-10-03
2023-10-03 19:30:00,172.28,172.505,172.26,172.38,456548,2023-10-03
2023-10-03 19:35:00,172.375,172.5484,172.24,172.51,318436,2023-10-03
2023-10-03 19:40:00,172.515,172.67,172.4,172.43,534729,2023-10-03
2023-10-03 19:45:00,172.4257,172.64,172.4201,172.58,365959,2023-10-03
2023-10-03 19:50:00,172.59,172.69,172.52,172.52,361895,2023-10-03
2023-10-03 19:55:00,172.52,172.62,172.36,172.56,458029,2023-10-03
2023-10-03 20:00:00,172.55,172.805,172.539,172.6239,522237,2023-10-03
2023-10-03 20:05:00,172.62,172.72,172.27,172.2909,375059,2023-10-03
2023-10-03 20:10:00,172.3,172.33,172.12,172.27,420211,2023-10-03
2023-10-03 20:15:00,172.27,172.31,172.035,172.09,293064,2023-10-03
2023-10-03 20:20:00,172.09,172.24,171.97,172.1699,358232,2023-10-03
2023-10-03 20:25:00,172.17,172.215,171.9649,172.0018,263144,2023-10-03
2023-10-03 20:30:00,172.01,172.0948,171.92,171.98,276242,2023-10-03
2023-10-03 20:35:00,171.98,172.02,171.75,171.78,340140,2023-10-03
2023-10-03 20:40:00,171.79,172.03,171.79,171.965,260949,2023-10-03
2023-10-03 20:45:00,171.97,172.055,171.77,171.8,251351,2023-10-03
2023-10-03 20:50:00,171.815,171.9699,171.812,171.9,312209,2023-10-03
2023-10-03 20:55:00,171.8908,172,171.82,171.97,260076,2023-10-03
2023-10-03 21:00:00,171.97,172.13,171.75,171.82,358421,2023-10-03
2023-10-03 21:05:00,171.83,171.9,171.5699,171.64,376743,2023-10-03
2023-10-03 21:10:00,171.63,171.8,171.551,171.7,328401,2023-10-03
2023-10-03 21:15:00,171.695,171.79,171.56,171.7875,332364,2023-10-03
2023-10-03 21:20:00,171.785,171.94,171.71,171.9019,332369,2023-10-03
2023-10-03 21:25:00,171.9,172.02,171.775,171.85,344930,2023-10-03
2023-10-03 21:30:00,171.85,172.01,171.815,171.945,257949,2023-10-03
2023-10-03 21:35:00,171.945,172.025,171.84,172.015,251505,2023-10-03
2023-10-03 21:40:00,172.01,172.23,171.92,172.219,311325,2023-10-03
2023-10-03 21:45:00,172.21,172.3228,172.12,172.2552,442773,2023-10-03
2023-10-03 21:50:00,172.255,172.4,172.08,172.21,393631,2023-10-03
2023-10-03 21:55:00,172.2,172.37,172.08,172.27,425821,2023-10-03
2023-10-03 22:00:00,172.26,172.3,172.04,172.1311,424649,2023-10-03
2023-10-03 22:05:00,172.14,172.16,171.875,171.945,474007,2023-10-03
2023-10-03 22:10:00,171.95,172.11,171.805,171.8301,465227,2023-10-03
2023-10-03 22:15:00,171.83,172.07,171.79,172,451682,2023-10-03
2023-10-03 22:20:00,171.99,172.2,171.985,172.1599,481756,2023-10-03
2023-10-03 22:25:00,172.16,172.16,171.85,171.86,441178,2023-10-03
2023-10-03 22:30:00,171.855,171.96,171.785,171.8031,572660,2023-10-03
2023-10-03 22:35:00,171.81,172.01,171.78,171.87,522320,2023-10-03
2023-10-03 22:40:00,171.88,172.246,171.88,172.085,709516,2023-10-03
2023-10-03 22:45:00,172.09,172.2,172.02,172.14,703278,2023-10-03
2023-10-03 22:50:00,172.13,172.38,172.09,172.22,1335671.0,2023-10-03
2023-10-03 22:55:00,172.225,172.52,172.085,172.46,2408701.0,2023-10-03
2023-10-03 23:00:00,172.4,172.55,172.35,172.45,645899,2023-10-03
2023-10-03 23:05:00,172.45,172.45,172.35,172.4,128189,2023-10-03
2023-10-03 23:10:00,172.4,172.4,172.32,172.33,40411,2023-10-03
2023-10-03 23:15:00,172.34,172.35,172.34,172.35,2527,2023-10-03
2023-10-03 23:20:00,172.35,172.4,172.35,172.35,5865,2023-10-03
2023-10-03 23:25:00,172.34,172.37,172.32,172.36,5750,2023-10-03
2023-10-03 23:30:00,172.33,172.33,172.24,172.28,7997,2023-10-03
2023-10-03 23:35:00,172.28,172.4,172.26,172.3,44456,2023-10-03
2023-10-03 23:40:00,172.33,172.3701,172.3,172.3,8830,2023-10-03
2023-10-03 23:45:00,172.3,172.3,172.2,172.24,15686,2023-10-03
2023-10-03 23:50:00,172.2,172.21,172.14,172.14,2614,2023-10-03
2023-10-03 23:55:00,172.12,172.17,172.09,172.13,6896,2023-10-03
2023-10-04 00:00:00,172.13,172.14,172.13,172.13,1016,2023-10-03
2023-10-04 00:05:00,172.14,172.2,172.12,172.2,4163,2023-10-03
2023-10-04 00:10:00,172.15,172.2078,172.15,172.2078,2410,2023-10-03
2023-10-04 00:15:00,172.1512,172.1512,172.15,172.15,417,2023-10-03
2023-10-04 00:20:00,172.11,172.11,172.04,172.04,8482,2023-10-03
2023-10-04 00:25:00,172.05,172.06,172.04,172.06,8473,2023-10-03
2023-10-04 00:30:00,172.0599,172.0599,172.05,172.05,1489,2023-10-03
2023-10-04 00:35:00,172.06,172.06,172.06,172.06,2848,2023-10-03
2023-10-04 00:40:00,172.04,172.05,172.04,172.05,4066,2023-10-03
2023-10-04 00:45:00,172.03,172.05,172,172,6154,2023-10-03
2023-10-04 00:50:00,172.02,172.05,172.02,172.02,1657,2023-10-03
2023-10-04 00:55:00,172.04,172.05,172.04,172.05,4219,2023-10-03
2023-10-04 01:00:00,172.05,172.19,172.04,172.19,9854,2023-10-03
2023-10-04 01:05:00,172.07,172.07,171.94,171.95,6239,2023-10-03
2023-10-04 01:10:00,171.94,171.96,171.94,171.95,2042,2023-10-03
2023-10-04 01:15:00,171.99,172,171.99,172,3440,2023-10-03
2023-10-04 01:20:00,171.95,172,171.95,171.96,3213,2023-10-03
2023-10-04 01:25:00,172,172,171.95,171.95,6372,2023-10-03
2023-10-04 01:30:00,171.97,171.97,171.97,171.97,309,2023-10-03
2023-10-04 01:35:00,171.99,171.99,171.99,171.99,121,2023-10-03
2023-10-04 01:40:00,172,172.07,172,172.07,2351,2023-10-03
2023-10-04 01:45:00,172.05,172.05,172.05,172.05,106,2023-10-03
2023-10-04 01:50:00,172,172,172,172,389,2023-10-03
2023-10-04 01:55:00,172.16,172.16,172.08,172.08,608,2023-10-03
2023-10-04 02:00:00,172.01,172.01,171.3,171.33,51875,2023-10-03
2023-10-04 02:05:00,171.35,171.61,171.35,171.61,2530,2023-10-03
2023-10-04 02:10:00,171.36,171.4,171.02,171.06,22972,2023-10-03
2023-10-04 02:15:00,171.05,171.23,171.02,171.13,10878,2023-10-03
2023-10-04 02:20:00,171.2,171.26,171.2,171.25,3548,2023-10-03
2023-10-04 02:25:00,171.25,171.31,171.2,171.25,5059,2023-10-03
2023-10-04 02:30:00,171.25,171.27,171.11,171.2,15803,2023-10-03
2023-10-04 02:35:00,171.2,171.5,171.2,171.45,13997,2023-10-03
2023-10-04 02:40:00,171.44,171.45,171.27,171.4,4898,2023-10-03
2023-10-04 02:45:00,171.37,171.39,171.09,171.2,24046,2023-10-03
2023-10-04 02:50:00,171.2,171.2,171.16,171.16,11358,2023-10-03
2023-10-04 02:55:00,171.17,171.17,170.85,170.88,22724,2023-10-03
2023-10-04 11:00:00,170.48,170.48,169.26,169.75,30479,2023-10-04
2023-10-04 11:05:00,169.6,170.05,169.58,170.05,10896,2023-10-04
2023-10-04 11:10:00,169.99,170.07,169.97,170.07,3364,2023-10-04
2023-10-04 11:15:00,170.19,170.2,169.82,169.82,8367,2023-10-04
2023-10-04 11:20:00,169.86,169.95,169.84,169.95,2631,2023-10-04
2023-10-04 11:25:00,170,170.27,170,170.22,14494,2023-10-04
2023-10-04 11:30:00,170.22,170.23,170.1,170.1,1674,2023-10-04
2023-10-04 11:35:00,170.17,170.2,170,170.2,6686,2023-10-04
2023-10-04 11:40:00,170.23,170.24,169.8,169.8,27078,2023-10-04
2023-10-04 11:45:00,169.95,170.15,169.95,170.15,6442,2023-10-04
2023-10-04 11:50:00,170.18,170.19,170.11,170.18,3293,2023-10-04
2023-10-04 11:55:00,170.18,170.35,170.18,170.35,9073,2023-10-04
2023-10-04 12:00:00,170.23,170.24,170,170,9775,2023-10-04
2023-10-04 12:05:00,170.01,170.2,170.01,170.2,886,2023-10-04
2023-10-04 12:10:00,170.27,170.34,170.27,170.33,5021,2023-10-04
2023-10-04 12:15:00,170.33,170.35,170.28,170.33,3094,2023-10-04
2023-10-04 12:20:00,170.32,170.38,170.23,170.38,2298,2023-10-04
2023-10-04 12:25:00,170.43,170.47,170.43,170.47,1262,2023-10-04
2023-10-04 12:30:00,170.46,170.62,170.46,170.58,5224,2023-10-04
2023-10-04 12:35:00,170.57,170.63,170.57,170.57,4200,2023-10-04
2023-10-04 12:40:00,170.64,170.69,170.5,170.6,5673,2023-10-04
2023-10-04 12:45:00,170.41,170.41,170.39,170.4,3512,2023-10-04
2023-10-04 12:50:00,170.5,170.6,170.36,170.6,1187,2023-10-04
2023-10-04 12:55:00,170.55,170.57,170.54,170.57,1636,2023-10-04
2023-10-04 13:00:00,170.6,170.6,170.55,170.55,1059,2023-10-04
2023-10-04 13:05:00,170.53,170.53,170.53,170.53,274,2023-10-04
2023-10-04 13:10:00,170.45,170.79,170.45,170.76,8746,2023-10-04
2023-10-04 13:15:00,170.75,170.75,170.72,170.72,1244,2023-10-04
2023-10-04 13:20:00,170.7,170.9,170.7,170.9,2415,2023-10-04
2023-10-04 13:25:00,170.9,170.9,170.85,170.85,3443,2023-10-04
2023-10-04 13:35:00,170.6,170.67,170.6,170.67,675,2023-10-04
2023-10-04 13:40:00,170.7,170.71,170.41,170.5,7344,2023-10-04
2023-10-04 13:45:00,170.36,170.36,170.35,170.35,1079,2023-10-04
2023-10-04 13:50:00,170.37,170.55,170.37,170.55,2426,2023-10-04
2023-10-04 13:55:00,170.6,170.72,170.6,170.72,2924,2023-10-04
2023-10-04 14:00:00,170.71,170.85,170.68,170.82,11188,2023-10-04
2023-10-04 14:05:00,170.82,171.25,170.82,171.1,28308,2023-10-04
2023-10-04 14:10:00,171.05,171.16,170.9,170.98,10263,2023-10-04
2023-10-04 14:15:00,170.98,171.09,170.93,170.94,25321,2023-10-04
2023-10-04 14:20:00,170.93,170.93,170.76,170.88,15987,2023-10-04
2023-10-04 14:25:00,170.93,170.93,170.74,170.77,10873,2023-10-04
2023-10-04 14:30:00,170.76,170.85,170.74,170.85,5441,2023-10-04
2023-10-04 14:35:00,170.83,170.83,170.66,170.8,10317,2023-10-04
2023-10-04 14:40:00,170.76,170.86,170.76,170.82,13279,2023-10-04
2023-10-04 14:45:00,170.85,171,170.85,170.93,12081,2023-10-04
2023-10-04 14:50:00,170.96,170.99,170.9,170.99,8493,2023-10-04
2023-10-04 14:55:00,170.91,170.99,170.8,170.9,10916,2023-10-04
2023-10-04 15:00:00,170.72,171.26,169.57,171.05,95151,2023-10-04
2023-10-04 15:05:00,171.1,171.24,171.1,171.2,26050,2023-10-04
2023-10-04 15:10:00,171.2,171.24,171.13,171.15,11721,2023-10-04
2023-10-04 15:15:00,171.2,171.68,171.2,171.34,75917,2023-10-04
2023-10-04 15:20:00,171.35,171.69,171.29,171.57,71401,2023-10-04
2023-10-04 15:25:00,171.52,171.54,171.11,171.1925,38839,2023-10-04
2023-10-04 15:30:00,171.33,171.48,171.29,171.46,12376,2023-10-04
2023-10-04 15:35:00,171.46,171.72,171.42,171.6,27293,2023-10-04
2023-10-04 15:40:00,171.58,171.76,171.49,171.67,26537,2023-10-04
2023-10-04 15:45:00,171.61,171.65,171.48,171.6,26376,2023-10-04
2023-10-04 15:50:00,171.56,171.67,171.5,171.67,29415,2023-10-04
2023-10-04 15:55:00,171.66,171.78,171.55,171.6,43380,2023-10-04
2023-10-04 16:00:00,171.61,171.61,171.31,171.55,124334,2023-10-04
2023-10-04 16:05:00,171.58,171.6,171.4,171.57,19300,2023-10-04
2023-10-04 16:10:00,171.55,171.57,171.31,171.31,29909,2023-10-04
2023-10-04 16:15:00,171.32,171.4,171.22,171.22,33626,2023-10-04
2023-10-04 16:20:00,171.23,171.45,171.16,171.4,42832,2023-10-04
2023-10-04 16:25:00,171.37,171.5,170.86,171.12,92128,2023-10-04
2023-10-04 16:30:00,171.09,172.29,170.97,172.17,2166871.0,2023-10-04
2023-10-04 16:35:00,172.16,172.46,171.85,172.36,1022553.0,2023-10-04
2023-10-04 16:40:00,172.36,172.41,171.99,172.18,1015036.0,2023-10-04
2023-10-04 16:45:00,172.18,172.69,172.15,172.47,989278,2023-10-04
2023-10-04 16:50:00,172.49,172.62,172.1121,172.435,858697,2023-10-04
2023-10-04 16:55:00,172.43,172.63,172.29,172.49,776707,2023-10-04
2023-10-04 17:00:00,172.48,172.65,171.87,172.068,1347363.0,2023-10-04
2023-10-04 17:05:00,172.07,172.3299,171.9301,172.195,688133,2023-10-04
2023-10-04 17:10:00,172.2,172.7,172.1548,172.64,889110,2023-10-04
2023-10-04 17:15:00,172.65,172.74,172.28,172.62,837778,2023-10-04
2023-10-04 17:20:00,172.64,172.69,172.2,172.46,609913,2023-10-04
2023-10-04 17:25:00,172.46,172.61,172.28,172.395,668525,2023-10-04
2023-10-04 17:30:00,172.4,173.13,172.4,173.13,1174638.0,2023-10-04
2023-10-04 17:35:00,173.13,173.49,173.1,173.1602,1150729.0,2023-10-04
2023-10-04 17:40:00,173.16,173.4,173.11,173.16,682508,2023-10-04
2023-10-04 17:45:00,173.16,173.33,172.52,172.54,842608,2023-10-04
2023-10-04 17:50:00,172.54,172.76,172.38,172.4199,542980,2023-10-04
2023-10-04 17:55:00,172.4,172.66,172.3,172.45,614871,2023-10-04
2023-10-04 18:00:00,172.44,172.5207,172.21,172.3,537802,2023-10-04
2023-10-04 18:05:00,172.3,172.405,172.13,172.345,664036,2023-10-04
2023-10-04 18:10:00,172.34,172.59,172.34,172.51,599404,2023-10-04
2023-10-04 18:15:00,172.51,172.99,172.48,172.9799,661803,2023-10-04
2023-10-04 18:20:00,172.97,173.135,172.68,172.6833,565829,2023-10-04
2023-10-04 18:25:00,172.69,172.9351,172.68,172.86,317568,2023-10-04
2023-10-04 18:30:00,172.86,172.9,172.5601,172.61,375217,2023-10-04
2023-10-04 18:35:00,172.62,172.845,172.5,172.69,357623,2023-10-04
2023-10-04 18:40:00,172.69,172.81,172.41,172.72,394095,2023-10-04
2023-10-04 18:45:00,172.72,173.08,172.62,172.93,450460,2023-10-04
2023-10-04 18:50:00,172.93,173.082,172.75,172.9949,407920,2023-10-04
2023-10-04 18:55:00,173.01,173.15,172.98,173.14,380994,2023-10-04
2023-10-04 19:00:00,173.14,173.16,172.86,172.89,377605,2023-10-04
2023-10-04 19:05:00,172.9,173.0529,172.81,173,405188,2023-10-04
2023-10-04 19:10:00,173.01,173.2299,172.89,172.96,399051,2023-10-04
2023-10-04 19:15:00,172.97,173.12,172.9,173.12,256401,2023-10-04
2023-10-04 19:20:00,173.1109,173.29,172.95,172.97,434048,2023-10-04
2023-10-04 19:25:00,172.98,173.185,172.95,173.17,199625,2023-10-04
2023-10-04 19:30:00,173.17,173.26,173.05,173.1515,244516,2023-10-04
2023-10-04 19:35:00,173.15,173.21,172.98,173.0001,301234,2023-10-04
2023-10-04 19:40:00,173.015,173.18,172.97,173.04,280229,2023-10-04
2023-10-04 19:45:00,173.04,173.2,173.03,173.15,238538,2023-10-04
2023-10-04 19:50:00,173.14,173.19,173.03,173.1089,211111,2023-10-04
2023-10-04 19:55:00,173.1133,173.16,172.99,173.11,246009,2023-10-04
2023-10-04 20:00:00,173.1,173.13,172.87,172.89,269350,2023-10-04
2023-10-04 20:05:00,172.895,173.105,172.8888,173.02,220467,2023-10-04
2023-10-04 20:10:00,173.0289,173.1,172.96,173,264836,2023-10-04
2023-10-04 20:15:00,173,173.11,172.9727,173.08,188054,2023-10-04
2023-10-04 20:20:00,173.09,173.12,172.81,172.87,303891,2023-10-04
2023-10-04 20:25:00,172.88,172.88,172.645,172.68,389887,2023-10-04
2023-10-04 20:30:00,172.68,172.7088,172.48,172.6574,375316,2023-10-04
2023-10-04 20:35:00,172.6609,172.79,172.61,172.79,245914,2023-10-04
2023-10-04 20:40:00,172.7903,172.8399,172.54,172.832,312771,2023-10-04
2023-10-04 20:45:00,172.84,172.92,172.73,172.885,263087,2023-10-04
2023-10-04 20:50:00,172.8801,172.8895,172.54,172.57,332041,2023-10-04
2023-10-04 20:55:00,172.57,172.7,172.46,172.52,348629,2023-10-04
2023-10-04 21:00:00,172.515,172.69,172.37,172.6638,399561,2023-10-04
2023-10-04 21:05:00,172.66,172.75,172.39,172.415,286607,2023-10-04
2023-10-04 21:10:00,172.41,172.69,172.395,172.6293,270084,2023-10-04
2023-10-04 21:15:00,172.63,172.81,172.63,172.7901,290562,2023-10-04
2023-10-04 21:20:00,172.78,172.8245,172.35,172.4299,354877,2023-10-04
2023-10-04 21:25:00,172.415,172.78,172.38,172.74,355833,2023-10-04
2023-10-04 21:30:00,172.74,172.92,172.7,172.71,281635,2023-10-04
2023-10-04 21:35:00,172.71,172.855,172.61,172.8425,250642,2023-10-04
2023-10-04 21:40:00,172.84,173.03,172.81,173,295081,2023-10-04
2023-10-04 21:45:00,173,173.13,172.94,172.94,279616,2023-10-04
2023-10-04 21:50:00,172.94,172.96,172.85,172.91,199353,2023-10-04
2023-10-04 21:55:00,172.9,173.1399,172.88,173.0792,270481,2023-10-04
2023-10-04 22:00:00,173.09,173.25,173.03,173.17,342762,2023-10-04
2023-10-04 22:05:00,173.165,173.29,173.05,173.265,356723,2023-10-04
2023-10-04 22:10:00,173.261,173.51,173.235,173.425,792100,2023-10-04
2023-10-04 22:15:00,173.42,173.73,173.395,173.61,660402,2023-10-04
2023-10-04 22:20:00,173.6,173.77,173.5,173.74,498825,2023-10-04
2023-10-04 22:25:00,173.735,173.815,173.7,173.7699,891878,2023-10-04
2023-10-04 22:30:00,173.77,174.02,173.7151,173.96,687100,2023-10-04
2023-10-04 22:35:00,173.96,174.21,173.945,174.11,629673,2023-10-04
2023-10-04 22:40:00,174.115,174.18,173.93,173.94,485680,2023-10-04
2023-10-04 22:45:00,173.935,173.98,173.64,173.65,853526,2023-10-04
2023-10-04 22:50:00,173.65,173.83,173.37,173.68,2228093.0,2023-10-04
2023-10-04 22:55:00,173.68,173.78,173.49,173.66,2934394.0,2023-10-04
2023-10-04 23:00:00,173.66,173.66,173.11,173.58,200557,2023-10-04
2023-10-04 23:05:00,173.57,173.66,173.57,173.6,24061,2023-10-04
2023-10-04 23:10:00,173.66,173.66,173.61,173.61,107506,2023-10-04
2023-10-04 23:15:00,173.6,173.6,173.53,173.56,357396,2023-10-04
2023-10-04 23:20:00,173.66,173.66,173.55,173.56,26890,2023-10-04
2023-10-04 23:25:00,173.55,173.55,173.52,173.54,10818,2023-10-04
2023-10-04 23:30:00,173.52,173.54,173.5118,173.53,2966,2023-10-04
2023-10-04 23:35:00,173.52,173.55,173.5,173.54,7853,2023-10-04
2023-10-04 23:40:00,173.54,173.66,173.54,173.55,39114,2023-10-04
2023-10-04 23:45:00,173.55,173.66,173.54,173.54,16864,2023-10-04
2023-10-04 23:50:00,173.55,173.58,173.54,173.57,78928,2023-10-04
2023-10-04 23:55:00,173.55,173.55,173.5001,173.5001,3636,2023-10-04
2023-10-05 00:00:00,173.52,173.52,173.43,173.45,14942,2023-10-04
2023-10-05 00:05:00,173.44,173.46,173.44,173.45,1840,2023-10-04
2023-10-05 00:10:00,173.47,173.47,173.47,173.47,262,2023-10-04
2023-10-05 00:15:00,173.46,173.66,173.32,173.34,6896,2023-10-04
2023-10-05 00:20:00,173.35,173.36,173.22,173.25,5362,2023-10-04
2023-10-05 00:25:00,173.25,173.3767,173.25,173.3767,3156,2023-10-04
2023-10-05 00:30:00,173.38,173.38,173.2702,173.2702,3805,2023-10-04
2023-10-05 00:35:00,173.3499,173.3499,173.25,173.25,8456,2023-10-04
2023-10-05 00:40:00,173.35,173.37,173.35,173.3655,1019,2023-10-04
2023-10-05 00:45:00,173.43,173.43,173.31,173.31,1522,2023-10-04
2023-10-05 00:50:00,173.35,173.35,173.3237,173.3237,857,2023-10-04
2023-10-05 00:55:00,173.35,173.38,173.31,173.31,2520,2023-10-04
2023-10-05 01:00:00,173.3,173.39,173.25,173.3,6365,2023-10-04
2023-10-05 01:05:00,173.257,173.29,173.25,173.29,1416,2023-10-04
2023-10-05 01:10:00,173.25,173.25,173.25,173.25,586,2023-10-04
2023-10-05 01:15:00,173.26,173.31,173.25,173.31,3275,2023-10-04
2023-10-05 01:20:00,173.26,173.35,173.25,173.35,3158,2023-10-04
2023-10-05 01:25:00,173.35,173.43,173.27,173.27,5158,2023-10-04
2023-10-05 01:30:00,173.27,173.44,173.27,173.38,1930,2023-10-04
2023-10-05 01:35:00,173.42,173.45,173.4,173.45,7481,2023-10-04
2023-10-05 01:40:00,173.33,173.35,173.33,173.35,1581,2023-10-04
2023-10-05 01:45:00,173.35,173.35,173.3,173.3,3169,2023-10-04
2023-10-05 01:50:00,173.388,173.388,173.3,173.36,1423,2023-10-04
2023-10-05 01:55:00,173.33,173.33,173.33,173.33,490,2023-10-04
2023-10-05 02:00:00,173.31,173.31,173.31,173.31,509,2023-10-04
2023-10-05 02:10:00,173.34,173.34,173.34,173.34,201,2023-10-04
2023-10-05 02:15:00,173.4199,173.42,173.35,173.35,1651,2023-10-04
2023-10-05 02:20:00,173.38,173.4,173.38,173.38,1838,2023-10-04
2023-10-05 02:25:00,173.39,173.43,173.39,173.43,1122,2023-10-04
2023-10-05 02:30:00,173.4,173.4,173.38,173.38,1432,2023-10-04
2023-10-05 02:35:00,173.42,173.43,173.39,173.43,3123,2023-10-04
2023-10-05 02:40:00,173.39,173.43,173.39,173.43,1098,2023-10-04
2023-10-05 02:45:00,173.43,173.43,173.39,173.43,2542,2023-10-04
2023-10-05 02:50:00,173.38,173.38,173.3,173.3,5845,2023-10-04
2023-10-05 02:55:00,173.31,173.33,173.26,173.27,4651,2023-10-04
2023-10-05 11:00:00,173.23,173.31,173.23,173.26,2488,2023-10-05
2023-10-05 11:05:00,173.2,173.25,173.2,173.25,404,2023-10-05
2023-10-05 11:15:00,173.2,173.2,173.2,173.2,226,2023-10-05
2023-10-05 11:20:00,173.22,173.3,173.22,173.3,2463,2023-10-05
2023-10-05 11:25:00,173.34,173.34,173.34,173.34,335,2023-10-05
2023-10-05 11:30:00,173.39,173.4,173.39,173.4,554,2023-10-05
2023-10-05 11:40:00,173.36,173.36,173.36,173.36,546,2023-10-05
2023-10-05 11:50:00,173.1,173.1,173.09,173.09,730,2023-10-05
2023-10-05 11:55:00,173.08,173.08,172.92,172.92,3347,2023-10-05
2023-10-05 12:00:00,172.9,172.9,172.9,172.9,249,2023-10-05
2023-10-05 12:05:00,173,173,173,173,252,2023-10-05
2023-10-05 12:10:00,173,173,172.98,173,2650,2023-10-05
2023-10-05 12:15:00,172.92,173,172.8,173,8354,2023-10-05
2023-10-05 12:20:00,173.01,173.09,173,173.09,5523,2023-10-05
2023-10-05 12:25:00,173,173.01,173,173,15908,2023-10-05
2023-10-05 12:40:00,172.9,172.92,172.9,172.92,868,2023-10-05
2023-10-05 12:45:00,172.94,172.95,172.94,172.95,846,2023-10-05
2023-10-05 12:50:00,173,173,173,173,356,2023-10-05
2023-10-05 12:55:00,173.05,173.05,173.05,173.05,466,2023-10-05
2023-10-05 13:05:00,173.08,173.15,173.08,173.15,1368,2023-10-05
2023-10-05 13:10:00,173.22,173.35,173.22,173.35,3371,2023-10-05
2023-10-05 13:15:00,173.26,173.26,173.26,173.26,410,2023-10-05
2023-10-05 13:25:00,173.26,173.3,173.26,173.3,1408,2023-10-05
2023-10-05 13:30:00,173.3,173.32,173.3,173.3,1377,2023-10-05
2023-10-05 13:35:00,173.37,173.51,173.37,173.5,3931,2023-10-05
2023-10-05 13:45:00,173.38,173.38,173.38,173.38,484,2023-10-05
2023-10-05 13:55:00,173.41,173.48,173.41,173.48,359,2023-10-05
2023-10-05 14:00:00,173.41,173.68,173.41,173.63,11142,2023-10-05
2023-10-05 14:05:00,173.6,173.6,173.46,173.46,876,2023-10-05
2023-10-05 14:10:00,173.51,173.51,173.51,173.51,202,2023-10-05
2023-10-05 14:15:00,173.5,173.5,173.34,173.34,7475,2023-10-05
2023-10-05 14:20:00,173.35,173.53,173.35,173.49,3173,2023-10-05
2023-10-05 14:25:00,173.5,173.5,173.5,173.5,1498,2023-10-05
2023-10-05 14:30:00,173.52,173.6,173.52,173.6,1509,2023-10-05
2023-10-05 14:35:00,173.59,173.75,173.59,173.75,2768,2023-10-05
2023-10-05 14:40:00,173.71,173.73,173.7,173.73,1689,2023-10-05
2023-10-05 14:45:00,173.69,173.77,173.69,173.77,3125,2023-10-05
2023-10-05 14:50:00,173.8,173.85,173.77,173.77,10823,2023-10-05
2023-10-05 15:00:00,173.69,174,172.805,174,39738,2023-10-05
2023-10-05 15:05:00,174,174.1106,173.83,173.83,20034,2023-10-05
2023-10-05 15:10:00,173.89,173.9,173.65,173.65,18996,2023-10-05
2023-10-05 15:15:00,173.72,173.79,173.5905,173.5905,9518,2023-10-05
2023-10-05 15:20:00,173.6,173.65,173.56,173.59,4403,2023-10-05
2023-10-05 15:25:00,173.55,173.6,173.5,173.6,5712,2023-10-05
2023-10-05 15:30:00,173.66,173.67,173.02,173.19,21860,2023-10-05
2023-10-05 15:35:00,173.17,173.2,172.8,172.9201,40078,2023-10-05
2023-10-05 15:40:00,172.9216,173,172.82,172.94,18251,2023-10-05
2023-10-05 15:45:00,172.9399,173.259,172.91,173.15,13883,2023-10-05
2023-10-05 15:50:00,173.14,173.23,173.05,173.12,7026,2023-10-05
2023-10-05 15:55:00,173.11,173.3,173.11,173.3,5212,2023-10-05
2023-10-05 16:00:00,173.27,173.42,173.16,173.17,17434,2023-10-05
2023-10-05 16:05:00,173.11,173.32,173.11,173.32,13823,2023-10-05
2023-10-05 16:10:00,173.37,173.37,173.2,173.2,6660,2023-10-05
2023-10-05 16:15:00,173.19,173.29,173.0807,173.29,8881,2023-10-05
2023-10-05 16:20:00,173.23,173.23,173.13,173.22,8654,2023-10-05
2023-10-05 16:25:00,173.21,173.8,173,173.77,50548,2023-10-05
2023-10-05 16:30:00,173.79,174.3,173.7,174,1622435.0,2023-10-05
2023-10-05 16:35:00,174,174.408,173.86,173.88,934271,2023-10-05
2023-10-05 16:40:00,173.86,173.98,173.56,173.81,809942,2023-10-05
2023-10-05 16:45:00,173.82,174.0901,173.58,173.93,706031,2023-10-05
2023-10-05 16:50:00,173.931,174.02,173.5301,173.56,692860,2023-10-05
2023-10-05 16:55:00,173.565,173.955,173.45,173.8723,657344,2023-10-05
2023-10-05 17:00:00,173.87,173.875,173.3101,173.419,934455,2023-10-05
2023-10-05 17:05:00,173.42,173.43,173.13,173.23,624840,2023-10-05
2023-10-05 17:10:00,173.23,173.4273,173.07,173.4,526872,2023-10-05
2023-10-05 17:15:00,173.3999,173.58,173.25,173.54,515014,2023-10-05
2023-10-05 17:20:00,173.545,173.598,173.21,173.2805,533743,2023-10-05
2023-10-05 17:25:00,173.28,173.83,173.26,173.69,579612,2023-10-05
2023-10-05 17:30:00,173.69,173.7562,173.4341,173.44,459842,2023-10-05
2023-10-05 17:35:00,173.46,173.4621,172.81,172.92,755430,2023-10-05
2023-10-05 17:40:00,172.905,172.99,172.79,172.98,743910,2023-10-05
2023-10-05 17:45:00,172.99,173.11,172.725,172.755,535721,2023-10-05
2023-10-05 17:50:00,172.76,172.99,172.68,172.96,553618,2023-10-05
2023-10-05 17:55:00,172.945,173.0761,172.912,173,450386,2023-10-05
2023-10-05 18:00:00,173,173.194,172.84,173.095,485722,2023-10-05
2023-10-05 18:05:00,173.085,173.2,172.83,172.98,381788,2023-10-05
2023-10-05 18:10:00,172.975,173.375,172.93,173.315,550858,2023-10-05
2023-10-05 18:15:00,173.3197,173.355,173.15,173.19,565099,2023-10-05
2023-10-05 18:20:00,173.195,173.63,173.19,173.54,606371,2023-10-05
2023-10-05 18:25:00,173.535,173.65,173.45,173.6,508322,2023-10-05
2023-10-05 18:30:00,173.605,173.618,173.31,173.455,488542,2023-10-05
2023-10-05 18:35:00,173.45,173.645,173.36,173.58,695508,2023-10-05
2023-10-05 18:40:00,173.565,173.625,173.3005,173.31,362306,2023-10-05
2023-10-05 18:45:00,173.31,173.57,173.265,173.45,320605,2023-10-05
2023-10-05 18:50:00,173.44,173.8,173.34,173.795,500610,2023-10-05
2023-10-05 18:55:00,173.79,173.83,173.415,173.4801,462255,2023-10-05
2023-10-05 19:00:00,173.485,173.7188,173.36,173.66,373867,2023-10-05
2023-10-05 19:05:00,173.65,173.84,173.63,173.7499,391705,2023-10-05
2023-10-05 19:10:00,173.7468,173.9796,173.71,173.925,433643,2023-10-05
2023-10-05 19:15:00,173.93,174,173.76,173.9301,342382,2023-10-05
2023-10-05 19:20:00,173.95,174.03,173.82,173.825,371934,2023-10-05
2023-10-05 19:25:00,173.83,174.015,173.78,173.97,517951,2023-10-05
2023-10-05 19:30:00,173.9601,174.03,173.8,173.83,361765,2023-10-05
2023-10-05 19:35:00,173.84,174,173.81,173.82,1043555.0,2023-10-05
2023-10-05 19:40:00,173.82,173.82,173.66,173.78,276847,2023-10-05
2023-10-05 19:45:00,173.785,173.8299,173.62,173.6899,219582,2023-10-05
2023-10-05 19:50:00,173.68,173.9199,173.67,173.88,250205,2023-10-05
2023-10-05 19:55:00,173.88,173.95,173.73,173.947,227378,2023-10-05
2023-10-05 20:00:00,173.9446,173.98,173.8,173.84,294114,2023-10-05
2023-10-05 20:05:00,173.85,173.89,173.645,173.68,279825,2023-10-05
2023-10-05 20:10:00,173.68,174.02,173.6576,173.9359,372552,2023-10-05
2023-10-05 20:15:00,173.935,174.03,173.85,173.88,312211,2023-10-05
2023-10-05 20:20:00,173.89,174.1099,173.87,174,351612,2023-10-05
2023-10-05 20:25:00,173.99,174.16,173.96,174.1582,302482,2023-10-05
2023-10-05 20:30:00,174.15,174.26,173.96,174.21,568915,2023-10-05
2023-10-05 20:35:00,174.21,174.64,174.19,174.605,743231,2023-10-05
2023-10-05 20:40:00,174.61,174.915,174.6,174.8501,867962,2023-10-05
2023-10-05 20:45:00,174.8513,174.96,174.8339,174.865,537552,2023-10-05
2023-10-05 20:50:00,174.87,175.03,174.7701,174.85,686924,2023-10-05
2023-10-05 20:55:00,174.835,174.895,174.73,174.89,386690,2023-10-05
2023-10-05 21:00:00,174.88,175.2,174.88,175.13,602767,2023-10-05
2023-10-05 21:05:00,175.1371,175.16,174.97,175.015,340754,2023-10-05
2023-10-05 21:10:00,175.0191,175.035,174.8544,175.02,379321,2023-10-05
2023-10-05 21:15:00,175.03,175.17,174.97,175.065,499929,2023-10-05
2023-10-05 21:20:00,175.06,175.095,174.8515,174.89,352843,2023-10-05
2023-10-05 21:25:00,174.89,174.985,174.75,174.9599,351107,2023-10-05
2023-10-05 21:30:00,174.95,175.25,174.905,175.2433,560257,2023-10-05
2023-10-05 21:35:00,175.24,175.39,175.19,175.36,591694,2023-10-05
2023-10-05 21:40:00,175.36,175.45,175.235,175.33,611822,2023-10-05
2023-10-05 21:45:00,175.33,175.39,175.17,175.2599,396637,2023-10-05
2023-10-05 21:50:00,175.265,175.39,175.25,175.3,230384,2023-10-05
2023-10-05 21:55:00,175.3,175.365,175.2,175.33,344928,2023-10-05
2023-10-05 22:00:00,175.335,175.39,175.21,175.269,284357,2023-10-05
2023-10-05 22:05:00,175.275,175.3399,175.16,175.16,320268,2023-10-05
2023-10-05 22:10:00,175.17,175.2,174.9221,175.1412,453151,2023-10-05
2023-10-05 22:15:00,175.15,175.18,175.01,175.025,322545,2023-10-05
2023-10-05 22:20:00,175.02,175.0551,174.87,174.97,431720,2023-10-05
2023-10-05 22:25:00,174.972,175.12,174.972,175.12,343028,2023-10-05
2023-10-05 22:30:00,175.12,175.22,175.08,175.155,537719,2023-10-05
2023-10-05 22:35:00,175.16,175.22,175.04,175.07,359856,2023-10-05
2023-10-05 22:40:00,175.0704,175.14,174.86,174.9318,543623,2023-10-05
2023-10-05 22:45:00,174.93,175.18,174.9,175.175,743062,2023-10-05
2023-10-05 22:50:00,175.17,175.21,174.87,174.95,821197,2023-10-05
2023-10-05 22:55:00,174.955,175.1,174.84,174.97,1848002.0,2023-10-05
2023-10-05 23:00:00,174.95,174.97,174.81,174.83,364015,2023-10-05
2023-10-05 23:05:00,174.82,174.91,174.75,174.79,84949,2023-10-05
2023-10-05 23:10:00,174.75,174.83,174.75,174.8,6471,2023-10-05
2023-10-05 23:15:00,174.78,174.91,174.74,174.91,24353,2023-10-05
2023-10-05 23:20:00,174.91,174.91,174.74,174.75,7279,2023-10-05
2023-10-05 23:25:00,174.74,174.7877,174.74,174.7877,2479,2023-10-05
2023-10-05 23:30:00,174.77,174.77,174.77,174.77,609,2023-10-05
2023-10-05 23:35:00,174.77,174.91,174.75,174.77,35477,2023-10-05
2023-10-05 23:40:00,174.76,174.77,174.75,174.75,1365,2023-10-05
2023-10-05 23:45:00,174.91,174.91,174.73,174.75,27959,2023-10-05
2023-10-05 23:50:00,174.76,174.76,174.72,174.76,1512,2023-10-05
2023-10-05 23:55:00,174.78,174.84,174.78,174.8398,3960,2023-10-05
2023-10-06 00:00:00,174.91,174.91,174.91,174.91,20677,2023-10-05
2023-10-06 00:05:00,174.8,174.81,174.79,174.81,2596,2023-10-05
2023-10-06 00:10:00,174.88,174.88,174.8002,174.8002,1489,2023-10-05
2023-10-06 00:15:00,174.81,174.81,174.8,174.81,826,2023-10-05
2023-10-06 00:20:00,174.8,174.82,174.79,174.81,6653,2023-10-05
2023-10-06 00:25:00,174.76,174.78,174.76,174.78,1357,2023-10-05
2023-10-06 00:30:00,174.77,174.77,174.76,174.76,1008,2023-10-05
2023-10-06 00:35:00,174.88,174.88,174.81,174.81,1392,2023-10-05
2023-10-06 00:40:00,174.79,174.79,174.79,174.79,307,2023-10-05
2023-10-06 00:45:00,174.78,174.78,174.76,174.76,974,2023-10-05
2023-10-06 00:50:00,174.77,174.77,174.77,174.77,207,2023-10-05
2023-10-06 00:55:00,174.76,174.7699,174.76,174.7697,1119,2023-10-05
2023-10-06 01:00:00,174.77,174.79,174.77,174.79,2267,2023-10-05
2023-10-06 01:05:00,174.78,174.78,174.78,174.78,115,2023-10-05
2023-10-06 01:10:00,174.79,174.79,174.78,174.78,1331,2023-10-05
2023-10-06 01:15:00,174.7808,174.8025,174.78,174.8025,557,2023-10-05
2023-10-06 01:20:00,174.78,174.78,174.78,174.78,250,2023-10-05
2023-10-06 01:25:00,174.8301,174.84,174.8301,174.84,406,2023-10-05
2023-10-06 01:30:00,174.82,174.82,174.82,174.82,241,2023-10-05
2023-10-06 01:35:00,174.78,174.78,174.78,174.78,295,2023-10-05
2023-10-06 01:40:00,174.83,174.83,174.7609,174.79,1625,2023-10-05
2023-10-06 01:45:00,174.81,174.81,174.76,174.78,2903,2023-10-05
2023-10-06 01:50:00,174.76,174.77,174.76,174.77,801,2023-10-05
2023-10-06 01:55:00,174.77,174.77,174.77,174.77,119,2023-10-05
2023-10-06 02:10:00,174.78,174.78,174.78,174.78,355,2023-10-05
2023-10-06 02:15:00,174.81,174.81,174.78,174.78,1488,2023-10-05
2023-10-06 02:20:00,174.78,174.78,174.77,174.77,1881,2023-10-05
2023-10-06 02:25:00,174.78,174.81,174.76,174.76,929,2023-10-05
2023-10-06 02:30:00,174.67,174.78,174.67,174.75,2979,2023-10-05
2023-10-06 02:35:00,174.7,174.75,174.7,174.7,7473,2023-10-05
2023-10-06 02:40:00,174.71,174.71,174.71,174.71,251,2023-10-05
2023-10-06 02:45:00,174.72,174.75,174.72,174.75,635,2023-10-05
2023-10-06 02:50:00,174.75,174.77,174.75,174.77,1503,2023-10-05
2023-10-06 02:55:00,174.78,174.79,174.75,174.75,4257,2023-10-05
2023-10-06 11:00:00,175.08,175.22,175.01,175.02,7905,2023-10-06
2023-10-06 11:05:00,175,175,174.97,175,2388,2023-10-06
2023-10-06 11:10:00,175.02,175.02,175,175,2115,2023-10-06
2023-10-06 11:20:00,174.92,174.92,174.9,174.9,2541,2023-10-06
2023-10-06 11:25:00,174.9,174.9,174.9,174.9,653,2023-10-06
2023-10-06 11:30:00,174.92,174.92,174.92,174.92,256,2023-10-06
2023-10-06 11:35:00,174.88,174.88,174.88,174.88,103,2023-10-06
2023-10-06 11:40:00,174.87,174.87,174.87,174.87,176,2023-10-06
2023-10-06 11:45:00,174.98,174.98,174.98,174.98,344,2023-10-06
2023-10-06 11:50:00,174.98,174.98,174.98,174.98,1010,2023-10-06
2023-10-06 11:55:00,174.9,174.9,174.88,174.88,1680,2023-10-06
2023-10-06 12:00:00,174.82,174.82,174.82,174.82,284,2023-10-06
2023-10-06 12:10:00,174.98,175,174.98,175,967,2023-10-06
2023-10-06 12:20:00,174.97,174.97,174.97,174.97,830,2023-10-06
2023-10-06 12:25:00,175.06,175.06,175.06,175.06,463,2023-10-06
2023-10-06 12:30:00,175.08,175.1,175.08,175.1,715,2023-10-06
2023-10-06 12:35:00,175.02,175.1,175.02,175.08,4783,2023-10-06
2023-10-06 12:40:00,175.08,175.08,175.08,175.08,1717,2023-10-06
2023-10-06 12:50:00,175.08,175.08,175.08,175.08,388,2023-10-06
2023-10-06 13:00:00,175.08,175.22,175.08,175.22,2446,2023-10-06
2023-10-06 13:05:00,175.18,175.21,175.18,175.21,3498,2023-10-06
2023-10-06 13:10:00,175.25,175.32,175.25,175.32,2003,2023-10-06
2023-10-06 13:15:00,175.31,175.31,175.28,175.29,660,2023-10-06
2023-10-06 13:20:00,175.32,175.32,175.32,175.32,462,2023-10-06
2023-10-06 13:25:00,175.33,175.5,175.32,175.47,4256,2023-10-06
2023-10-06 13:35:00,175.4,175.49,175.4,175.49,1716,2023-10-06
2023-10-06 13:40:00,175.49,175.49,175.49,175.49,1975,2023-10-06
2023-10-06 13:55:00,175.35,175.35,175.35,175.35,209,2023-10-06
2023-10-06 14:00:00,175.36,175.45,175.35,175.44,8957,2023-10-06
2023-10-06 14:05:00,175.4,175.4,175.31,175.4,3202,2023-10-06
2023-10-06 14:10:00,175.38,175.4,175.38,175.39,3173,2023-10-06
2023-10-06 14:15:00,175.38,175.5,175.38,175.5,6994,2023-10-06
2023-10-06 14:20:00,175.54,175.56,175.48,175.48,1488,2023-10-06
2023-10-06 14:25:00,175.45,175.45,175.4,175.4,4293,2023-10-06
2023-10-06 14:30:00,175.25,175.29,175.1,175.1,4705,2023-10-06
2023-10-06 14:35:00,175.16,175.16,175.11,175.11,2241,2023-10-06
2023-10-06 14:40:00,175.17,175.28,175.17,175.2,4737,2023-10-06
2023-10-06 14:45:00,175.25,175.3,175.25,175.26,9109,2023-10-06
2023-10-06 14:50:00,175.25,175.3,175.2,175.2,3470,2023-10-06
2023-10-06 14:55:00,175.2,175.2,175.15,175.15,1187,2023-10-06
2023-10-06 15:00:00,175.4105,175.59,174.52,175.2,51967,2023-10-06
2023-10-06 15:05:00,175.201,175.54,175.201,175.39,14234,2023-10-06
2023-10-06 15:10:00,175.3899,175.39,175.36,175.39,1089,2023-10-06
2023-10-06 15:15:00,175.33,175.44,175.33,175.4,2506,2023-10-06
2023-10-06 15:20:00,175.3,175.31,175.3,175.31,2150,2023-10-06
2023-10-06 15:25:00,175.23,175.3964,175.23,175.35,2470,2023-10-06
2023-10-06 15:30:00,175.27,175.54,172.8,173.03,235034,2023-10-06
2023-10-06 15:35:00,173.14,173.59,172.75,173.35,111319,2023-10-06
2023-10-06 15:40:00,173.4,173.69,173.3512,173.3512,60577,2023-10-06
2023-10-06 15:45:00,173.4001,173.4132,173.11,173.15,21534,2023-10-06
2023-10-06 15:50:00,173.2,173.35,172.87,173.19,109122,2023-10-06
2023-10-06 15:55:00,173.13,173.36,173.018,173.29,30183,2023-10-06
2023-10-06 16:00:00,173.29,173.45,173.04,173.43,46671,2023-10-06
2023-10-06 16:05:00,173.35,173.7,173.35,173.53,52676,2023-10-06
2023-10-06 16:10:00,173.55,173.9,173.46,173.69,26739,2023-10-06
2023-10-06 16:15:00,173.69,173.95,173.69,173.91,29605,2023-10-06
2023-10-06 16:20:00,173.91,174.11,173.7608,173.9,35553,2023-10-06
2023-10-06 16:25:00,173.83,174.0965,173.72,173.89,24139,2023-10-06
2023-10-06 16:30:00,173.8,175.06,173.8,174.2,1871332.0,2023-10-06
2023-10-06 16:35:00,174.185,174.42,173.32,173.43,1218701.0,2023-10-06
2023-10-06 16:40:00,173.41,173.7,173.18,173.59,818211,2023-10-06
2023-10-06 16:45:00,173.59,174.11,173.43,173.57,837845,2023-10-06
2023-10-06 16:50:00,173.596,173.99,173.53,173.84,614863,2023-10-06
2023-10-06 16:55:00,173.84,174.05,173.51,174.03,701260,2023-10-06
2023-10-06 17:00:00,174.04,174.1,173.4501,173.64,760845,2023-10-06
2023-10-06 17:05:00,173.65,173.78,173.35,173.62,508862,2023-10-06
2023-10-06 17:10:00,173.6,174.25,173.56,174.16,749242,2023-10-06
2023-10-06 17:15:00,174.17,174.4,173.9096,173.91,630340,2023-10-06
2023-10-06 17:20:00,173.91,174.61,173.68,174.59,709782,2023-10-06
2023-10-06 17:25:00,174.6,174.89,174.53,174.81,698157,2023-10-06
2023-10-06 17:30:00,174.8,175.07,174.7687,174.8299,1092189.0,2023-10-06
2023-10-06 17:35:00,174.825,175.13,174.73,174.9501,867801,2023-10-06
2023-10-06 17:40:00,174.96,175.06,174.73,175.04,667745,2023-10-06
2023-10-06 17:45:00,175.036,175.28,174.985,175.03,563612,2023-10-06
2023-10-06 17:50:00,175.0399,175.2,174.95,174.9642,395177,2023-10-06
2023-10-06 17:55:00,174.9753,175.19,174.84,175.13,506485,2023-10-06
2023-10-06 18:00:00,175.1324,175.42,175.09,175.3712,570471,2023-10-06
2023-10-06 18:05:00,175.38,175.64,175.24,175.539,906178,2023-10-06
2023-10-06 18:10:00,175.535,175.67,175.38,175.46,744705,2023-10-06
2023-10-06 18:15:00,175.46,175.58,175.24,175.29,689021,2023-10-06
2023-10-06 18:20:00,175.28,175.45,175.21,175.448,353014,2023-10-06
2023-10-06 18:25:00,175.445,175.725,175.36,175.45,598965,2023-10-06
2023-10-06 18:30:00,175.45,175.95,175.43,175.9449,533184,2023-10-06
2023-10-06 18:35:00,175.95,176.1,175.88,176.0797,737284,2023-10-06
2023-10-06 18:40:00,176.08,176.4,176.06,176.29,702764,2023-10-06
2023-10-06 18:45:00,176.3,176.59,176.18,176.56,655234,2023-10-06
2023-10-06 18:50:00,176.57,176.655,176.43,176.5723,475527,2023-10-06
2023-10-06 18:55:00,176.57,176.84,176.53,176.7987,602819,2023-10-06
2023-10-06 19:00:00,176.795,177.05,176.74,176.875,959460,2023-10-06
2023-10-06 19:05:00,176.88,176.98,176.75,176.81,462032,2023-10-06
2023-10-06 19:10:00,176.81,176.84,176.58,176.655,542369,2023-10-06
2023-10-06 19:15:00,176.655,176.7,176.52,176.6,496554,2023-10-06
2023-10-06 19:20:00,176.61,176.62,176.31,176.477,560453,2023-10-06
2023-10-06 19:25:00,176.47,176.72,176.3537,176.6701,438931,2023-10-06
2023-10-06 19:30:00,176.68,176.77,176.48,176.495,435113,2023-10-06
2023-10-06 19:35:00,176.5,176.75,176.45,176.65,299886,2023-10-06
2023-10-06 19:40:00,176.64,176.93,176.625,176.9,481123,2023-10-06
2023-10-06 19:45:00,176.9,176.99,176.8203,176.8646,323464,2023-10-06
2023-10-06 19:50:00,176.87,176.92,176.73,176.825,346390,2023-10-06
2023-10-06 19:55:00,176.82,176.88,176.735,176.82,216312,2023-10-06
2023-10-06 20:00:00,176.83,176.9,176.71,176.765,270224,2023-10-06
2023-10-06 20:05:00,176.768,176.88,176.705,176.82,211063,2023-10-06
2023-10-06 20:10:00,176.81,177.07,176.69,177.07,622716,2023-10-06
2023-10-06 20:15:00,177.07,177.16,177.03,177.145,480579,2023-10-06
2023-10-06 20:20:00,177.145,177.36,177.105,177.3201,993134,2023-10-06
2023-10-06 20:25:00,177.34,177.34,177.04,177.16,376660,2023-10-06
2023-10-06 20:30:00,177.17,177.27,177.13,177.26,309277,2023-10-06
2023-10-06 20:35:00,177.2588,177.39,177.12,177.345,410354,2023-10-06
2023-10-06 20:40:00,177.36,177.3899,177.12,177.19,310939,2023-10-06
2023-10-06 20:45:00,177.2,177.33,177.1,177.27,365766,2023-10-06
2023-10-06 20:50:00,177.27,177.33,177.205,177.245,238082,2023-10-06
2023-10-06 20:55:00,177.2485,177.31,177.17,177.2799,295531,2023-10-06
2023-10-06 21:00:00,177.275,177.38,177.13,177.29,347216,2023-10-06
2023-10-06 21:05:00,177.29,177.36,177.15,177.2905,411312,2023-10-06
2023-10-06 21:10:00,177.29,177.38,177.26,177.32,301342,2023-10-06
2023-10-06 21:15:00,177.3223,177.3399,177.195,177.2316,268528,2023-10-06
2023-10-06 21:20:00,177.23,177.355,177.21,177.3174,311115,2023-10-06
2023-10-06 21:25:00,177.32,177.54,177.3,177.5291,485431,2023-10-06
2023-10-06 21:30:00,177.53,177.575,177.4717,177.52,351897,2023-10-06
2023-10-06 21:35:00,177.5188,177.67,177.42,177.6173,410101,2023-10-06
2023-10-06 21:40:00,177.6184,177.69,177.5631,177.62,388005,2023-10-06
2023-10-06 21:45:00,177.62,177.7059,177.55,177.6,277582,2023-10-06
2023-10-06 21:50:00,177.6,177.6059,177.465,177.51,284899,2023-10-06
2023-10-06 21:55:00,177.5052,177.59,177.42,177.54,368697,2023-10-06
2023-10-06 22:00:00,177.535,177.64,177.45,177.5068,811709,2023-10-06
2023-10-06 22:05:00,177.51,177.67,177.4601,177.615,513627,2023-10-06
2023-10-06 22:10:00,177.6149,177.62,177.47,177.57,387185,2023-10-06
2023-10-06 22:15:00,177.575,177.62,177.51,177.61,324523,2023-10-06
2023-10-06 22:20:00,177.6106,177.83,177.59,177.8,530028,2023-10-06
2023-10-06 22:25:00,177.8,177.955,177.7691,177.94,586246,2023-10-06
2023-10-06 22:30:00,177.935,177.99,177.73,177.75,615746,2023-10-06
2023-10-06 22:35:00,177.745,177.93,177.72,177.92,523148,2023-10-06
2023-10-06 22:40:00,177.92,177.9489,177.72,177.755,760194,2023-10-06
2023-10-06 22:45:00,177.755,177.9,177.7101,177.8199,819006,2023-10-06
2023-10-06 22:50:00,177.82,177.92,177.4,177.4599,1936789.0,2023-10-06
2023-10-06 22:55:00,177.45,177.6,177.405,177.49,2664550.0,2023-10-06
2023-10-06 23:00:00,177.49,177.69,177.45,177.63,601982,2023-10-06
2023-10-06 23:05:00,177.65,177.69,177.49,177.56,70037,2023-10-06
2023-10-06 23:10:00,177.56,177.56,177.45,177.5,32526,2023-10-06
2023-10-06 23:15:00,177.49,177.56,177.49,177.54,11057,2023-10-06
2023-10-06 23:20:00,177.53,177.61,177.49,177.61,44944,2023-10-06
2023-10-06 23:25:00,177.6,177.7,177.49,177.6,647854,2023-10-06
2023-10-06 23:30:00,177.57,177.57,177.53,177.54,8667,2023-10-06
2023-10-06 23:35:00,177.53,177.55,177.5,177.51,5543,2023-10-06
2023-10-06 23:40:00,177.51,177.55,177.49,177.54,62073,2023-10-06
2023-10-06 23:45:00,177.55,177.55,177.5,177.52,5443,2023-10-06
2023-10-06 23:50:00,177.55,177.57,177.53,177.5401,14314,2023-10-06
2023-10-06 23:55:00,177.55,177.57,177.53,177.57,3980,2023-10-06
2023-10-07 00:00:00,177.53,177.56,177.53,177.54,1515,2023-10-06
2023-10-07 00:05:00,177.53,177.56,177.51,177.56,7458,2023-10-06
2023-10-07 00:10:00,177.5399,177.54,177.52,177.54,1683,2023-10-06
2023-10-07 00:15:00,177.51,177.51,177.5,177.5,1284,2023-10-06
2023-10-07 00:20:00,177.52,177.5306,177.5,177.5306,6036,2023-10-06
2023-10-07 00:25:00,177.52,177.53,177.52,177.53,962,2023-10-06
2023-10-07 00:35:00,177.54,177.55,177.54,177.55,2196,2023-10-06
2023-10-07 00:40:00,177.54,177.5588,177.53,177.53,2793,2023-10-06
2023-10-07 00:45:00,177.5401,177.55,177.5401,177.55,939,2023-10-06
2023-10-07 00:55:00,177.54,177.54,177.53,177.53,390,2023-10-06
2023-10-07 01:00:00,177.54,177.54,177.54,177.54,699,2023-10-06
2023-10-07 01:05:00,177.55,177.59,177.55,177.59,2321,2023-10-06
2023-10-07 01:10:00,177.56,177.56,177.54,177.54,2518,2023-10-06
2023-10-07 01:15:00,177.5899,177.59,177.55,177.59,2188,2023-10-06
2023-10-07 01:20:00,177.59,177.59,177.55,177.56,2605,2023-10-06
2023-10-07 01:25:00,177.56,177.56,177.54,177.56,1864,2023-10-06
2023-10-07 01:30:00,177.56,177.56,177.56,177.56,889,2023-10-06
2023-10-07 01:35:00,177.54,177.54,177.54,177.54,261,2023-10-06
2023-10-07 01:40:00,177.52,177.54,177.5107,177.5107,1549,2023-10-06
2023-10-07 01:45:00,177.51,177.51,177.51,177.51,204,2023-10-06
2023-10-07 01:50:00,177.51,177.52,177.51,177.51,1048,2023-10-06
2023-10-07 01:55:00,177.5105,177.53,177.5105,177.53,1585,2023-10-06
2023-10-07 02:00:00,177.52,177.52,177.52,177.52,472,2023-10-06
2023-10-07 02:05:00,177.51,177.51,177.51,177.51,748,2023-10-06
2023-10-07 02:10:00,177.51,177.52,177.51,177.52,599,2023-10-06
2023-10-07 02:15:00,177.51,177.51,177.51,177.51,408,2023-10-06
2023-10-07 02:20:00,177.51,177.55,177.51,177.55,2156,2023-10-06
2023-10-07 02:25:00,177.55,177.55,177.55,177.55,171,2023-10-06
2023-10-07 02:30:00,177.58,177.59,177.58,177.58,4756,2023-10-06
2023-10-07 02:35:00,177.58,177.58,177.58,177.58,752,2023-10-06
2023-10-07 02:40:00,177.59,177.68,177.58,177.68,1894,2023-10-06
2023-10-07 02:45:00,177.69,177.77,177.69,177.72,6161,2023-10-06
2023-10-07 02:50:00,177.65,177.67,177.61,177.65,3350,2023-10-06
2023-10-07 02:55:00,177.66,177.72,177.66,177.72,4660,2023-10-06
2023-10-09 11:00:00,176,176.3,175.73,176.02,13709,2023-10-09
2023-10-09 11:05:00,176.02,176.02,175.75,175.75,4753,2023-10-09
2023-10-09 11:10:00,175.91,175.91,175.77,175.78,2484,2023-10-09
2023-10-09 11:15:00,175.88,175.95,175.78,175.89,2156,2023-10-09
2023-10-09 11:20:00,175.85,175.85,175.8,175.8,1594,2023-10-09
2023-10-09 11:25:00,175.8,175.8,175.78,175.8,1965,2023-10-09
2023-10-09 11:30:00,175.81,175.94,175.81,175.94,1448,2023-10-09
2023-10-09 11:35:00,175.95,176.07,175.93,176.07,5644,2023-10-09
2023-10-09 11:40:00,176.07,176.08,176.04,176.04,1666,2023-10-09
2023-10-09 11:45:00,176.08,176.08,176,176.07,3557,2023-10-09
2023-10-09 11:50:00,176.07,176.15,176.07,176.14,2082,2023-10-09
2023-10-09 11:55:00,176.14,176.18,176.14,176.18,843,2023-10-09
2023-10-09 12:00:00,176.1,176.1,176.04,176.04,1112,2023-10-09
2023-10-09 12:05:00,176.15,176.17,176.15,176.17,1102,2023-10-09
2023-10-09 12:10:00,176.15,176.15,176.05,176.06,2833,2023-10-09
2023-10-09 12:15:00,176.1,176.11,176.09,176.11,1561,2023-10-09
2023-10-09 12:35:00,176.01,176.01,176,176,1679,2023-10-09
2023-10-09 12:40:00,175.9,175.9,175.9,175.9,1670,2023-10-09
2023-10-09 12:50:00,175.86,175.88,175.84,175.88,6192,2023-10-09
2023-10-09 13:00:00,175.99,176.04,175.99,176.04,2260,2023-10-09
2023-10-09 13:05:00,176.06,176.15,176.05,176.14,9696,2023-10-09
2023-10-09 13:10:00,176.13,176.2,176.13,176.2,4360,2023-10-09
2023-10-09 13:15:00,176.28,176.3,176.26,176.28,3942,2023-10-09
2023-10-09 13:20:00,176.28,176.35,176.28,176.35,2375,2023-10-09
2023-10-09 13:25:00,176.22,176.22,176.15,176.16,1263,2023-10-09
2023-10-09 13:30:00,176.18,176.18,176.14,176.15,1449,2023-10-09
2023-10-09 13:35:00,176.2,176.21,176.18,176.18,1566,2023-10-09
2023-10-09 13:40:00,176.16,176.16,176.15,176.15,1384,2023-10-09
2023-10-09 13:45:00,176.15,176.15,176.1,176.1,7332,2023-10-09
2023-10-09 13:50:00,176.09,176.1,176.03,176.03,4653,2023-10-09
2023-10-09 13:55:00,176.07,176.07,176,176,4119,2023-10-09
2023-10-09 14:00:00,175.98,176.08,175.98,176,12909,2023-10-09
2023-10-09 14:05:00,175.95,176.03,175.88,175.98,22962,2023-10-09
2023-10-09 14:10:00,176.06,176.06,176.01,176.05,4427,2023-10-09
2023-10-09 14:15:00,176.06,176.06,175.85,175.85,13198,2023-10-09
2023-10-09 14:20:00,175.89,176.03,175.85,175.98,6207,2023-10-09
2023-10-09 14:25:00,176,176,175.95,175.99,3046,2023-10-09
2023-10-09 14:30:00,175.99,175.99,175.9,175.95,2180,2023-10-09
2023-10-09 14:35:00,176,176,175.92,175.92,2306,2023-10-09
2023-10-09 14:40:00,175.92,175.92,175.85,175.85,5481,2023-10-09
2023-10-09 14:50:00,175.9,175.95,175.89,175.93,7444,2023-10-09
2023-10-09 14:55:00,175.98,176.03,175.98,176.01,4694,2023-10-09
2023-10-09 15:00:00,175.94,176.19,175.5,176.15,86180,2023-10-09
2023-10-09 15:05:00,176.15,176.315,176.02,176.315,9674,2023-10-09
2023-10-09 15:10:00,176.28,176.4,176.25,176.36,11994,2023-10-09
2023-10-09 15:15:00,176.36,176.36,176.2123,176.34,6319,2023-10-09
2023-10-09 15:20:00,176.3,176.3,176,176.0101,23256,2023-10-09
2023-10-09 15:25:00,176.05,176.3497,176,176.24,14010,2023-10-09
2023-10-09 15:30:00,176.22,176.4899,176.2,176.38,55558,2023-10-09
2023-10-09 15:35:00,176.33,176.35,176.14,176.14,14346,2023-10-09
2023-10-09 15:40:00,176.15,176.22,176.09,176.17,17041,2023-10-09
2023-10-09 15:45:00,176.15,176.4,176.15,176.24,7927,2023-10-09
2023-10-09 15:50:00,176.33,176.33,176.24,176.32,10971,2023-10-09
2023-10-09 15:55:00,176.32,176.3387,176.2589,176.3387,4138,2023-10-09
2023-10-09 16:00:00,176.35,176.99,176.35,176.7,36730,2023-10-09
2023-10-09 16:05:00,176.75,176.75,176.5786,176.75,9398,2023-10-09
2023-10-09 16:10:00,176.78,176.9326,176.76,176.8,15377,2023-10-09
2023-10-09 16:15:00,176.8,176.86,176.76,176.84,13786,2023-10-09
2023-10-09 16:20:00,176.85,177.14,176.8,176.97,50539,2023-10-09
2023-10-09 16:25:00,176.75,177,176.6394,176.8,58592,2023-10-09
2023-10-09 16:30:00,176.81,176.88,176.16,176.21,1548560.0,2023-10-09
2023-10-09 16:35:00,176.195,176.38,175.8,176.235,1022739.0,2023-10-09
2023-10-09 16:40:00,176.24,176.84,176.12,176.84,818459,2023-10-09
2023-10-09 16:45:00,176.82,177.09,176.65,177.02,770451,2023-10-09
2023-10-09 16:50:00,177.02,177.17,176.7309,177.08,617334,2023-10-09
2023-10-09 16:55:00,177.07,177.299,177,177.18,581852,2023-10-09
2023-10-09 17:00:00,177.18,177.36,176.44,176.4973,864088,2023-10-09
2023-10-09 17:05:00,176.5,176.66,176.3121,176.39,695320,2023-10-09
2023-10-09 17:10:00,176.4,176.57,176.33,176.57,452026,2023-10-09
2023-10-09 17:15:00,176.58,177.08,176.56,176.975,537027,2023-10-09
2023-10-09 17:20:00,176.97,177.22,176.76,177.21,367722,2023-10-09
2023-10-09 17:25:00,177.21,177.215,176.835,176.87,426032,2023-10-09
2023-10-09 17:30:00,176.87,176.98,176.73,176.79,382102,2023-10-09
2023-10-09 17:35:00,176.78,176.8191,176.41,176.41,408693,2023-10-09
2023-10-09 17:40:00,176.44,176.67,176.29,176.59,409211,2023-10-09
2023-10-09 17:45:00,176.58,176.6662,176.2006,176.23,378131,2023-10-09
2023-10-09 17:50:00,176.22,176.56,176.22,176.48,435020,2023-10-09
2023-10-09 17:55:00,176.485,176.58,176.35,176.37,288524,2023-10-09
2023-10-09 18:00:00,176.365,176.58,176.27,176.56,368199,2023-10-09
2023-10-09 18:05:00,176.56,176.56,176.26,176.31,415594,2023-10-09
2023-10-09 18:10:00,176.3094,176.59,176.19,176.45,367509,2023-10-09
2023-10-09 18:15:00,176.445,176.69,176.445,176.675,349033,2023-10-09
2023-10-09 18:20:00,176.67,176.9,176.58,176.87,421251,2023-10-09
2023-10-09 18:25:00,176.8601,177.125,176.83,177.085,463342,2023-10-09
2023-10-09 18:30:00,177.075,177.23,177.075,177.1414,378636,2023-10-09
2023-10-09 18:35:00,177.14,177.2048,177.0372,177.09,386455,2023-10-09
2023-10-09 18:40:00,177.09,177.16,177.035,177.12,260458,2023-10-09
2023-10-09 18:45:00,177.13,177.13,176.87,177.07,495543,2023-10-09
2023-10-09 18:50:00,177.06,177.07,176.985,177.045,231237,2023-10-09
2023-10-09 18:55:00,177.03,177.2,176.98,177.195,241480,2023-10-09
2023-10-09 19:00:00,177.2,177.55,177.18,177.53,804419,2023-10-09
2023-10-09 19:05:00,177.54,177.7,177.43,177.64,364925,2023-10-09
2023-10-09 19:10:00,177.64,177.76,177.6,177.695,326253,2023-10-09
2023-10-09 19:15:00,177.7,177.889,177.692,177.862,360495,2023-10-09
2023-10-09 19:20:00,177.87,178.07,177.82,177.84,584329,2023-10-09
2023-10-09 19:25:00,177.837,177.845,177.6,177.61,331640,2023-10-09
2023-10-09 19:30:00,177.6,177.77,177.6,177.74,288295,2023-10-09
2023-10-09 19:35:00,177.75,177.75,177.56,177.6211,241935,2023-10-09
2023-10-09 19:40:00,177.6386,177.73,177.54,177.55,184148,2023-10-09
2023-10-09 19:45:00,177.555,177.75,177.5,177.7001,237161,2023-10-09
2023-10-09 19:50:00,177.705,177.77,177.58,177.66,212954,2023-10-09
2023-10-09 19:55:00,177.6572,177.67,177.435,177.6,268252,2023-10-09
2023-10-09 20:00:00,177.61,177.76,177.56,177.64,256892,2023-10-09
2023-10-09 20:05:00,177.64,177.73,177.58,177.73,146449,2023-10-09
2023-10-09 20:10:00,177.7389,177.785,177.63,177.72,186306,2023-10-09
2023-10-09 20:15:00,177.72,177.84,177.7,177.74,216593,2023-10-09
2023-10-09 20:20:00,177.7301,177.79,177.6814,177.78,146847,2023-10-09
2023-10-09 20:25:00,177.78,177.97,177.765,177.95,220176,2023-10-09
2023-10-09 20:30:00,177.96,178.1,177.94,178.06,397126,2023-10-09
2023-10-09 20:35:00,178.0601,178.14,177.99,178.12,273559,2023-10-09
2023-10-09 20:40:00,178.12,178.455,178.115,178.33,576806,2023-10-09
2023-10-09 20:45:00,178.32,178.6,178.23,178.42,630242,2023-10-09
2023-10-09 20:50:00,178.41,178.61,178.39,178.57,397395,2023-10-09
2023-10-09 20:55:00,178.57,178.79,178.54,178.72,646905,2023-10-09
2023-10-09 21:00:00,178.72,178.7699,178.5803,178.7693,464682,2023-10-09
2023-10-09 21:05:00,178.75,178.97,178.68,178.875,517230,2023-10-09
2023-10-09 21:10:00,178.875,178.95,178.825,178.85,364952,2023-10-09
2023-10-09 21:15:00,178.86,178.93,178.78,178.8285,354714,2023-10-09
2023-10-09 21:20:00,178.82,178.8499,178.72,178.7999,296712,2023-10-09
2023-10-09 21:25:00,178.79,178.87,178.71,178.84,337564,2023-10-09
2023-10-09 21:30:00,178.845,178.9,178.6575,178.6575,400255,2023-10-09
2023-10-09 21:35:00,178.66,178.7699,178.42,178.76,523410,2023-10-09
2023-10-09 21:40:00,178.75,179.02,178.74,178.95,603358,2023-10-09
2023-10-09 21:45:00,178.9499,178.97,178.81,178.8738,382114,2023-10-09
2023-10-09 21:50:00,178.875,178.94,178.7799,178.9399,250126,2023-10-09
2023-10-09 21:55:00,178.9387,179.04,178.87,178.8879,438903,2023-10-09
2023-10-09 22:00:00,178.89,179.02,178.72,178.835,475797,2023-10-09
2023-10-09 22:05:00,178.83,178.9969,178.805,178.945,282918,2023-10-09
2023-10-09 22:10:00,178.95,179.05,178.85,178.89,441430,2023-10-09
2023-10-09 22:15:00,178.89,178.8942,178.665,178.745,507769,2023-10-09
2023-10-09 22:20:00,178.74,178.97,177.71,178.86,366322,2023-10-09
2023-10-09 22:25:00,178.856,178.95,178.8005,178.9,359500,2023-10-09
2023-10-09 22:30:00,178.9,178.9012,178.7,178.735,420350,2023-10-09
2023-10-09 22:35:00,178.73,178.8299,178.665,178.795,786886,2023-10-09
2023-10-09 22:40:00,178.795,178.91,178.79,178.81,601538,2023-10-09
2023-10-09 22:45:00,178.8,179.0007,178.76,179,739846,2023-10-09
2023-10-09 22:50:00,179,179,178.8,178.9243,974742,2023-10-09
2023-10-09 22:55:00,178.93,179.05,178.92,179,1595013.0,2023-10-09
2023-10-09 23:00:00,178.99,178.99,178.83,178.98,345566,2023-10-09
2023-10-09 23:05:00,178.99,179.01,178.91,178.94,123381,2023-10-09
2023-10-09 23:10:00,178.92,178.99,178.88,178.91,21048,2023-10-09
2023-10-09 23:15:00,178.94,178.97,178.91,178.93,9190,2023-10-09
2023-10-09 23:20:00,178.93,178.97,178.93,178.95,4243,2023-10-09
2023-10-09 23:25:00,178.93,178.95,178.9,178.9,7185,2023-10-09
2023-10-09 23:30:00,178.9,178.91,178.85,178.85,6032,2023-10-09
2023-10-09 23:35:00,178.8401,178.89,178.83,178.84,6022,2023-10-09
2023-10-09 23:40:00,178.85,178.85,178.84,178.85,1781,2023-10-09
2023-10-09 23:45:00,178.85,178.87,178.82,178.82,8414,2023-10-09
2023-10-09 23:50:00,178.83,178.89,178.81,178.84,3444,2023-10-09
2023-10-09 23:55:00,178.85,178.99,178.85,178.87,34750,2023-10-09
2023-10-10 00:00:00,178.84,178.87,178.84,178.87,556,2023-10-09
2023-10-10 00:05:00,178.87,178.9,178.86,178.9,2610,2023-10-09
2023-10-10 00:10:00,178.87,178.87,178.87,178.87,326,2023-10-09
2023-10-10 00:15:00,178.8702,178.8702,178.8702,178.8702,590,2023-10-09
2023-10-10 00:20:00,178.87,178.87,178.87,178.87,414,2023-10-09
2023-10-10 00:25:00,178.9,178.9,178.9,178.9,886,2023-10-09
2023-10-10 00:30:00,178.88,178.88,178.86,178.86,714,2023-10-09
2023-10-10 00:35:00,178.83,178.83,178.82,178.82,976,2023-10-09
2023-10-10 00:40:00,178.83,178.85,178.8205,178.85,1109,2023-10-09
2023-10-10 00:50:00,178.82,178.84,178.81,178.83,4282,2023-10-09
2023-10-10 00:55:00,178.81,178.83,178.81,178.82,1016,2023-10-09
2023-10-10 01:00:00,178.87,178.87,178.83,178.83,1156,2023-10-09
2023-10-10 01:05:00,178.82,178.82,178.8,178.8,923,2023-10-09
2023-10-10 01:10:00,178.8358,178.84,178.8,178.8,1461,2023-10-09
2023-10-10 01:15:00,178.8,178.84,178.79,178.84,2037,2023-10-09
2023-10-10 01:20:00,178.83,178.83,178.83,178.83,285,2023-10-09
2023-10-10 01:25:00,178.83,178.85,178.8,178.85,5001,2023-10-09
2023-10-10 01:30:00,178.86,178.86,178.81,178.83,3356,2023-10-09
2023-10-10 01:35:00,178.83,178.85,178.8,178.85,3602,2023-10-09
2023-10-10 01:40:00,178.8122,178.8122,178.8122,178.8122,353,2023-10-09
2023-10-10 01:45:00,178.8201,178.89,178.8201,178.89,670,2023-10-09
2023-10-10 01:50:00,178.88,178.8888,178.88,178.8888,2058,2023-10-09
2023-10-10 01:55:00,178.85,178.85,178.85,178.85,134,2023-10-09
2023-10-10 02:00:00,178.85,178.85,178.82,178.82,1067,2023-10-09
2023-10-10 02:05:00,178.87,178.87,178.87,178.87,314,2023-10-09
2023-10-10 02:10:00,178.89,178.89,178.88,178.89,733,2023-10-09
2023-10-10 02:15:00,178.9,178.9,178.9,178.9,1309,2023-10-09
2023-10-10 02:20:00,178.88,178.95,178.85,178.85,1725,2023-10-09
2023-10-10 02:25:00,178.88,178.88,178.85,178.85,2233,2023-10-09
2023-10-10 02:30:00,178.88,178.95,178.88,178.95,2939,2023-10-09
2023-10-10 02:35:00,178.95,178.95,178.95,178.95,3073,2023-10-09
2023-10-10 02:40:00,178.97,178.97,178.91,178.91,639,2023-10-09
2023-10-10 02:45:00,178.87,178.88,178.87,178.88,780,2023-10-09
2023-10-10 02:50:00,178.86,178.96,178.86,178.96,6506,2023-10-09
2023-10-10 02:55:00,178.96,179,178.88,178.88,4855,2023-10-09
2023-10-10 11:00:00,179,179,178.88,178.88,2782,2023-10-10
2023-10-10 11:10:00,178.85,179.02,178.85,179,6217,2023-10-10
2023-10-10 11:15:00,179,179.01,179,179,1806,2023-10-10
2023-10-10 11:20:00,179.07,179.14,179.03,179.14,2793,2023-10-10
2023-10-10 11:25:00,179.17,179.25,179.17,179.25,8033,2023-10-10
2023-10-10 11:30:00,179.3,179.33,179.28,179.3,2279,2023-10-10
2023-10-10 11:35:00,179.27,179.32,179.27,179.27,1003,2023-10-10
2023-10-10 11:40:00,179.23,179.23,179.2,179.2,2723,2023-10-10
2023-10-10 11:45:00,179.2,179.24,179.2,179.24,1104,2023-10-10
2023-10-10 11:50:00,179.3,179.3,179.3,179.3,638,2023-10-10
2023-10-10 11:55:00,179.35,179.35,179.29,179.35,3433,2023-10-10
2023-10-10 12:00:00,179.3,179.3,179.2,179.2,5900,2023-10-10
2023-10-10 12:05:00,179.17,179.17,179.17,179.17,1458,2023-10-10
2023-10-10 12:10:00,179.25,179.25,179.15,179.15,1226,2023-10-10
2023-10-10 12:15:00,179.23,179.24,179.23,179.24,1228,2023-10-10
2023-10-10 12:20:00,179.24,179.24,179.18,179.18,1768,2023-10-10
2023-10-10 12:30:00,179.15,179.15,179.15,179.15,750,2023-10-10
2023-10-10 12:40:00,179.1,179.16,179.1,179.16,1032,2023-10-10
2023-10-10 12:45:00,179.13,179.13,179.13,179.13,255,2023-10-10
2023-10-10 12:50:00,179.13,179.13,179.12,179.12,550,2023-10-10
2023-10-10 13:00:00,179.14,179.14,179.05,179.05,778,2023-10-10
2023-10-10 13:05:00,179.16,179.18,179.16,179.18,1531,2023-10-10
2023-10-10 13:10:00,179.11,179.11,179.11,179.11,509,2023-10-10
2023-10-10 13:15:00,179.14,179.14,179.1,179.1,1864,2023-10-10
2023-10-10 13:20:00,179.08,179.08,179.08,179.08,385,2023-10-10
2023-10-10 13:25:00,179.15,179.18,179.15,179.18,2077,2023-10-10
2023-10-10 13:30:00,179.17,179.17,179.17,179.17,177,2023-10-10
2023-10-10 13:35:00,179.13,179.13,179.13,179.13,332,2023-10-10
2023-10-10 13:40:00,179.1,179.16,179.1,179.16,1706,2023-10-10
2023-10-10 13:45:00,179.15,179.15,179.1,179.1,3096,2023-10-10
2023-10-10 13:50:00,179.13,179.13,179.07,179.07,2858,2023-10-10
2023-10-10 13:55:00,179.01,179.01,178.82,178.82,8281,2023-10-10
2023-10-10 14:00:00,178.89,178.89,178.78,178.83,7527,2023-10-10
2023-10-10 14:05:00,178.82,178.82,178.55,178.6,8944,2023-10-10
2023-10-10 14:10:00,178.63,178.63,178.38,178.41,6010,2023-10-10
2023-10-10 14:15:00,178.49,178.55,178.48,178.48,7217,2023-10-10
2023-10-10 14:20:00,178.5,178.51,178.25,178.25,9779,2023-10-10
2023-10-10 14:25:00,178.25,178.3,178.2,178.25,3706,2023-10-10
2023-10-10 14:30:00,178.3,178.49,178.3,178.47,6627,2023-10-10
2023-10-10 14:35:00,178.45,178.51,178.3,178.4,16452,2023-10-10
2023-10-10 14:40:00,178.41,178.41,178.35,178.35,906,2023-10-10
2023-10-10 14:45:00,178.32,178.33,177.84,177.84,22077,2023-10-10
2023-10-10 14:50:00,177.92,178,177.92,177.94,16864,2023-10-10
2023-10-10 14:55:00,177.94,177.95,177.7,177.7,23409,2023-10-10
2023-10-10 15:00:00,178.25,179.11,177.7,177.83,89970,2023-10-10
2023-10-10 15:05:00,177.94,178.18,177.9,178.1,23095,2023-10-10
2023-10-10 15:10:00,178.08,178.15,178.08,178.1,4073,2023-10-10
2023-10-10 15:15:00,178.1898,178.19,178.0808,178.13,3842,2023-10-10
2023-10-10 15:20:00,178.13,178.29,178.12,178.29,7412,2023-10-10
2023-10-10 15:25:00,178.25,178.3,178.2,178.29,7813,2023-10-10
2023-10-10 15:30:00,178.3,178.3765,178.2801,178.3,6951,2023-10-10
2023-10-10 15:35:00,178.36,178.36,178.24,178.2513,7524,2023-10-10
2023-10-10 15:40:00,178.25,178.3,178.25,178.3,3567,2023-10-10
2023-10-10 15:45:00,178.3,178.3,178,178.16,15637,2023-10-10
2023-10-10 15:50:00,178.08,178.35,178.07,178.35,14423,2023-10-10
2023-10-10 15:55:00,178.34,178.35,178.06,178.15,34065,2023-10-10
2023-10-10 16:00:00,178.03,178.15,177.95,178.13,22079,2023-10-10
2023-10-10 16:05:00,178.13,178.2,178.13,178.15,8152,2023-10-10
2023-10-10 16:10:00,178.15,178.33,178.15,178.33,9290,2023-10-10
2023-10-10 16:15:00,178.33,178.33,178.1801,178.28,9539,2023-10-10
2023-10-10 16:20:00,178.25,178.3462,178,178.0385,24009,2023-10-10
2023-10-10 16:25:00,178.04,178.14,177.85,178.1,50660,2023-10-10
2023-10-10 16:30:00,178.1,179.16,178.1,178.49,1693401.0,2023-10-10
2023-10-10 16:35:00,178.5,178.73,178.27,178.36,761133,2023-10-10
2023-10-10 16:40:00,178.3582,178.549,178.19,178.29,616551,2023-10-10
2023-10-10 16:45:00,178.285,178.4552,178.12,178.21,617056,2023-10-10
2023-10-10 16:50:00,178.22,178.51,178.12,178.45,558443,2023-10-10
2023-10-10 16:55:00,178.45,178.64,178.32,178.63,656141,2023-10-10
2023-10-10 17:00:00,178.63,178.9458,178.625,178.81,625140,2023-10-10
2023-10-10 17:05:00,178.81,178.83,178.46,178.475,550315,2023-10-10
2023-10-10 17:10:00,178.48,178.66,178.35,178.64,660284,2023-10-10
2023-10-10 17:15:00,178.64,179.03,178.59,178.97,583484,2023-10-10
2023-10-10 17:20:00,178.96,179.04,178.77,179.03,509087,2023-10-10
2023-10-10 17:25:00,179.03,179.31,178.97,179.1851,769569,2023-10-10
2023-10-10 17:30:00,179.191,179.36,179.04,179.26,483832,2023-10-10
2023-10-10 17:35:00,179.27,179.43,179.245,179.245,440416,2023-10-10
2023-10-10 17:40:00,179.2469,179.43,179.2429,179.255,498644,2023-10-10
2023-10-10 17:45:00,179.265,179.29,179.1,179.215,555164,2023-10-10
2023-10-10 17:50:00,179.21,179.39,179.21,179.37,383646,2023-10-10
2023-10-10 17:55:00,179.37,179.39,179.25,179.32,316678,2023-10-10
2023-10-10 18:00:00,179.33,179.55,179.27,179.535,531008,2023-10-10
2023-10-10 18:05:00,179.5399,179.62,179.13,179.18,622507,2023-10-10
2023-10-10 18:10:00,179.19,179.51,179.13,179.485,428053,2023-10-10
2023-10-10 18:15:00,179.48,179.68,179.44,179.61,459527,2023-10-10
2023-10-10 18:20:00,179.61,179.62,179.5101,179.58,286444,2023-10-10
2023-10-10 18:25:00,179.59,179.6,179.45,179.48,368865,2023-10-10
2023-10-10 18:30:00,179.485,179.54,179.38,179.49,399534,2023-10-10
2023-10-10 18:35:00,179.485,179.56,179.34,179.5024,286676,2023-10-10
2023-10-10 18:40:00,179.505,179.64,179.47,179.615,285982,2023-10-10
2023-10-10 18:45:00,179.64,179.65,179.53,179.56,245313,2023-10-10
2023-10-10 18:50:00,179.56,179.65,179.55,179.63,212017,2023-10-10
2023-10-10 18:55:00,179.62,179.675,179.5377,179.565,299120,2023-10-10
2023-10-10 19:00:00,179.56,179.58,179.48,179.53,220003,2023-10-10
2023-10-10 19:05:00,179.53,179.6295,179.5,179.58,195342,2023-10-10
2023-10-10 19:10:00,179.58,179.66,179.54,179.61,204852,2023-10-10
2023-10-10 19:15:00,179.62,179.72,179.59,179.705,264199,2023-10-10
2023-10-10 19:20:00,179.705,179.705,179.44,179.56,316620,2023-10-10
2023-10-10 19:25:00,179.56,179.66,179.52,179.6101,168662,2023-10-10
2023-10-10 19:30:00,179.62,179.69,179.58,179.5896,161553,2023-10-10
2023-10-10 19:35:00,179.59,179.6,179.35,179.43,256691,2023-10-10
2023-10-10 19:40:00,179.44,179.52,179.38,179.4998,252876,2023-10-10
2023-10-10 19:45:00,179.5,179.56,179.4011,179.41,294300,2023-10-10
2023-10-10 19:50:00,179.4099,179.65,179.39,179.63,266688,2023-10-10
2023-10-10 19:55:00,179.62,179.64,179.44,179.51,200437,2023-10-10
2023-10-10 20:00:00,179.5,179.5,178.84,178.84,615044,2023-10-10
2023-10-10 20:05:00,178.83,178.94,178.5456,178.62,789430,2023-10-10
2023-10-10 20:10:00,178.61,178.69,178.29,178.32,577460,2023-10-10
2023-10-10 20:15:00,178.315,178.379,178.17,178.3209,572607,2023-10-10
2023-10-10 20:20:00,178.32,178.63,178.27,178.38,412432,2023-10-10
2023-10-10 20:25:00,178.3625,178.47,178.14,178.45,501031,2023-10-10
2023-10-10 20:30:00,178.46,178.5759,178.22,178.27,459314,2023-10-10
2023-10-10 20:35:00,178.2799,178.52,178.27,178.355,357135,2023-10-10
2023-10-10 20:40:00,178.3699,178.5,178.32,178.44,278497,2023-10-10
2023-10-10 20:45:00,178.445,178.46,178.3,178.381,341986,2023-10-10
2023-10-10 20:50:00,178.37,178.39,178.04,178.26,482197,2023-10-10
2023-10-10 20:55:00,178.255,178.455,178.24,178.275,313719,2023-10-10
2023-10-10 21:00:00,178.27,178.3946,178.21,178.32,395955,2023-10-10
2023-10-10 21:05:00,178.3208,178.33,178.13,178.155,304720,2023-10-10
2023-10-10 21:10:00,178.16,178.32,178.12,178.13,237310,2023-10-10
2023-10-10 21:15:00,178.14,178.36,178.12,178.28,349177,2023-10-10
2023-10-10 21:20:00,178.28,178.31,178.1,178.125,321413,2023-10-10
2023-10-10 21:25:00,178.13,178.38,177.95,178.17,528603,2023-10-10
2023-10-10 21:30:00,178.19,178.34,178.14,178.3,195548,2023-10-10
2023-10-10 21:35:00,178.2983,178.39,178.16,178.315,349833,2023-10-10
2023-10-10 21:40:00,178.3,178.44,178.23,178.4,459617,2023-10-10
2023-10-10 21:45:00,178.3923,178.63,178.38,178.445,489274,2023-10-10
2023-10-10 21:50:00,178.45,178.46,178.07,178.08,406999,2023-10-10
2023-10-10 21:55:00,178.07,178.19,177.96,178.175,426330,2023-10-10
2023-10-10 22:00:00,178.175,178.34,178.07,178.305,347162,2023-10-10
2023-10-10 22:05:00,178.305,178.3999,178.19,178.3722,253066,2023-10-10
2023-10-10 22:10:00,178.37,178.37,178.21,178.305,250817,2023-10-10
2023-10-10 22:15:00,178.305,178.62,178.29,178.565,502755,2023-10-10
2023-10-10 22:20:00,178.5601,178.73,178.45,178.7,496227,2023-10-10
2023-10-10 22:25:00,178.7,178.9099,178.685,178.79,623250,2023-10-10
2023-10-10 22:30:00,178.79,178.8,178.6,178.735,518544,2023-10-10
2023-10-10 22:35:00,178.73,178.7499,178.533,178.585,487972,2023-10-10
2023-10-10 22:40:00,178.585,178.74,178.54,178.63,515934,2023-10-10
2023-10-10 22:45:00,178.63,178.68,178.53,178.61,557809,2023-10-10
2023-10-10 22:50:00,178.61,178.66,178.12,178.2299,1652985.0,2023-10-10
2023-10-10 22:55:00,178.23,178.45,178.23,178.41,1990496.0,2023-10-10
2023-10-10 23:00:00,178.39,178.58,178.37,178.55,425087,2023-10-10
2023-10-10 23:05:00,178.55,178.55,178.39,178.42,58887,2023-10-10
2023-10-10 23:10:00,178.43,178.47,178.39,178.42,14889,2023-10-10
2023-10-10 23:15:00,178.4,178.45,178.4,178.45,34627,2023-10-10
2023-10-10 23:20:00,178.39,178.45,178.39,178.41,42747,2023-10-10
2023-10-10 23:25:00,178.4185,178.4193,178.33,178.33,11790,2023-10-10
2023-10-10 23:30:00,178.37,178.42,178.37,178.42,2485,2023-10-10
2023-10-10 23:35:00,178.41,178.41,178.39,178.4,2944,2023-10-10
2023-10-10 23:40:00,178.39,178.4,178.36,178.36,15003,2023-10-10
2023-10-10 23:45:00,178.35,178.38,178.33,178.33,3474,2023-10-10
2023-10-10 23:50:00,178.33,178.33,178.3,178.32,1957,2023-10-10
2023-10-10 23:55:00,178.3,178.38,178.3,178.37,4085,2023-10-10
2023-10-11 00:00:00,178.35,178.38,178.35,178.37,1349,2023-10-10
2023-10-11 00:05:00,178.35,178.39,178.35,178.39,900,2023-10-10
2023-10-11 00:10:00,178.31,178.33,178.31,178.32,1459,2023-10-10
2023-10-11 00:15:00,178.31,178.32,178.31,178.3108,1301,2023-10-10
2023-10-11 00:20:00,178.31,178.31,178.31,178.31,165,2023-10-10
2023-10-11 00:25:00,178.36,178.49,178.32,178.35,6728,2023-10-10
2023-10-11 00:30:00,178.3279,178.39,178.3279,178.38,18709,2023-10-10
2023-10-11 00:35:00,178.38,178.38,178.38,178.38,113,2023-10-10
2023-10-11 00:40:00,178.36,178.36,178.34,178.36,2001,2023-10-10
2023-10-11 00:45:00,178.32,178.32,178.32,178.32,105,2023-10-10
2023-10-11 00:50:00,178.32,178.3558,178.31,178.31,3141,2023-10-10
2023-10-11 01:00:00,178.34,178.36,178.34,178.36,1550,2023-10-10
2023-10-11 01:05:00,178.37,178.37,178.36,178.36,618,2023-10-10
2023-10-11 01:10:00,178.35,178.36,178.33,178.33,6874,2023-10-10
2023-10-11 01:15:00,178.3411,178.36,178.3411,178.36,469,2023-10-10
2023-10-11 01:20:00,178.36,178.39,178.36,178.38,4875,2023-10-10
2023-10-11 01:25:00,178.39,178.39,178.39,178.39,390,2023-10-10
2023-10-11 01:30:00,178.39,178.44,178.3701,178.43,2480,2023-10-10
2023-10-11 01:40:00,178.4,178.4,178.4,178.4,217,2023-10-10
2023-10-11 01:45:00,178.41,178.41,178.41,178.41,181,2023-10-10
2023-10-11 01:50:00,178.4,178.43,178.4,178.43,2679,2023-10-10
2023-10-11 01:55:00,178.44,178.45,178.44,178.45,7791,2023-10-10
2023-10-11 02:00:00,178.45,178.46,178.43,178.45,1049,2023-10-10
2023-10-11 02:05:00,178.42,178.42,178.42,178.42,1008,2023-10-10
2023-10-11 02:10:00,178.44,178.45,178.41,178.45,2091,2023-10-10
2023-10-11 02:20:00,178.45,178.45,178.45,178.45,157,2023-10-10
2023-10-11 02:25:00,178.5,178.5,178.48,178.48,759,2023-10-10
2023-10-11 02:30:00,178.49,178.49,178.45,178.45,499,2023-10-10
2023-10-11 02:35:00,178.46,178.48,178.42,178.48,1170,2023-10-10
2023-10-11 02:40:00,178.44,178.44,178.44,178.44,179,2023-10-10
2023-10-11 02:45:00,178.42,178.42,178.42,178.42,113,2023-10-10
2023-10-11 02:50:00,178.49,178.49,178.42,178.42,896,2023-10-10
2023-10-11 02:55:00,178.49,178.54,178.42,178.54,2874,2023-10-10
2023-10-11 11:00:00,178.62,178.62,178.51,178.55,3243,2023-10-11
2023-10-11 11:05:00,178.6,178.6,178.6,178.6,661,2023-10-11
2023-10-11 11:10:00,178.6,178.6,178.51,178.51,2725,2023-10-11
2023-10-11 11:15:00,178.5,178.5,178.41,178.47,1156,2023-10-11
2023-10-11 11:20:00,178.51,178.51,178.5,178.5,744,2023-10-11
2023-10-11 11:25:00,178.41,178.41,178.36,178.36,2148,2023-10-11
2023-10-11 11:35:00,178.5,178.5,178.5,178.5,1013,2023-10-11
2023-10-11 11:40:00,178.6,178.61,178.6,178.61,1835,2023-10-11
2023-10-11 11:50:00,178.5,178.5,178.42,178.42,1921,2023-10-11
2023-10-11 11:55:00,178.41,178.41,178.4,178.4,875,2023-10-11
2023-10-11 12:00:00,178.4,178.47,178.4,178.47,1887,2023-10-11
2023-10-11 12:10:00,178.37,178.37,178.37,178.37,550,2023-10-11
2023-10-11 12:25:00,178.35,178.35,178.35,178.35,1091,2023-10-11
2023-10-11 12:40:00,178.44,178.45,178.44,178.45,862,2023-10-11
2023-10-11 12:55:00,178.5,178.61,178.5,178.6,1077,2023-10-11
2023-10-11 13:00:00,178.6,178.64,178.6,178.64,1733,2023-10-11
2023-10-11 13:05:00,178.57,178.61,178.57,178.61,441,2023-10-11
2023-10-11 13:20:00,178.47,178.47,178.47,178.47,602,2023-10-11
2023-10-11 13:25:00,178.51,178.54,178.49,178.49,1303,2023-10-11
2023-10-11 13:35:00,178.55,178.56,178.55,178.56,705,2023-10-11
2023-10-11 13:40:00,178.57,178.57,178.56,178.56,817,2023-10-11
2023-10-11 13:45:00,178.6,178.6,178.6,178.6,652,2023-10-11
2023-10-11 13:50:00,178.55,178.57,178.52,178.57,1279,2023-10-11
2023-10-11 13:55:00,178.55,178.58,178.55,178.58,611,2023-10-11
2023-10-11 14:00:00,178.56,178.62,178.56,178.61,2232,2023-10-11
2023-10-11 14:05:00,178.63,178.8,178.63,178.8,3969,2023-10-11
2023-10-11 14:10:00,178.85,178.87,178.82,178.82,3214,2023-10-11
2023-10-11 14:20:00,178.85,178.85,178.85,178.85,254,2023-10-11
2023-10-11 14:25:00,178.8,178.8,178.74,178.74,2372,2023-10-11
2023-10-11 14:30:00,178.75,178.9,178.75,178.9,6145,2023-10-11
2023-10-11 14:35:00,178.9,178.9,178.73,178.73,5792,2023-10-11
2023-10-11 14:40:00,178.76,178.76,178.54,178.54,8119,2023-10-11
2023-10-11 14:45:00,178.54,178.56,178.4,178.55,12481,2023-10-11
2023-10-11 14:50:00,178.56,178.56,178.52,178.52,1338,2023-10-11
2023-10-11 14:55:00,178.5,178.5,178.44,178.44,3819,2023-10-11
2023-10-11 15:00:00,178.58,178.92,178.3,178.36,72838,2023-10-11
2023-10-11 15:05:00,178.4167,178.5,178.4,178.49,7227,2023-10-11
2023-10-11 15:10:00,178.47,178.5,178.37,178.37,4236,2023-10-11
2023-10-11 15:15:00,178.35,178.45,178.35,178.35,11522,2023-10-11
2023-10-11 15:20:00,178.38,178.49,178.38,178.38,31713,2023-10-11
2023-10-11 15:25:00,178.4739,178.4739,178.18,178.18,13448,2023-10-11
2023-10-11 15:30:00,178.2,178.43,177.63,178.22,43000,2023-10-11
2023-10-11 15:35:00,178.25,178.4174,178.07,178.0708,20098,2023-10-11
2023-10-11 15:40:00,178.17,178.24,178.0816,178.16,10631,2023-10-11
2023-10-11 15:45:00,178.24,178.4,178.12,178.36,66071,2023-10-11
2023-10-11 15:50:00,178.4,178.41,178.29,178.36,12285,2023-10-11
2023-10-11 15:55:00,178.34,178.44,178.29,178.44,15921,2023-10-11
2023-10-11 16:00:00,178.43,178.49,178.29,178.34,20916,2023-10-11
2023-10-11 16:05:00,178.4,178.44,178.31,178.31,20718,2023-10-11
2023-10-11 16:10:00,178.3,178.35,178.1,178.1,16723,2023-10-11
2023-10-11 16:15:00,178.25,178.25,178.1,178.12,26002,2023-10-11
2023-10-11 16:20:00,178.11,178.39,178.02,178.03,27457,2023-10-11
2023-10-11 16:25:00,178.04,178.4,178,178.2,73563,2023-10-11
2023-10-11 16:30:00,178.2,178.64,178.06,178.39,1615381.0,2023-10-11
2023-10-11 16:35:00,178.385,178.9576,178.35,178.84,880582,2023-10-11
2023-10-11 16:40:00,178.8369,178.88,178.42,178.4342,725278,2023-10-11
2023-10-11 16:45:00,178.44,178.595,178.12,178.2293,745783,2023-10-11
2023-10-11 16:50:00,178.2227,178.25,177.6,177.7749,1344775.0,2023-10-11
2023-10-11 16:55:00,177.77,177.97,177.77,177.935,592758,2023-10-11
2023-10-11 17:00:00,177.93,178.08,177.67,177.9399,588862,2023-10-11
2023-10-11 17:05:00,177.9328,178.2,177.91,178.14,562830,2023-10-11
2023-10-11 17:10:00,178.1299,178.24,177.83,177.86,688249,2023-10-11
2023-10-11 17:15:00,177.8515,178.09,177.83,177.9005,487916,2023-10-11
2023-10-11 17:20:00,177.92,178.2824,177.875,178.25,543967,2023-10-11
2023-10-11 17:25:00,178.22,178.32,178.13,178.28,538452,2023-10-11
2023-10-11 17:30:00,178.28,178.49,178.131,178.485,610078,2023-10-11
2023-10-11 17:35:00,178.475,178.7,178.32,178.6483,686919,2023-10-11
2023-10-11 17:40:00,178.65,178.72,178.5,178.65,572549,2023-10-11
2023-10-11 17:45:00,178.66,178.6713,178.48,178.5924,389255,2023-10-11
2023-10-11 17:50:00,178.59,179.15,178.59,179.055,848652,2023-10-11
2023-10-11 17:55:00,179.0501,179.28,179,179.1,563904,2023-10-11
2023-10-11 18:00:00,179.1,179.32,179.095,179.225,601366,2023-10-11
2023-10-11 18:05:00,179.215,179.23,178.94,178.96,842142,2023-10-11
2023-10-11 18:10:00,178.955,179.29,178.94,179.11,391056,2023-10-11
2023-10-11 18:15:00,179.13,179.13,178.62,178.72,513960,2023-10-11
2023-10-11 18:20:00,178.725,178.85,178.6,178.8001,371519,2023-10-11
2023-10-11 18:25:00,178.829,178.88,178.56,178.5883,355137,2023-10-11
2023-10-11 18:30:00,178.59,178.94,178.54,178.88,397529,2023-10-11
2023-10-11 18:35:00,178.8781,178.8781,178.55,178.625,271450,2023-10-11
2023-10-11 18:40:00,178.62,178.63,178.445,178.585,441331,2023-10-11
2023-10-11 18:45:00,178.6,178.795,178.58,178.785,338411,2023-10-11
2023-10-11 18:50:00,178.79,178.95,178.79,178.8,385834,2023-10-11
2023-10-11 18:55:00,178.8,178.82,178.65,178.7083,261572,2023-10-11
2023-10-11 19:00:00,178.71,178.715,178.49,178.5899,279142,2023-10-11
2023-10-11 19:05:00,178.58,178.74,178.39,178.6999,464585,2023-10-11
2023-10-11 19:10:00,178.6981,178.715,178.54,178.5671,219910,2023-10-11
2023-10-11 19:15:00,178.55,178.59,178.365,178.49,317322,2023-10-11
2023-10-11 19:20:00,178.49,178.59,178.38,178.58,276563,2023-10-11
2023-10-11 19:25:00,178.59,178.6,178.49,178.5701,247365,2023-10-11
2023-10-11 19:30:00,178.58,178.63,178.47,178.5,326938,2023-10-11
2023-10-11 19:35:00,178.4964,178.695,178.44,178.61,355114,2023-10-11
2023-10-11 19:40:00,178.6088,178.71,178.55,178.59,229843,2023-10-11
2023-10-11 19:45:00,178.58,178.59,178.4284,178.47,278051,2023-10-11
2023-10-11 19:50:00,178.47,178.56,178.27,178.38,275304,2023-10-11
2023-10-11 19:55:00,178.38,178.665,178.3601,178.625,265583,2023-10-11
2023-10-11 20:00:00,178.64,178.71,178.425,178.5,327005,2023-10-11
2023-10-11 20:05:00,178.5151,178.66,178.48,178.635,232779,2023-10-11
2023-10-11 20:10:00,178.635,178.72,178.61,178.72,181899,2023-10-11
2023-10-11 20:15:00,178.72,178.742,178.33,178.38,310216,2023-10-11
2023-10-11 20:20:00,178.3849,178.6199,178.33,178.5486,469722,2023-10-11
2023-10-11 20:25:00,178.55,178.68,178.505,178.5907,307553,2023-10-11
2023-10-11 20:30:00,178.59,178.59,178.465,178.47,165938,2023-10-11
2023-10-11 20:35:00,178.47,178.55,178.375,178.43,194983,2023-10-11
2023-10-11 20:40:00,178.44,178.5778,178.43,178.5479,185885,2023-10-11
2023-10-11 20:45:00,178.5401,178.6066,178.39,178.4093,199084,2023-10-11
2023-10-11 20:50:00,178.41,178.61,178.36,178.6,220227,2023-10-11
2023-10-11 20:55:00,178.6,178.68,178.53,178.63,199968,2023-10-11
2023-10-11 21:00:00,178.62,178.94,178.59,178.76,476085,2023-10-11
2023-10-11 21:05:00,178.75,178.94,178.75,178.7858,374422,2023-10-11
2023-10-11 21:10:00,178.775,178.89,178.6817,178.8095,310890,2023-10-11
2023-10-11 21:15:00,178.81,178.95,178.7701,178.81,368170,2023-10-11
2023-10-11 21:20:00,178.805,179.27,178.805,179.265,542609,2023-10-11
2023-10-11 21:25:00,179.26,179.38,178.9201,178.95,479187,2023-10-11
2023-10-11 21:30:00,178.95,179.12,178.9,178.9799,451450,2023-10-11
2023-10-11 21:35:00,178.98,179.06,178.98,178.985,230673,2023-10-11
2023-10-11 21:40:00,178.99,179.15,178.955,179.09,683973,2023-10-11
2023-10-11 21:45:00,179.095,179.17,178.94,179.06,785570,2023-10-11
2023-10-11 21:50:00,179.06,179.19,178.99,179.1567,753864,2023-10-11
2023-10-11 21:55:00,179.15,179.22,179.02,179.085,261684,2023-10-11
2023-10-11 22:00:00,179.0773,179.29,179.04,179.1885,391149,2023-10-11
2023-10-11 22:05:00,179.18,179.24,179.055,179.23,335052,2023-10-11
2023-10-11 22:10:00,179.23,179.26,179.12,179.13,381699,2023-10-11
2023-10-11 22:15:00,179.14,179.23,179.07,179.215,499173,2023-10-11
2023-10-11 22:20:00,179.21,179.22,179.04,179.165,420484,2023-10-11
2023-10-11 22:25:00,179.1699,179.26,179.04,179.17,380263,2023-10-11
2023-10-11 22:30:00,179.17,179.27,179.14,179.225,330454,2023-10-11
2023-10-11 22:35:00,179.2285,179.35,179.1401,179.3,581514,2023-10-11
2023-10-11 22:40:00,179.3,179.47,179.24,179.425,661344,2023-10-11
2023-10-11 22:45:00,179.42,179.51,179.36,179.415,782350,2023-10-11
2023-10-11 22:50:00,179.41,179.67,179.41,179.5301,1158179.0,2023-10-11
2023-10-11 22:55:00,179.54,179.85,179.53,179.75,2273762.0,2023-10-11
2023-10-11 23:00:00,179.74,179.98,179.74,179.8,499756,2023-10-11
2023-10-11 23:05:00,179.94,180.12,179.8,180.0601,63182,2023-10-11
2023-10-11 23:10:00,180.05,180.1,179.8,180.05,37722,2023-10-11
2023-10-11 23:15:00,180.05,180.3883,180.01,180.22,57076,2023-10-11
2023-10-11 23:20:00,180.22,180.23,180.1,180.19,21201,2023-10-11
2023-10-11 23:25:00,180.16,180.2,180.06,180.08,17381,2023-10-11
2023-10-11 23:30:00,180.08,180.17,180.08,180.15,11516,2023-10-11
2023-10-11 23:35:00,180.15,180.17,179.8,180.08,42130,2023-10-11
2023-10-11 23:40:00,180.08,180.13,180.02,180.09,8608,2023-10-11
2023-10-11 23:45:00,180.05,180.14,180.01,180.1,9414,2023-10-11
2023-10-11 23:50:00,180.09,180.18,180.06,180.18,7420,2023-10-11
2023-10-11 23:55:00,180.14,180.24,180.13,180.24,8219,2023-10-11
2023-10-12 00:00:00,180.23,180.25,180.19,180.24,9624,2023-10-11
2023-10-12 00:05:00,180.21,180.25,180.19,180.24,5706,2023-10-11
2023-10-12 00:10:00,180.25,180.29,180.19,180.25,13337,2023-10-11
2023-10-12 00:15:00,180.25,180.27,180.23,180.27,1514,2023-10-11
2023-10-12 00:20:00,180.25,180.27,180.19,180.25,6351,2023-10-11
2023-10-12 00:25:00,180.2505,180.27,180.19,180.26,9656,2023-10-11
2023-10-12 00:30:00,180.26,180.3299,180.26,180.3,5964,2023-10-11
2023-10-12 00:35:00,180.3,180.33,180.26,180.26,6211,2023-10-11
2023-10-12 00:40:00,180.29,180.3,180.26,180.26,5972,2023-10-11
2023-10-12 00:45:00,180.26,180.29,180.2,180.25,6294,2023-10-11
2023-10-12 00:50:00,180.25,180.3,180.25,180.25,956,2023-10-11
2023-10-12 00:55:00,180.26,180.26,180.22,180.22,1844,2023-10-11
2023-10-12 01:00:00,180.21,180.24,180.21,180.21,7048,2023-10-11
2023-10-12 01:05:00,180.25,180.25,180.25,180.25,439,2023-10-11
2023-10-12 01:10:00,180.25,180.25,180.21,180.23,1757,2023-10-11
2023-10-12 01:15:00,180.25,180.25,180.2194,180.2194,451,2023-10-11
2023-10-12 01:20:00,180.26,180.28,180.23,180.28,1123,2023-10-11
2023-10-12 01:25:00,180.25,180.25,180.25,180.25,330,2023-10-11
2023-10-12 01:30:00,180.23,180.25,180.23,180.25,1243,2023-10-11
2023-10-12 01:35:00,180.2495,180.25,180.23,180.25,2885,2023-10-11
2023-10-12 01:40:00,180.28,180.3,180.24,180.24,2099,2023-10-11
2023-10-12 01:45:00,180.2515,180.3,180.2515,180.3,913,2023-10-11
2023-10-12 01:50:00,180.3,180.33,180.2676,180.33,4048,2023-10-11
2023-10-12 01:55:00,180.27,180.29,180.27,180.29,2235,2023-10-11
2023-10-12 02:00:00,180.29,180.29,180.27,180.27,1656,2023-10-11
2023-10-12 02:05:00,180.27,180.29,180.25,180.25,3846,2023-10-11
2023-10-12 02:10:00,180.24,180.24,180.24,180.24,496,2023-10-11
2023-10-12 02:15:00,180.21,180.25,180.21,180.24,3673,2023-10-11
2023-10-12 02:20:00,180.24,180.24,180.2,180.21,1746,2023-10-11
2023-10-12 02:25:00,180.25,180.27,180.21,180.27,1685,2023-10-11
2023-10-12 02:30:00,180.2201,180.33,180.22,180.32,5510,2023-10-11
2023-10-12 02:35:00,180.27,180.27,180.26,180.26,590,2023-10-11
2023-10-12 02:40:00,180.31,180.32,180.2799,180.28,6549,2023-10-11
2023-10-12 02:45:00,180.2899,180.29,180.2899,180.29,640,2023-10-11
2023-10-12 02:50:00,180.28,180.38,180.25,180.38,13602,2023-10-11
2023-10-12 02:55:00,180.37,180.37,180.26,180.36,13418,2023-10-11
2023-10-12 11:00:00,180.24,180.24,180.2,180.21,2979,2023-10-12
2023-10-12 11:05:00,180.22,180.23,180.2,180.23,1102,2023-10-12
2023-10-12 11:10:00,180.3,180.35,180.3,180.35,1552,2023-10-12
2023-10-12 11:15:00,180.37,180.41,180.37,180.41,1240,2023-10-12
2023-10-12 11:20:00,180.42,180.47,180.42,180.45,2680,2023-10-12
2023-10-12 11:25:00,180.43,180.44,180.4,180.41,4905,2023-10-12
2023-10-12 11:30:00,180.41,180.41,180.41,180.41,837,2023-10-12
2023-10-12 11:35:00,180.43,180.44,180.43,180.44,438,2023-10-12
2023-10-12 11:45:00,180.45,180.45,180.45,180.45,671,2023-10-12
2023-10-12 11:50:00,180.47,180.5,180.47,180.5,3247,2023-10-12
2023-10-12 11:55:00,180.5,180.5,180.46,180.46,1628,2023-10-12
2023-10-12 12:00:00,180.53,180.53,180.51,180.51,685,2023-10-12
2023-10-12 12:05:00,180.56,180.56,180.56,180.56,331,2023-10-12
2023-10-12 12:15:00,180.58,180.61,180.58,180.6,2021,2023-10-12
2023-10-12 12:25:00,180.6,180.6,180.6,180.6,1826,2023-10-12
2023-10-12 12:35:00,180.59,180.64,180.5,180.64,3862,2023-10-12
2023-10-12 12:45:00,180.58,180.6,180.49,180.5,12232,2023-10-12
2023-10-12 12:50:00,180.5,180.5,180.46,180.46,1855,2023-10-12
2023-10-12 12:55:00,180.47,180.47,180.46,180.46,1435,2023-10-12
2023-10-12 13:00:00,180.48,180.5,180.45,180.5,1720,2023-10-12
2023-10-12 13:05:00,180.5,180.55,180.5,180.55,7146,2023-10-12
2023-10-12 13:10:00,180.56,180.57,180.5,180.5,4959,2023-10-12
2023-10-12 13:15:00,180.52,180.58,180.52,180.58,843,2023-10-12
2023-10-12 13:20:00,180.55,180.57,180.45,180.46,5728,2023-10-12
2023-10-12 13:25:00,180.57,180.58,180.57,180.58,1155,2023-10-12
2023-10-12 13:35:00,180.51,180.51,180.51,180.51,472,2023-10-12
2023-10-12 13:40:00,180.5,180.5,180.5,180.5,873,2023-10-12
2023-10-12 13:45:00,180.47,180.54,180.47,180.54,889,2023-10-12
2023-10-12 13:50:00,180.47,180.47,180.44,180.44,1293,2023-10-12
2023-10-12 13:55:00,180.43,180.49,180.43,180.49,1276,2023-10-12
2023-10-12 14:00:00,180.45,180.5,180.45,180.5,3066,2023-10-12
2023-10-12 14:05:00,180.46,180.47,180.43,180.43,3150,2023-10-12
2023-10-12 14:10:00,180.42,180.47,180.41,180.47,9543,2023-10-12
2023-10-12 14:15:00,180.41,180.42,180.38,180.4,3098,2023-10-12
2023-10-12 14:20:00,180.38,180.38,180.25,180.25,2124,2023-10-12
2023-10-12 14:25:00,180.25,180.27,180.22,180.22,1276,2023-10-12
2023-10-12 14:30:00,180.25,180.3,180.25,180.25,2685,2023-10-12
2023-10-12 14:35:00,180.26,180.35,180.26,180.35,5564,2023-10-12
2023-10-12 14:40:00,180.38,180.45,180.29,180.3,5067,2023-10-12
2023-10-12 14:45:00,180.27,180.3,180.25,180.25,10498,2023-10-12
2023-10-12 14:50:00,180.34,180.34,180.34,180.34,1320,2023-10-12
2023-10-12 14:55:00,180.33,180.47,180.3,180.47,5800,2023-10-12
2023-10-12 15:00:00,180.27,180.5595,180.01,180.5,47735,2023-10-12
2023-10-12 15:05:00,180.49,180.49,180.4,180.49,4244,2023-10-12
2023-10-12 15:10:00,180.5,180.55,180.47,180.52,7095,2023-10-12
2023-10-12 15:15:00,180.475,180.475,180.3,180.3,10599,2023-10-12
2023-10-12 15:20:00,180.3,180.35,180.3,180.3,8280,2023-10-12
2023-10-12 15:25:00,180.33,180.5,180.33,180.4399,12624,2023-10-12
2023-10-12 15:30:00,180.35,180.44,179.52,179.6,113152,2023-10-12
2023-10-12 15:35:00,179.74,179.85,179.49,179.79,54776,2023-10-12
2023-10-12 15:40:00,179.76,179.95,179.7,179.95,35366,2023-10-12
2023-10-12 15:45:00,179.95,180.3,179.8611,180.04,48867,2023-10-12
2023-10-12 15:50:00,180.07,180.1,179.9,179.9,16606,2023-10-12
2023-10-12 15:55:00,179.95,180.07,179.86,179.94,22983,2023-10-12
2023-10-12 16:00:00,179.82,180.01,179.82,180,15015,2023-10-12
2023-10-12 16:05:00,180,180,179.81,179.85,16444,2023-10-12
2023-10-12 16:10:00,179.86,179.93,179.73,179.92,22302,2023-10-12
2023-10-12 16:15:00,179.87,179.98,179.71,179.78,22307,2023-10-12
2023-10-12 16:20:00,179.77,180,179.71,180,26760,2023-10-12
2023-10-12 16:25:00,179.96,180.1,179.78,180.1,45063,2023-10-12
2023-10-12 16:30:00,180.07,180.42,179.84,179.95,1588817.0,2023-10-12
2023-10-12 16:35:00,179.9615,180.55,179.95,180.39,773109,2023-10-12
2023-10-12 16:40:00,180.39,180.6201,180.23,180.52,854086,2023-10-12
2023-10-12 16:45:00,180.525,180.587,180.37,180.47,640051,2023-10-12
2023-10-12 16:50:00,180.48,180.7,180.35,180.4981,908558,2023-10-12
2023-10-12 16:55:00,180.48,180.99,180.365,180.93,1034483.0,2023-10-12
2023-10-12 17:00:00,180.93,181.16,180.81,181.109,1078533.0,2023-10-12
2023-10-12 17:05:00,181.1,181.42,181.0501,181.4,1028279.0,2023-10-12
2023-10-12 17:10:00,181.4,181.72,181.3366,181.465,1083075.0,2023-10-12
2023-10-12 17:15:00,181.47,181.57,181.18,181.2901,1042650.0,2023-10-12
2023-10-12 17:20:00,181.298,181.99,181.2,181.93,1251659.0,2023-10-12
2023-10-12 17:25:00,181.935,182.1499,181.605,181.72,1421232.0,2023-10-12
2023-10-12 17:30:00,181.73,182.04,181.66,182.01,889406,2023-10-12
2023-10-12 17:35:00,182.01,182.0899,181.82,181.872,680001,2023-10-12
2023-10-12 17:40:00,181.87,182.04,181.52,181.53,668545,2023-10-12
2023-10-12 17:45:00,181.52,182,181.46,181.79,796862,2023-10-12
2023-10-12 17:50:00,181.8,181.93,181.675,181.81,549418,2023-10-12
2023-10-12 17:55:00,181.81,182.1078,181.75,182.06,695468,2023-10-12
2023-10-12 18:00:00,182.065,182.08,181.64,181.9336,571369,2023-10-12
2023-10-12 18:05:00,181.9357,182.0399,181.77,181.99,630601,2023-10-12
2023-10-12 18:10:00,181.985,182.21,181.98,182.18,596267,2023-10-12
2023-10-12 18:15:00,182.18,182.34,182.0901,182.26,738469,2023-10-12
2023-10-12 18:20:00,182.241,182.2899,181.97,181.9701,645749,2023-10-12
2023-10-12 18:25:00,181.975,181.999,181.75,181.77,592905,2023-10-12
2023-10-12 18:30:00,181.765,181.82,181.61,181.71,807557,2023-10-12
2023-10-12 18:35:00,181.71,181.83,181.59,181.72,522455,2023-10-12
2023-10-12 18:40:00,181.72,181.84,181.59,181.75,403520,2023-10-12
2023-10-12 18:45:00,181.755,181.85,181.56,181.5699,352362,2023-10-12
2023-10-12 18:50:00,181.565,181.81,181.51,181.79,338862,2023-10-12
2023-10-12 18:55:00,181.79,181.962,181.76,181.94,450656,2023-10-12
2023-10-12 19:00:00,181.94,182.0791,181.7907,181.84,598908,2023-10-12
2023-10-12 19:05:00,181.8431,182.12,181.84,181.9703,418928,2023-10-12
2023-10-12 19:10:00,181.97,182.08,181.895,181.96,270480,2023-10-12
2023-10-12 19:15:00,181.96,182.12,181.885,182.1099,341889,2023-10-12
2023-10-12 19:20:00,182.1,182.29,182.03,182.1799,521328,2023-10-12
2023-10-12 19:25:00,182.175,182.28,182.0601,182.27,399005,2023-10-12
2023-10-12 19:30:00,182.28,182.28,182.0571,182.0638,348916,2023-10-12
2023-10-12 19:35:00,182.07,182.1396,181.98,182.055,406581,2023-10-12
2023-10-12 19:40:00,182.06,182.12,181.99,182.07,282679,2023-10-12
2023-10-12 19:45:00,182.07,182.07,181.9,181.93,295261,2023-10-12
2023-10-12 19:50:00,181.925,182.1369,181.87,182.105,453249,2023-10-12
2023-10-12 19:55:00,182.1,182.13,181.8701,181.955,332570,2023-10-12
2023-10-12 20:00:00,181.955,182.06,181.45,181.485,625877,2023-10-12
2023-10-12 20:05:00,181.5,181.51,181.1,181.15,726403,2023-10-12
2023-10-12 20:10:00,181.1525,181.21,180.74,180.77,594906,2023-10-12
2023-10-12 20:15:00,180.755,180.78,180.55,180.685,622979,2023-10-12
2023-10-12 20:20:00,180.71,180.83,180.59,180.68,407279,2023-10-12
2023-10-12 20:25:00,180.69,180.72,180.33,180.3549,544906,2023-10-12
2023-10-12 20:30:00,180.34,180.59,180.2,180.37,558740,2023-10-12
2023-10-12 20:35:00,180.38,180.63,180.36,180.46,390318,2023-10-12
2023-10-12 20:40:00,180.48,180.53,180.24,180.27,383895,2023-10-12
2023-10-12 20:45:00,180.27,180.3949,180.105,180.17,426204,2023-10-12
2023-10-12 20:50:00,180.1731,180.24,180.03,180.13,357678,2023-10-12
2023-10-12 20:55:00,180.14,180.27,179.96,179.985,455191,2023-10-12
2023-10-12 21:00:00,179.99,180.13,179.82,179.83,585363,2023-10-12
2023-10-12 21:05:00,179.82,179.88,179.58,179.595,567404,2023-10-12
2023-10-12 21:10:00,179.59,179.64,179.37,179.5641,599400,2023-10-12
2023-10-12 21:15:00,179.57,179.6,179.04,179.05,944131,2023-10-12
2023-10-12 21:20:00,179.05,179.49,179.045,179.36,804925,2023-10-12
2023-10-12 21:25:00,179.36,179.69,179.3,179.64,534088,2023-10-12
2023-10-12 21:30:00,179.635,179.77,179.49,179.75,402585,2023-10-12
2023-10-12 21:35:00,179.75,179.83,179.575,179.795,327588,2023-10-12
2023-10-12 21:40:00,179.79,179.859,179.68,179.76,324228,2023-10-12
2023-10-12 21:45:00,179.76,180.02,179.68,179.945,355844,2023-10-12
2023-10-12 21:50:00,179.96,179.96,179.7517,179.82,282659,2023-10-12
2023-10-12 21:55:00,179.8236,179.95,179.74,179.8099,265050,2023-10-12
2023-10-12 22:00:00,179.82,180,179.73,179.99,360755,2023-10-12
2023-10-12 22:05:00,180,180.01,179.7901,179.9699,374658,2023-10-12
2023-10-12 22:10:00,179.965,180.24,179.8299,180.11,559278,2023-10-12
2023-10-12 22:15:00,180.11,180.425,180.03,180.375,515020,2023-10-12
2023-10-12 22:20:00,180.38,180.48,180.24,180.275,540299,2023-10-12
2023-10-12 22:25:00,180.27,180.42,180.17,180.4,464850,2023-10-12
2023-10-12 22:30:00,180.4,180.81,180.39,180.595,899925,2023-10-12
2023-10-12 22:35:00,180.595,180.73,180.49,180.56,685514,2023-10-12
2023-10-12 22:40:00,180.56,180.67,180.43,180.46,561524,2023-10-12
2023-10-12 22:45:00,180.47,180.63,180.41,180.5,593719,2023-10-12
2023-10-12 22:50:00,180.5,180.815,180.5,180.67,1075550.0,2023-10-12
2023-10-12 22:55:00,180.68,180.81,180.59,180.73,1963507.0,2023-10-12
2023-10-12 23:00:00,180.7201,180.83,180.69,180.76,536174,2023-10-12
2023-10-12 23:05:00,180.72,180.89,180.72,180.88,26578,2023-10-12
2023-10-12 23:10:00,180.91,180.99,180.71,180.97,22344,2023-10-12
2023-10-12 23:15:00,180.97,181.1,180.71,181.09,38697,2023-10-12
2023-10-12 23:20:00,180.71,181.06,180.71,181.02,104765,2023-10-12
2023-10-12 23:25:00,181.0498,181.11,181.01,181.1,13381,2023-10-12
2023-10-12 23:30:00,181.1,181.11,181.02,181.05,12037,2023-10-12
2023-10-12 23:35:00,181.05,181.05,181.02,181.02,5067,2023-10-12
2023-10-12 23:40:00,181.0501,181.08,181.03,181.05,5273,2023-10-12
2023-10-12 23:45:00,181.0999,181.16,181.09,181.16,7511,2023-10-12
2023-10-12 23:50:00,181.15,181.2,180.71,181.18,26063,2023-10-12
2023-10-12 23:55:00,181.17,181.18,181.07,181.1,6411,2023-10-12
2023-10-13 00:00:00,181.09,181.16,181.09,181.1,1701,2023-10-12
2023-10-13 00:05:00,181.1,181.13,181.09,181.13,1287,2023-10-12
2023-10-13 00:10:00,181.1,181.17,181.1,181.17,7486,2023-10-12
2023-10-13 00:15:00,181.1712,181.2,181.17,181.19,4563,2023-10-12
2023-10-13 00:20:00,181.1802,181.21,181.1802,181.2,2280,2023-10-12
2023-10-13 00:25:00,181.2,181.21,181.18,181.19,4666,2023-10-12
2023-10-13 00:30:00,181.19,181.23,181.18,181.23,6048,2023-10-12
2023-10-13 00:35:00,181.23,181.23,181.18,181.18,4268,2023-10-12
2023-10-13 00:40:00,181.22,181.22,181.12,181.12,3220,2023-10-12
2023-10-13 00:45:00,181.1,181.18,181.1,181.18,3026,2023-10-12
2023-10-13 00:50:00,181.19,181.19,181.18,181.18,2272,2023-10-12
2023-10-13 00:55:00,181.19,181.19,181.18,181.19,4361,2023-10-12
2023-10-13 01:00:00,181.2,181.2,181.15,181.15,3125,2023-10-12
2023-10-13 01:05:00,181.15,181.2,180.71,180.71,17815,2023-10-12
2023-10-13 01:10:00,181.2,181.2,181.13,181.17,3453,2023-10-12
2023-10-13 01:20:00,181.1,181.15,181.02,181.07,3248,2023-10-12
2023-10-13 01:25:00,181.1,181.13,181.1,181.13,1105,2023-10-12
2023-10-13 01:30:00,181.08,181.09,181.0403,181.06,1988,2023-10-12
2023-10-13 01:35:00,181.04,181.18,181.04,181.15,1443,2023-10-12
2023-10-13 01:40:00,181.15,181.15,181.12,181.12,723,2023-10-12
2023-10-13 01:45:00,181.1,181.1,181.07,181.07,4014,2023-10-12
2023-10-13 01:50:00,181.1,181.1,181.07,181.1,827,2023-10-12
2023-10-13 01:55:00,181.12,181.15,181.1197,181.15,1206,2023-10-12
2023-10-13 02:00:00,181.1399,181.14,181.1399,181.14,1034,2023-10-12
2023-10-13 02:05:00,181.11,181.17,181.1,181.1,1999,2023-10-12
2023-10-13 02:10:00,181.16,181.23,181.13,181.23,4799,2023-10-12
2023-10-13 02:15:00,181.25,181.28,181.15,181.28,2442,2023-10-12
2023-10-13 02:20:00,181.42,181.42,181.42,181.42,523,2023-10-12
2023-10-13 02:25:00,181.4,181.49,181.31,181.49,3002,2023-10-12
2023-10-13 02:30:00,181.4,181.46,181.4,181.46,1566,2023-10-12
2023-10-13 02:35:00,181.43,181.43,181.42,181.42,513,2023-10-12
2023-10-13 02:45:00,181.36,181.4988,181.3,181.4988,12280,2023-10-12
2023-10-13 02:50:00,181.46,181.46,181.37,181.4,7600,2023-10-12
2023-10-13 02:55:00,181.36,181.45,181.36,181.45,7485,2023-10-12
2023-10-13 11:00:00,181.05,181.05,181.05,181.05,584,2023-10-13
2023-10-13 11:05:00,181.1,181.1,181.1,181.1,491,2023-10-13
2023-10-13 11:10:00,181.12,181.12,181.05,181.05,1014,2023-10-13
2023-10-13 11:15:00,181.1,181.1,181.03,181.03,1243,2023-10-13
2023-10-13 11:25:00,181.09,181.09,181,181,2260,2023-10-13
2023-10-13 11:30:00,180.93,180.93,180.92,180.92,4257,2023-10-13
2023-10-13 11:40:00,180.86,180.86,180.65,180.65,5422,2023-10-13
2023-10-13 11:45:00,180.78,180.78,180.72,180.72,568,2023-10-13
2023-10-13 11:50:00,180.72,180.75,180.72,180.75,1218,2023-10-13
2023-10-13 11:55:00,180.74,180.8,180.74,180.8,2052,2023-10-13
2023-10-13 12:00:00,180.73,180.73,180.65,180.65,2721,2023-10-13
2023-10-13 12:05:00,180.65,180.65,180.52,180.57,2129,2023-10-13
2023-10-13 12:10:00,180.65,180.65,180.65,180.65,266,2023-10-13
2023-10-13 12:15:00,180.61,180.65,180.57,180.57,3833,2023-10-13
2023-10-13 12:20:00,180.6,180.61,180.6,180.61,277,2023-10-13
2023-10-13 12:25:00,180.65,180.71,180.65,180.71,2672,2023-10-13
2023-10-13 12:30:00,180.71,180.71,180.58,180.58,1226,2023-10-13
2023-10-13 12:35:00,180.71,180.71,180.58,180.58,1187,2023-10-13
2023-10-13 12:40:00,180.62,180.62,180.51,180.52,3384,2023-10-13
2023-10-13 12:45:00,180.53,180.53,180.51,180.51,2144,2023-10-13
2023-10-13 12:50:00,180.5,180.5,180.24,180.26,4835,2023-10-13
2023-10-13 12:55:00,180.35,180.35,180.22,180.22,1657,2023-10-13
2023-10-13 13:00:00,180.32,180.32,180.24,180.24,1920,2023-10-13
2023-10-13 13:05:00,180.3,180.31,180.11,180.11,3490,2023-10-13
2023-10-13 13:10:00,180.11,180.11,180.04,180.04,972,2023-10-13
2023-10-13 13:15:00,180.06,180.15,180.06,180.15,1449,2023-10-13
2023-10-13 13:20:00,180.16,180.16,180.08,180.09,2527,2023-10-13
2023-10-13 13:25:00,180.09,180.14,180.09,180.09,6229,2023-10-13
2023-10-13 13:30:00,180.1,180.15,180.08,180.11,3821,2023-10-13
2023-10-13 13:35:00,180.11,180.11,180.11,180.11,631,2023-10-13
2023-10-13 13:40:00,180.09,180.09,180.09,180.09,235,2023-10-13
2023-10-13 13:45:00,180.15,180.28,180.15,180.22,1661,2023-10-13
2023-10-13 13:50:00,180.22,180.37,180.22,180.22,4657,2023-10-13
2023-10-13 13:55:00,180.25,180.25,180.25,180.25,307,2023-10-13
2023-10-13 14:00:00,180.35,180.35,180.26,180.3,5576,2023-10-13
2023-10-13 14:05:00,180.36,180.45,180.36,180.45,3325,2023-10-13
2023-10-13 14:10:00,180.4,180.45,180.4,180.44,2495,2023-10-13
2023-10-13 14:15:00,180.38,180.38,180.3,180.37,3851,2023-10-13
2023-10-13 14:20:00,180.26,180.32,180.25,180.29,1395,2023-10-13
2023-10-13 14:25:00,180.29,180.29,180.29,180.29,391,2023-10-13
2023-10-13 14:30:00,180.31,180.35,180.31,180.35,1366,2023-10-13
2023-10-13 14:35:00,180.33,180.34,180.25,180.31,12503,2023-10-13
2023-10-13 14:40:00,180.29,180.3,180.12,180.12,8983,2023-10-13
2023-10-13 14:45:00,180.11,180.19,180.11,180.16,3099,2023-10-13
2023-10-13 14:50:00,180.2,180.29,180.2,180.25,5190,2023-10-13
2023-10-13 14:55:00,180.25,180.25,180.25,180.25,1433,2023-10-13
2023-10-13 15:00:00,180.1512,181.23,180.1,180.2,28555,2023-10-13
2023-10-13 15:05:00,180.26,180.26,180.16,180.18,8067,2023-10-13
2023-10-13 15:10:00,180.18,180.21,180.16,180.17,3691,2023-10-13
2023-10-13 15:15:00,180.15,180.2,180.1,180.17,10062,2023-10-13
2023-10-13 15:20:00,180.17,180.28,180.1106,180.28,7210,2023-10-13
2023-10-13 15:25:00,180.28,180.71,180.2799,180.31,12856,2023-10-13
2023-10-13 15:30:00,180.36,180.58,180.35,180.58,10859,2023-10-13
2023-10-13 15:35:00,180.52,180.91,180.51,180.88,17685,2023-10-13
2023-10-13 15:40:00,180.91,180.91,180.73,180.75,20572,2023-10-13
2023-10-13 15:45:00,180.7444,180.85,180.71,180.8,9167,2023-10-13
2023-10-13 15:50:00,180.73,180.98,180.73,180.88,10014,2023-10-13
2023-10-13 15:55:00,180.97,181.09,180.93,181.05,18641,2023-10-13
2023-10-13 16:00:00,181.03,181.09,180.92,181.09,17046,2023-10-13
2023-10-13 16:05:00,181.06,181.19,181,181.11,14578,2023-10-13
2023-10-13 16:10:00,181.13,181.29,181.11,181.24,28006,2023-10-13
2023-10-13 16:15:00,181.23,181.26,181.11,181.2,13292,2023-10-13
2023-10-13 16:20:00,181.21,181.25,181.1,181.11,32380,2023-10-13
2023-10-13 16:25:00,181.15,181.44,181.05,181.39,24252,2023-10-13
2023-10-13 16:30:00,181.42,181.93,181.28,181.48,1704069.0,2023-10-13
2023-10-13 16:35:00,181.48,181.54,180.93,181.285,796663,2023-10-13
2023-10-13 16:40:00,181.28,181.4,181.02,181.18,560485,2023-10-13
2023-10-13 16:45:00,181.195,181.36,181.01,181.36,580030,2023-10-13
2023-10-13 16:50:00,181.37,181.45,181.03,181.17,543739,2023-10-13
2023-10-13 16:55:00,181.16,181.41,181.04,181.17,570901,2023-10-13
2023-10-13 17:00:00,181.15,181.26,180.57,181.02,869173,2023-10-13
2023-10-13 17:05:00,181.03,181.132,180.7,181,535106,2023-10-13
2023-10-13 17:10:00,180.98,181,180.55,180.58,1773544.0,2023-10-13
2023-10-13 17:15:00,180.59,180.74,180.47,180.59,509511,2023-10-13
2023-10-13 17:20:00,180.61,180.84,180.36,180.37,462130,2023-10-13
2023-10-13 17:25:00,180.37,180.66,180.36,180.53,427571,2023-10-13
2023-10-13 17:30:00,180.52,180.74,180.4,180.735,427335,2023-10-13
2023-10-13 17:35:00,180.73,180.765,180.3929,180.405,415495,2023-10-13
2023-10-13 17:40:00,180.4101,180.45,180.22,180.3087,408796,2023-10-13
2023-10-13 17:45:00,180.3,180.34,179.97,180.0899,632091,2023-10-13
2023-10-13 17:50:00,180.08,180.09,179.3701,179.64,774063,2023-10-13
2023-10-13 17:55:00,179.64,179.715,179.53,179.625,460812,2023-10-13
2023-10-13 18:00:00,179.62,179.69,179.53,179.62,337505,2023-10-13
2023-10-13 18:05:00,179.61,179.63,179.2493,179.58,538920,2023-10-13
2023-10-13 18:10:00,179.58,179.65,179.415,179.4575,431028,2023-10-13
2023-10-13 18:15:00,179.44,179.449,179.16,179.3299,560075,2023-10-13
2023-10-13 18:20:00,179.325,179.39,178.95,178.97,705975,2023-10-13
2023-10-13 18:25:00,178.99,179.21,178.97,179.19,538061,2023-10-13
2023-10-13 18:30:00,179.19,179.26,179.035,179.13,509381,2023-10-13
2023-10-13 18:35:00,179.13,179.31,178.95,179.29,507633,2023-10-13
2023-10-13 18:40:00,179.275,179.3625,179.11,179.14,335014,2023-10-13
2023-10-13 18:45:00,179.15,179.2085,178.95,179,282161,2023-10-13
2023-10-13 18:50:00,179.0096,179.02,178.58,178.66,668944,2023-10-13
2023-10-13 18:55:00,178.665,178.67,178.47,178.61,1044115.0,2023-10-13
2023-10-13 19:00:00,178.6,178.8964,178.5301,178.71,790933,2023-10-13
2023-10-13 19:05:00,178.7197,179,178.7,178.9587,351267,2023-10-13
2023-10-13 19:10:00,178.96,179.03,178.73,178.75,342049,2023-10-13
2023-10-13 19:15:00,178.75,179.1484,178.71,179.13,398971,2023-10-13
2023-10-13 19:20:00,179.13,179.26,179.08,179.19,407843,2023-10-13
2023-10-13 19:25:00,179.1905,179.27,179.12,179.255,262504,2023-10-13
2023-10-13 19:30:00,179.26,179.47,179.22,179.4,401583,2023-10-13
2023-10-13 19:35:00,179.39,179.435,179.19,179.21,323195,2023-10-13
2023-10-13 19:40:00,179.22,179.42,179.22,179.32,245097,2023-10-13
2023-10-13 19:45:00,179.322,179.33,179.16,179.1601,231427,2023-10-13
2023-10-13 19:50:00,179.1603,179.2,178.84,179.03,414420,2023-10-13
2023-10-13 19:55:00,179.03,179.15,178.995,179.06,274345,2023-10-13
2023-10-13 20:00:00,179.06,179.105,178.96,179.005,240835,2023-10-13
2023-10-13 20:05:00,179,179,178.61,178.69,474962,2023-10-13
2023-10-13 20:10:00,178.6908,178.895,178.575,178.58,538536,2023-10-13
2023-10-13 20:15:00,178.57,178.72,178.5001,178.555,349449,2023-10-13
2023-10-13 20:20:00,178.555,178.76,178.53,178.62,310471,2023-10-13
2023-10-13 20:25:00,178.6188,178.64,178.22,178.26,613818,2023-10-13
2023-10-13 20:30:00,178.261,178.3576,178.16,178.29,509346,2023-10-13
2023-10-13 20:35:00,178.2849,178.34,178.14,178.31,446968,2023-10-13
2023-10-13 20:40:00,178.305,179.02,178.3,178.84,763591,2023-10-13
2023-10-13 20:45:00,178.845,178.96,178.69,178.77,420497,2023-10-13
2023-10-13 20:50:00,178.78,178.91,178.7206,178.79,384962,2023-10-13
2023-10-13 20:55:00,178.8,178.97,178.75,178.82,278234,2023-10-13
2023-10-13 21:00:00,178.82,178.94,178.69,178.7773,337660,2023-10-13
2023-10-13 21:05:00,178.765,179.11,178.76,178.89,566785,2023-10-13
2023-10-13 21:10:00,178.9,179.01,178.83,178.9601,256504,2023-10-13
2023-10-13 21:15:00,178.96,179.17,178.8,179.12,479144,2023-10-13
2023-10-13 21:20:00,179.11,179.31,179.05,179.13,401941,2023-10-13
2023-10-13 21:25:00,179.1265,179.265,179.03,179.24,359554,2023-10-13
2023-10-13 21:30:00,179.245,179.54,179.21,179.42,634085,2023-10-13
2023-10-13 21:35:00,179.42,179.47,179.14,179.24,454427,2023-10-13
2023-10-13 21:40:00,179.245,179.35,179.065,179.1,323733,2023-10-13
2023-10-13 21:45:00,179.105,179.2085,178.9688,179.03,415811,2023-10-13
2023-10-13 21:50:00,179.02,179.3309,178.99,179.3,488644,2023-10-13
2023-10-13 21:55:00,179.31,179.405,179.16,179.3399,405454,2023-10-13
2023-10-13 22:00:00,179.33,179.5,179.23,179.4201,420757,2023-10-13
2023-10-13 22:05:00,179.43,179.445,179.09,179.41,412248,2023-10-13
2023-10-13 22:10:00,179.41,179.74,179.31,179.4689,584630,2023-10-13
2023-10-13 22:15:00,179.46,179.47,179.09,179.17,525414,2023-10-13
2023-10-13 22:20:00,179.16,179.2,178.97,179.15,428655,2023-10-13
2023-10-13 22:25:00,179.159,179.17,178.85,178.935,539051,2023-10-13
2023-10-13 22:30:00,178.94,179.06,178.905,178.96,542214,2023-10-13
2023-10-13 22:35:00,178.955,179.05,178.85,178.935,528096,2023-10-13
2023-10-13 22:40:00,178.93,178.945,178.52,178.61,617469,2023-10-13
2023-10-13 22:45:00,178.61,178.98,178.59,178.96,742283,2023-10-13
2023-10-13 22:50:00,178.96,179.09,178.8,179.06,1016092.0,2023-10-13
2023-10-13 22:55:00,179.05,179.05,178.7,178.87,2289288.0,2023-10-13
2023-10-13 23:00:00,178.85,178.9,178.76,178.76,693815,2023-10-13
2023-10-13 23:05:00,178.76,178.85,178.7,178.7,172456,2023-10-13
2023-10-13 23:10:00,178.72,178.85,178.72,178.72,86272,2023-10-13
2023-10-13 23:15:00,178.67,178.85,178.65,178.72,21139,2023-10-13
2023-10-13 23:20:00,178.72,178.73,178.6,178.63,5252,2023-10-13
2023-10-13 23:25:00,178.63,178.6557,178.63,178.65,2102,2023-10-13
2023-10-13 23:30:00,178.68,178.68,178.6499,178.6499,5940,2023-10-13
2023-10-13 23:35:00,178.62,178.65,178.6,178.61,2508,2023-10-13
2023-10-13 23:40:00,178.6,178.61,178.55,178.55,5483,2023-10-13
2023-10-13 23:45:00,178.56,178.85,178.56,178.85,30113,2023-10-13
2023-10-13 23:50:00,178.58,178.75,178.58,178.65,200624,2023-10-13
2023-10-13 23:55:00,178.65,178.66,178.65,178.65,2633,2023-10-13
2023-10-14 00:05:00,178.6502,178.69,178.65,178.65,2664,2023-10-13
2023-10-14 00:10:00,178.65,178.66,178.65,178.66,1269,2023-10-13
2023-10-14 00:15:00,178.66,178.85,178.65,178.65,72494,2023-10-13
2023-10-14 00:20:00,178.61,178.62,178.6,178.6,5503,2023-10-13
2023-10-14 00:25:00,178.63,178.63,178.63,178.63,655,2023-10-13
2023-10-14 00:30:00,178.61,178.65,178.56,178.65,3289,2023-10-13
2023-10-14 00:35:00,178.54,178.54,178.54,178.54,226,2023-10-13
2023-10-14 00:40:00,178.6272,178.6272,178.6272,178.6272,1433,2023-10-13
2023-10-14 00:45:00,178.61,178.65,178.61,178.65,2502,2023-10-13
2023-10-14 00:50:00,178.64,178.65,178.56,178.56,866,2023-10-13
2023-10-14 00:55:00,178.57,178.57,178.57,178.57,137,2023-10-13
2023-10-14 01:00:00,178.58,178.65,178.58,178.64,2237,2023-10-13
2023-10-14 01:05:00,178.6,178.6,178.6,178.6,215,2023-10-13
2023-10-14 01:10:00,178.6,178.6001,178.5367,178.5404,2244,2023-10-13
2023-10-14 01:15:00,178.6,178.6,178.6,178.6,144,2023-10-13
2023-10-14 01:20:00,178.6,178.6,178.56,178.56,808,2023-10-13
2023-10-14 01:35:00,178.57,178.6,178.57,178.6,1355,2023-10-13
2023-10-14 01:40:00,178.61,178.61,178.57,178.61,1488,2023-10-13
2023-10-14 01:45:00,178.636,178.64,178.636,178.64,250,2023-10-13
2023-10-14 01:50:00,178.6046,178.61,178.6046,178.61,492,2023-10-13
2023-10-14 01:55:00,178.64,178.64,178.64,178.64,5135,2023-10-13
2023-10-14 02:00:00,178.64,178.64,178.59,178.59,398,2023-10-13
2023-10-14 02:05:00,178.62,178.64,178.62,178.64,823,2023-10-13
2023-10-14 02:10:00,178.59,178.59,178.59,178.59,361,2023-10-13
2023-10-14 02:15:00,178.6,178.6,178.6,178.6,114,2023-10-13
2023-10-14 02:20:00,178.55,178.55,178.54,178.54,805,2023-10-13
2023-10-14 02:25:00,178.52,178.53,178.52,178.52,1831,2023-10-13
2023-10-14 02:30:00,178.53,178.54,178.53,178.5301,516,2023-10-13
2023-10-14 02:35:00,178.53,178.53,178.52,178.52,598,2023-10-13
2023-10-14 02:40:00,178.52,178.52,178.51,178.51,645,2023-10-13
2023-10-14 02:45:00,178.51,178.51,178.5,178.5,3481,2023-10-13
2023-10-14 02:50:00,178.5,178.5,178.5,178.5,2334,2023-10-13
2023-10-14 02:55:00,178.45,178.45,178.4,178.41,2734,2023-10-13
2023-10-16 11:00:00,178.54,178.55,178.54,178.55,2090,2023-10-16
2023-10-16 11:05:00,178.4,178.4,178.29,178.29,714,2023-10-16
2023-10-16 11:10:00,178.28,178.41,178.27,178.3,4589,2023-10-16
2023-10-16 11:15:00,178.21,178.23,178.2,178.23,1624,2023-10-16
2023-10-16 11:20:00,178.35,178.59,178.35,178.57,3499,2023-10-16
2023-10-16 11:25:00,178.52,178.76,178.5,178.69,4271,2023-10-16
2023-10-16 11:30:00,178.66,178.73,178.66,178.66,1891,2023-10-16
2023-10-16 11:35:00,178.68,178.78,178.65,178.65,2664,2023-10-16
2023-10-16 11:40:00,178.69,178.69,178.69,178.69,675,2023-10-16
2023-10-16 11:45:00,178.71,178.75,178.62,178.75,6421,2023-10-16
2023-10-16 11:50:00,178.8,178.84,178.7,178.74,4564,2023-10-16
2023-10-16 11:55:00,178.78,178.78,178.78,178.78,659,2023-10-16
2023-10-16 12:00:00,178.65,178.65,178.61,178.61,1295,2023-10-16
2023-10-16 12:05:00,178.66,178.67,178.63,178.67,2920,2023-10-16
2023-10-16 12:10:00,178.56,178.56,178.56,178.56,270,2023-10-16
2023-10-16 12:15:00,178.65,178.65,178.65,178.65,464,2023-10-16
2023-10-16 12:20:00,178.58,178.58,178.52,178.52,1863,2023-10-16
2023-10-16 12:30:00,178.44,178.48,178.44,178.48,3707,2023-10-16
2023-10-16 12:35:00,178.49,178.6,178.49,178.6,4456,2023-10-16
2023-10-16 12:40:00,178.6,178.6,178.54,178.54,1023,2023-10-16
2023-10-16 12:45:00,178.49,178.49,178.46,178.46,368,2023-10-16
2023-10-16 13:00:00,178.43,178.43,176.33,176.33,51423,2023-10-16
2023-10-16 13:05:00,176.5,176.5,175.84,176.35,28269,2023-10-16
2023-10-16 13:10:00,176.41,176.8,176.36,176.59,12506,2023-10-16
2023-10-16 13:15:00,176.63,176.8,176.63,176.79,2798,2023-10-16
2023-10-16 13:20:00,176.82,176.88,176.7,176.82,7216,2023-10-16
2023-10-16 13:25:00,176.84,177,176.77,176.77,9022,2023-10-16
2023-10-16 13:30:00,176.83,176.86,176.6,176.66,11608,2023-10-16
2023-10-16 13:35:00,176.65,176.85,176.65,176.85,3495,2023-10-16
2023-10-16 13:40:00,176.81,176.81,176.77,176.78,871,2023-10-16
2023-10-16 13:45:00,176.72,176.78,176.61,176.7,11845,2023-10-16
2023-10-16 13:50:00,176.76,176.82,176.76,176.79,3910,2023-10-16
2023-10-16 13:55:00,176.87,177.1,176.86,177.1,17351,2023-10-16
2023-10-16 14:00:00,177.14,177.28,176.95,176.95,29296,2023-10-16
2023-10-16 14:05:00,177,177,176.85,177,17194,2023-10-16
2023-10-16 14:10:00,176.97,177,176.94,177,6356,2023-10-16
2023-10-16 14:15:00,177.2,177.2,177.01,177.15,12783,2023-10-16
2023-10-16 14:20:00,177.34,177.49,177.22,177.43,12230,2023-10-16
2023-10-16 14:25:00,177.4,177.5,177.37,177.5,9764,2023-10-16
2023-10-16 14:30:00,177.55,177.55,177.25,177.33,24848,2023-10-16
2023-10-16 14:35:00,177.3,177.4,177.3,177.4,12149,2023-10-16
2023-10-16 14:40:00,177.54,177.85,177.45,177.85,16336,2023-10-16
2023-10-16 14:45:00,177.7,177.7,177.5,177.5,10934,2023-10-16
2023-10-16 14:50:00,177.59,177.75,177.59,177.6,8087,2023-10-16
2023-10-16 14:55:00,177.58,177.63,177.45,177.45,7826,2023-10-16
2023-10-16 15:00:00,177.29,179.02,176.8504,177.33,63178,2023-10-16
2023-10-16 15:05:00,177.5,178.403,177.3,177.49,13022,2023-10-16
2023-10-16 15:10:00,177.31,177.4826,177.27,177.38,11670,2023-10-16
2023-10-16 15:15:00,177.34,177.49,177.32,177.4,17981,2023-10-16
2023-10-16 15:20:00,177.48,177.79,177.48,177.63,17008,2023-10-16
2023-10-16 15:25:00,177.6,177.69,177.4,177.4,6942,2023-10-16
2023-10-16 15:30:00,177.5,177.7,177.43,177.65,9958,2023-10-16
2023-10-16 15:35:00,177.6,178.05,177.59,178.05,45782,2023-10-16
2023-10-16 15:40:00,178.1,178.2,177.94,177.9403,20887,2023-10-16
2023-10-16 15:45:00,177.94,178.06,177.8842,178.03,6459,2023-10-16
2023-10-16 15:50:00,178.06,178.12,178,178.1178,17557,2023-10-16
2023-10-16 15:55:00,178.1076,178.17,178,178.15,13039,2023-10-16
2023-10-16 16:00:00,178.14,178.18,178.02,178.03,15668,2023-10-16
2023-10-16 16:05:00,178,178,177.7,177.87,17902,2023-10-16
2023-10-16 16:10:00,177.87,178.1,177.7,177.95,30128,2023-10-16
2023-10-16 16:15:00,177.91,178.04,177.86,178,32508,2023-10-16
2023-10-16 16:20:00,177.97,178,177.62,177.62,22386,2023-10-16
2023-10-16 16:25:00,177.55,177.55,176.33,176.75,350858,2023-10-16
2023-10-16 16:30:00,176.75,178.18,176.51,178.1299,3305317.0,2023-10-16
2023-10-16 16:35:00,178.12,178.36,177.81,177.8699,1455035.0,2023-10-16
2023-10-16 16:40:00,177.87,178.3225,177.2775,177.3,1140915.0,2023-10-16
2023-10-16 16:45:00,177.32,177.51,177.07,177.11,883098,2023-10-16
2023-10-16 16:50:00,177.12,177.43,176.9301,177.01,774887,2023-10-16
2023-10-16 16:55:00,177.01,177.88,176.89,177.8,850152,2023-10-16
2023-10-16 17:00:00,177.81,177.88,177.34,177.5801,690761,2023-10-16
2023-10-16 17:05:00,177.59,177.95,177.59,177.82,614958,2023-10-16
2023-10-16 17:10:00,177.82,178.27,177.78,177.965,855812,2023-10-16
2023-10-16 17:15:00,177.97,178.26,177.81,178.11,737659,2023-10-16
2023-10-16 17:20:00,178.1,178.5475,178.06,178.3495,741396,2023-10-16
2023-10-16 17:25:00,178.34,178.48,178.24,178.444,533564,2023-10-16
2023-10-16 17:30:00,178.45,178.85,178.4,178.63,767103,2023-10-16
2023-10-16 17:35:00,178.64,178.8,178.56,178.6202,456508,2023-10-16
2023-10-16 17:40:00,178.63,178.7799,178.51,178.77,569919,2023-10-16
2023-10-16 17:45:00,178.77,178.83,178.6,178.67,491595,2023-10-16
2023-10-16 17:50:00,178.6722,178.77,178.45,178.4792,458636,2023-10-16
2023-10-16 17:55:00,178.49,178.83,178.4812,178.82,466992,2023-10-16
2023-10-16 18:00:00,178.82,179.075,178.75,178.912,917381,2023-10-16
2023-10-16 18:05:00,178.92,178.99,178.73,178.74,409360,2023-10-16
2023-10-16 18:10:00,178.74,178.7899,178.55,178.58,459302,2023-10-16
2023-10-16 18:15:00,178.59,178.79,178.38,178.3989,435382,2023-10-16
2023-10-16 18:20:00,178.39,178.4482,178.3155,178.3601,357949,2023-10-16
2023-10-16 18:25:00,178.365,178.57,178.295,178.509,365465,2023-10-16
2023-10-16 18:30:00,178.52,178.685,178.52,178.63,340244,2023-10-16
2023-10-16 18:35:00,178.6279,178.69,178.41,178.43,382384,2023-10-16
2023-10-16 18:40:00,178.42,178.5,178.25,178.385,356229,2023-10-16
2023-10-16 18:45:00,178.39,178.49,178.19,178.475,362558,2023-10-16
2023-10-16 18:50:00,178.48,178.51,178.18,178.19,366809,2023-10-16
2023-10-16 18:55:00,178.1882,178.25,178.03,178.0301,396600,2023-10-16
2023-10-16 19:00:00,178.035,178.06,177.79,177.935,460460,2023-10-16
2023-10-16 19:05:00,177.9303,178.02,177.85,177.9366,376567,2023-10-16
2023-10-16 19:10:00,177.93,177.94,177.66,177.66,457992,2023-10-16
2023-10-16 19:15:00,177.66,177.86,177.625,177.825,411198,2023-10-16
2023-10-16 19:20:00,177.82,177.985,177.7,177.9101,496518,2023-10-16
2023-10-16 19:25:00,177.91,177.93,177.75,177.82,364445,2023-10-16
2023-10-16 19:30:00,177.83,177.94,177.62,177.649,366908,2023-10-16
2023-10-16 19:35:00,177.64,177.72,177.5501,177.61,334145,2023-10-16
2023-10-16 19:40:00,177.61,177.64,177.28,177.3301,645601,2023-10-16
2023-10-16 19:45:00,177.35,177.565,177.35,177.4991,381650,2023-10-16
2023-10-16 19:50:00,177.5,177.68,177.5,177.625,247476,2023-10-16
2023-10-16 19:55:00,177.625,177.63,177.365,177.55,573519,2023-10-16
2023-10-16 20:00:00,177.5494,177.67,177.535,177.6582,376067,2023-10-16
2023-10-16 20:05:00,177.65,177.78,177.64,177.74,305237,2023-10-16
2023-10-16 20:10:00,177.73,177.84,177.71,177.73,415278,2023-10-16
2023-10-16 20:15:00,177.73,177.83,177.5501,177.56,495303,2023-10-16
2023-10-16 20:20:00,177.55,177.58,176.98,177.07,718553,2023-10-16
2023-10-16 20:25:00,177.06,177.5,176.85,177.465,620073,2023-10-16
2023-10-16 20:30:00,177.47,177.64,177.4301,177.55,395351,2023-10-16
2023-10-16 20:35:00,177.54,177.78,177.53,177.75,369004,2023-10-16
2023-10-16 20:40:00,177.76,177.92,177.75,177.8716,391644,2023-10-16
2023-10-16 20:45:00,177.875,177.89,177.723,177.87,383551,2023-10-16
2023-10-16 20:50:00,177.88,178.11,177.8301,178.0862,411022,2023-10-16
2023-10-16 20:55:00,178.09,178.22,178.09,178.15,511512,2023-10-16
2023-10-16 21:00:00,178.15,178.16,177.91,177.99,422767,2023-10-16
2023-10-16 21:05:00,177.985,178.13,177.82,178.09,427148,2023-10-16
2023-10-16 21:10:00,178.0802,178.3,178.07,178.24,351043,2023-10-16
2023-10-16 21:15:00,178.24,178.3546,178.15,178.32,314667,2023-10-16
2023-10-16 21:20:00,178.33,178.33,177.98,178.12,387383,2023-10-16
2023-10-16 21:25:00,178.115,178.29,178.09,178.13,313844,2023-10-16
2023-10-16 21:30:00,178.125,178.18,178.04,178.17,375253,2023-10-16
2023-10-16 21:35:00,178.16,178.28,177.9,178.11,398126,2023-10-16
2023-10-16 21:40:00,178.1,178.28,178.04,178.2556,281478,2023-10-16
2023-10-16 21:45:00,178.2619,178.3299,178.1,178.2,277881,2023-10-16
2023-10-16 21:50:00,178.22,178.4299,178.17,178.38,346432,2023-10-16
2023-10-16 21:55:00,178.37,178.55,178.35,178.5273,457731,2023-10-16
2023-10-16 22:00:00,178.53,178.538,178.24,178.47,407826,2023-10-16
2023-10-16 22:05:00,178.48,178.6664,178.466,178.62,465605,2023-10-16
2023-10-16 22:10:00,178.625,178.78,178.55,178.6,510467,2023-10-16
2023-10-16 22:15:00,178.5996,178.805,178.5851,178.638,443780,2023-10-16
2023-10-16 22:20:00,178.63,178.81,178.63,178.7589,301743,2023-10-16
2023-10-16 22:25:00,178.7562,178.82,178.6938,178.79,414275,2023-10-16
2023-10-16 22:30:00,178.79,178.835,178.58,178.61,563638,2023-10-16
2023-10-16 22:35:00,178.601,178.74,178.601,178.6804,367774,2023-10-16
2023-10-16 22:40:00,178.6857,178.81,178.55,178.635,646443,2023-10-16
2023-10-16 22:45:00,178.625,178.71,178.57,178.66,471105,2023-10-16
2023-10-16 22:50:00,178.66,178.78,178.56,178.72,935655,2023-10-16
2023-10-16 22:55:00,178.72,179,178.4,178.675,3997421.0,2023-10-16
2023-10-16 23:00:00,178.73,178.74,178.63,178.72,422471,2023-10-16
2023-10-16 23:05:00,178.72,178.72,178.67,178.71,29525,2023-10-16
2023-10-16 23:10:00,178.7,178.75,178.7,178.75,9331,2023-10-16
2023-10-16 23:15:00,178.75,178.8001,178.72,178.8,312810,2023-10-16
2023-10-16 23:20:00,178.72,178.82,178.72,178.8,6415,2023-10-16
2023-10-16 23:25:00,178.8,178.82,178.8,178.81,2687,2023-10-16
2023-10-16 23:30:00,178.8,178.81,178.75,178.75,4416,2023-10-16
2023-10-16 23:35:00,178.77,178.77,178.67,178.7,4112,2023-10-16
2023-10-16 23:40:00,178.67,178.67,178.67,178.67,430,2023-10-16
2023-10-16 23:45:00,178.67,178.69,178.67,178.68,732,2023-10-16
2023-10-16 23:50:00,178.72,178.72,178.51,178.67,20605,2023-10-16
2023-10-16 23:55:00,178.68,178.73,178.65,178.73,15587,2023-10-16
2023-10-17 00:00:00,178.7,178.75,178.7,178.7,5661,2023-10-16
2023-10-17 00:05:00,178.75,178.75,178.74,178.74,859,2023-10-16
2023-10-17 00:10:00,178.79,178.79,178.6698,178.6698,747,2023-10-16
2023-10-17 00:15:00,178.66,178.69,178.66,178.6601,1388,2023-10-16
2023-10-17 00:20:00,178.68,178.68,178.66,178.66,1363,2023-10-16
2023-10-17 00:25:00,178.66,178.66,178.66,178.66,368,2023-10-16
2023-10-17 00:30:00,178.7,178.72,178.7,178.72,1227,2023-10-16
2023-10-17 00:35:00,178.71,178.71,178.71,178.71,152,2023-10-16
2023-10-17 00:40:00,178.74,178.74,178.7,178.7,965,2023-10-16
2023-10-17 00:50:00,178.7,178.75,178.6735,178.75,3001,2023-10-16
2023-10-17 00:55:00,178.75,178.75,178.6756,178.6756,1656,2023-10-16
2023-10-17 01:10:00,178.72,178.72,178.72,178.72,595,2023-10-16
2023-10-17 01:15:00,178.72,178.72,178.72,178.72,545,2023-10-16
2023-10-17 01:20:00,178.71,178.71,178.71,178.71,229,2023-10-16
2023-10-17 01:25:00,178.6802,178.72,178.68,178.72,1405,2023-10-16
2023-10-17 01:30:00,178.7,178.71,178.68,178.71,947,2023-10-16
2023-10-17 01:40:00,178.68,178.68,178.68,178.68,323,2023-10-16
2023-10-17 01:45:00,178.68,178.68,178.67,178.67,1369,2023-10-16
2023-10-17 01:50:00,178.6991,178.7,178.65,178.65,4181,2023-10-16
2023-10-17 01:55:00,178.6,178.6,178.6,178.6,437,2023-10-16
2023-10-17 02:00:00,178.6,178.6,178.6,178.6,175,2023-10-16
2023-10-17 02:05:00,178.67,178.68,178.61,178.61,1389,2023-10-16
2023-10-17 02:10:00,178.64,178.64,178.64,178.64,534,2023-10-16
2023-10-17 02:15:00,178.64,178.65,178.51,178.51,2580,2023-10-16
2023-10-17 02:20:00,178.56,178.56,178.56,178.56,1393,2023-10-16
2023-10-17 02:25:00,178.53,178.53,178.53,178.53,106,2023-10-16
2023-10-17 02:30:00,178.6,178.68,178.5999,178.67,1964,2023-10-16
2023-10-17 02:35:00,178.67,178.68,178.67,178.68,725,2023-10-16
2023-10-17 02:40:00,178.67,178.68,178.62,178.68,1616,2023-10-16
2023-10-17 02:45:00,178.65,178.67,178.54,178.59,5376,2023-10-16
2023-10-17 02:50:00,178.57,178.66,178.56,178.66,4238,2023-10-16
2023-10-17 02:55:00,178.63,178.7,178.63,178.7,11995,2023-10-16
2023-10-17 11:00:00,178.5,178.5,178.45,178.45,901,2023-10-17
2023-10-17 11:05:00,178.42,178.42,178.42,178.42,290,2023-10-17
2023-10-17 11:15:00,178.4,178.4,178.4,178.4,195,2023-10-17
2023-10-17 11:20:00,178.29,178.3,178.29,178.3,2759,2023-10-17
2023-10-17 11:30:00,178.32,178.32,178.32,178.32,1055,2023-10-17
2023-10-17 11:35:00,178.22,178.23,178,178,4912,2023-10-17
2023-10-17 11:40:00,178.05,178.05,177.9,177.96,12490,2023-10-17
2023-10-17 11:45:00,178,178.01,178,178,10762,2023-10-17
2023-10-17 11:50:00,178.03,178.03,178.03,178.03,158,2023-10-17
2023-10-17 11:55:00,178.03,178.05,178.03,178.05,812,2023-10-17
2023-10-17 12:00:00,178.05,178.05,178.05,178.05,283,2023-10-17
2023-10-17 12:25:00,178.2,178.2,178.2,178.2,230,2023-10-17
2023-10-17 12:35:00,178.13,178.13,177.97,177.97,6161,2023-10-17
2023-10-17 13:00:00,178.05,178.05,178.05,178.05,124,2023-10-17
2023-10-17 13:05:00,178.18,178.18,178.18,178.18,1154,2023-10-17
2023-10-17 13:10:00,178.08,178.08,178,178,3930,2023-10-17
2023-10-17 13:15:00,178.07,178.07,177.97,177.97,2119,2023-10-17
2023-10-17 13:20:00,178.04,178.12,178.02,178.12,783,2023-10-17
2023-10-17 13:25:00,178.14,178.14,178.14,178.14,184,2023-10-17
2023-10-17 13:30:00,178.11,178.11,178.03,178.03,949,2023-10-17
2023-10-17 13:35:00,178.11,178.13,178.11,178.12,433,2023-10-17
2023-10-17 13:40:00,178.12,178.17,178,178,5512,2023-10-17
2023-10-17 13:45:00,178.05,178.05,178,178,1384,2023-10-17
2023-10-17 13:55:00,178.14,178.16,178.14,178.16,1831,2023-10-17
2023-10-17 14:00:00,178.16,178.16,178,178.05,8081,2023-10-17
2023-10-17 14:05:00,178.1,178.1,178.02,178.02,6700,2023-10-17
2023-10-17 14:10:00,178,178,178,178,2878,2023-10-17
2023-10-17 14:15:00,177.96,178.05,177.96,178.05,3956,2023-10-17
2023-10-17 14:20:00,178.09,178.1,178.07,178.07,4244,2023-10-17
2023-10-17 14:25:00,178,178.02,178,178.02,2000,2023-10-17
2023-10-17 14:30:00,177.99,178.1,177.99,178.1,1879,2023-10-17
2023-10-17 14:35:00,178.1,178.2,178.1,178.2,2076,2023-10-17
2023-10-17 14:40:00,178.2,178.2,178.15,178.15,2011,2023-10-17
2023-10-17 14:45:00,178.13,178.3,178.13,178.3,5431,2023-10-17
2023-10-17 14:50:00,178.25,178.29,178.2,178.29,3774,2023-10-17
2023-10-17 14:55:00,178.28,178.3,178.28,178.3,1377,2023-10-17
2023-10-17 15:00:00,178.1893,178.44,177.95,178.21,55633,2023-10-17
2023-10-17 15:05:00,178.22,178.22,178.01,178.05,7511,2023-10-17
2023-10-17 15:10:00,178.0016,178.18,177.99,178.06,13359,2023-10-17
2023-10-17 15:15:00,178.09,178.15,178.09,178.1,5460,2023-10-17
2023-10-17 15:20:00,178.19,178.19,178.1,178.1,1337,2023-10-17
2023-10-17 15:25:00,178.12,178.1898,178.1,178.1898,3899,2023-10-17
2023-10-17 15:30:00,178.15,178.38,177.9,177.9,22854,2023-10-17
2023-10-17 15:35:00,177.97,177.97,177.82,177.82,11082,2023-10-17
2023-10-17 15:40:00,177.83,177.98,177.83,177.94,6298,2023-10-17
2023-10-17 15:45:00,177.82,177.82,177.43,177.44,70220,2023-10-17
2023-10-17 15:50:00,177.48,177.66,177.45,177.5,63827,2023-10-17
2023-10-17 15:55:00,177.5,177.5,177.35,177.38,22688,2023-10-17
2023-10-17 16:00:00,177.4003,177.5,177.4,177.4,19949,2023-10-17
2023-10-17 16:05:00,177.3517,177.5,177.25,177.3,36500,2023-10-17
2023-10-17 16:10:00,177.35,177.4,177.26,177.26,14973,2023-10-17
2023-10-17 16:15:00,177.3,177.4,177.25,177.32,22411,2023-10-17
2023-10-17 16:20:00,177.46,177.47,176.89,176.9,122250,2023-10-17
2023-10-17 16:25:00,176.81,176.92,176.33,176.68,267736,2023-10-17
2023-10-17 16:30:00,176.645,176.99,175.94,176.18,2892761.0,2023-10-17
2023-10-17 16:35:00,176.17,176.39,175.94,176.1186,1250314.0,2023-10-17
2023-10-17 16:40:00,176.12,176.13,175.62,175.65,1234382.0,2023-10-17
2023-10-17 16:45:00,175.65,175.66,175.11,175.23,1368719.0,2023-10-17
2023-10-17 16:50:00,175.22,175.25,174.8,174.9001,1544053.0,2023-10-17
2023-10-17 16:55:00,174.9,175.57,174.9,175.3433,1118700.0,2023-10-17
2023-10-17 17:00:00,175.345,175.7,175.28,175.54,854529,2023-10-17
2023-10-17 17:05:00,175.545,175.9899,175.43,175.92,1124547.0,2023-10-17
2023-10-17 17:10:00,175.9111,176.24,175.8,175.82,1043474.0,2023-10-17
2023-10-17 17:15:00,175.82,176.09,175.7301,176.09,705109,2023-10-17
2023-10-17 17:20:00,176.08,176.69,175.93,176.48,1076361.0,2023-10-17
2023-10-17 17:25:00,176.47,176.52,176.23,176.45,646963,2023-10-17
2023-10-17 17:30:00,176.45,176.74,176.32,176.7297,692971,2023-10-17
2023-10-17 17:35:00,176.74,177.23,176.675,176.97,1006292.0,2023-10-17
2023-10-17 17:40:00,176.9588,177.09,176.82,176.82,572985,2023-10-17
2023-10-17 17:45:00,176.825,177.04,176.69,176.9985,693987,2023-10-17
2023-10-17 17:50:00,176.99,177.04,176.6,176.61,653447,2023-10-17
2023-10-17 17:55:00,176.61,176.99,176.59,176.66,752220,2023-10-17
2023-10-17 18:00:00,176.665,176.8602,176.55,176.7793,464737,2023-10-17
2023-10-17 18:05:00,176.77,176.925,176.491,176.53,514997,2023-10-17
2023-10-17 18:10:00,176.53,176.91,176.53,176.89,460551,2023-10-17
2023-10-17 18:15:00,176.9,177.215,176.82,177.17,594312,2023-10-17
2023-10-17 18:20:00,177.1799,177.25,176.86,176.9787,528563,2023-10-17
2023-10-17 18:25:00,176.97,177.19,176.91,177.09,467631,2023-10-17
2023-10-17 18:30:00,177.08,177.555,177.08,177.49,603491,2023-10-17
2023-10-17 18:35:00,177.49,177.76,177.345,177.47,765210,2023-10-17
2023-10-17 18:40:00,177.48,177.63,177.42,177.55,445068,2023-10-17
2023-10-17 18:45:00,177.55,177.8182,177.46,177.799,389880,2023-10-17
2023-10-17 18:50:00,177.7999,177.845,177.55,177.6602,363078,2023-10-17
2023-10-17 18:55:00,177.68,177.73,177.55,177.73,255521,2023-10-17
2023-10-17 19:00:00,177.73,177.98,177.672,177.705,539984,2023-10-17
2023-10-17 19:05:00,177.7,177.97,177.63,177.96,402286,2023-10-17
2023-10-17 19:10:00,177.97,178.09,177.88,178.0599,461781,2023-10-17
2023-10-17 19:15:00,178.06,178.11,177.885,177.9169,355885,2023-10-17
2023-10-17 19:20:00,177.93,178.31,177.89,178.085,400190,2023-10-17
2023-10-17 19:25:00,178.0886,178.24,178.07,178.225,286962,2023-10-17
2023-10-17 19:30:00,178.23,178.24,178.1,178.15,241115,2023-10-17
2023-10-17 19:35:00,178.14,178.24,178.03,178.185,314893,2023-10-17
2023-10-17 19:40:00,178.185,178.3,178.175,178.225,308981,2023-10-17
2023-10-17 19:45:00,178.19,178.265,177.972,178.2611,449629,2023-10-17
2023-10-17 19:50:00,178.27,178.42,178.1285,178.35,377795,2023-10-17
2023-10-17 19:55:00,178.35,178.42,178.1387,178.19,486255,2023-10-17
2023-10-17 20:00:00,178.2,178.35,178.155,178.175,290864,2023-10-17
2023-10-17 20:05:00,178.175,178.21,177.97,178.125,644808,2023-10-17
2023-10-17 20:10:00,178.13,178.25,178.03,178.03,235254,2023-10-17
2023-10-17 20:15:00,178.035,178.13,177.95,178.05,373783,2023-10-17
2023-10-17 20:20:00,178.04,178.095,177.8201,177.8476,329791,2023-10-17
2023-10-17 20:25:00,177.845,177.9493,177.66,177.6678,448155,2023-10-17
2023-10-17 20:30:00,177.661,177.75,177.425,177.746,592412,2023-10-17
2023-10-17 20:35:00,177.74,177.83,177.63,177.675,315022,2023-10-17
2023-10-17 20:40:00,177.68,177.7503,177.5225,177.7499,333112,2023-10-17
2023-10-17 20:45:00,177.75,177.7868,177.48,177.54,406007,2023-10-17
2023-10-17 20:50:00,177.53,177.54,177.01,177.131,660004,2023-10-17
2023-10-17 20:55:00,177.1106,177.23,176.95,177.16,443880,2023-10-17
2023-10-17 21:00:00,177.17,177.25,177.06,177.16,513690,2023-10-17
2023-10-17 21:05:00,177.1699,177.36,177.11,177.35,360049,2023-10-17
2023-10-17 21:10:00,177.33,177.42,177.2,177.23,445129,2023-10-17
2023-10-17 21:15:00,177.24,177.5399,177.1801,177.22,402020,2023-10-17
2023-10-17 21:20:00,177.23,177.49,177.2124,177.43,327799,2023-10-17
2023-10-17 21:25:00,177.44,177.46,176.97,177.0989,843411,2023-10-17
2023-10-17 21:30:00,177.09,177.265,176.9329,177.2,473187,2023-10-17
2023-10-17 21:35:00,177.1913,177.34,177.085,177.3,323072,2023-10-17
2023-10-17 21:40:00,177.3,177.3383,177.01,177.05,381179,2023-10-17
2023-10-17 21:45:00,177.05,177.14,176.971,177.0789,360646,2023-10-17
2023-10-17 21:50:00,177.08,177.08,176.45,176.49,1038639.0,2023-10-17
2023-10-17 21:55:00,176.48,176.67,176.365,176.62,641193,2023-10-17
2023-10-17 22:00:00,176.62,176.7369,176.52,176.68,422569,2023-10-17
2023-10-17 22:05:00,176.68,176.92,176.55,176.8,527012,2023-10-17
2023-10-17 22:10:00,176.81,176.95,176.5,176.72,776199,2023-10-17
2023-10-17 22:15:00,176.73,176.88,176.67,176.81,503087,2023-10-17
2023-10-17 22:20:00,176.81,176.93,176.69,176.73,414208,2023-10-17
2023-10-17 22:25:00,176.7391,176.88,176.665,176.77,443418,2023-10-17
2023-10-17 22:30:00,176.78,176.84,176.585,176.605,526821,2023-10-17
2023-10-17 22:35:00,176.615,176.7,176.51,176.5299,577717,2023-10-17
2023-10-17 22:40:00,176.53,176.68,176.445,176.55,746592,2023-10-17
2023-10-17 22:45:00,176.545,176.83,176.53,176.76,910606,2023-10-17
2023-10-17 22:50:00,176.74,177.3,176.71,177.1,1224162.0,2023-10-17
2023-10-17 22:55:00,177.105,177.18,176.85,177.14,2302498.0,2023-10-17
2023-10-17 23:00:00,177.15,177.23,176.98,177.05,864673,2023-10-17
2023-10-17 23:05:00,177.05,177.15,177,177.02,137538,2023-10-17
2023-10-17 23:10:00,177.01,177.15,176.97,177,23877,2023-10-17
2023-10-17 23:15:00,177,177.15,177,177.01,6059,2023-10-17
2023-10-17 23:20:00,177.15,177.15,176.99,177.02,9912,2023-10-17
2023-10-17 23:25:00,177.01,177.03,177.01,177.02,895,2023-10-17
2023-10-17 23:30:00,177.02,177.1,176.94,177,11900,2023-10-17
2023-10-17 23:35:00,177,177.02,176.99,177.02,5155,2023-10-17
2023-10-17 23:40:00,177.01,177.07,177.01,177.07,1374,2023-10-17
2023-10-17 23:45:00,177.02,177.02,177.01,177.01,1087,2023-10-17
2023-10-17 23:50:00,177.15,177.15,177.15,177.15,24411,2023-10-17
2023-10-17 23:55:00,176.98,176.98,176.98,176.98,122,2023-10-17
2023-10-18 00:00:00,176.95,176.96,176.95,176.96,1439,2023-10-17
2023-10-18 00:05:00,176.96,177.01,176.95,177,3918,2023-10-17
2023-10-18 00:15:00,177,177.02,177,177.02,2818,2023-10-17
2023-10-18 00:20:00,177.02,177.09,177.02,177.09,350,2023-10-17
2023-10-18 00:25:00,177.0102,177.02,177.0102,177.02,1465,2023-10-17
2023-10-18 00:30:00,177,177,177,177,273,2023-10-17
2023-10-18 00:35:00,177.05,177.07,177.05,177.0699,1164,2023-10-17
2023-10-18 00:40:00,177.0798,177.1,177.03,177.03,4651,2023-10-17
2023-10-18 00:45:00,177.01,177.01,177.01,177.01,138,2023-10-17
2023-10-18 00:50:00,177.03,177.03,177.0299,177.03,2978,2023-10-17
2023-10-18 00:55:00,177.0942,177.0942,177.09,177.09,418,2023-10-17
2023-10-18 01:00:00,177.1,177.1,176.96,176.96,5258,2023-10-17
2023-10-18 01:10:00,177,177,176.98,176.98,1201,2023-10-17
2023-10-18 01:15:00,176.98,176.98,176.98,176.98,142,2023-10-17
2023-10-18 01:20:00,176.9999,176.9999,176.98,176.98,2223,2023-10-17
2023-10-18 01:25:00,176.99,176.99,176.99,176.99,103,2023-10-17
2023-10-18 01:30:00,176.99,176.99,176.99,176.99,211,2023-10-17
2023-10-18 01:35:00,176.95,176.95,176.95,176.95,107,2023-10-17
2023-10-18 01:45:00,176.95,176.97,176.93,176.97,1512,2023-10-17
2023-10-18 01:50:00,176.97,176.97,176.97,176.97,275,2023-10-17
2023-10-18 01:55:00,176.95,176.95,176.95,176.95,209,2023-10-17
2023-10-18 02:00:00,176.94,176.95,176.81,176.81,2601,2023-10-17
2023-10-18 02:05:00,176.99,176.99,176.81,176.81,1072,2023-10-17
2023-10-18 02:10:00,176.68,176.79,176.68,176.71,1081,2023-10-17
2023-10-18 02:15:00,176.7,176.7,176.7,176.7,562,2023-10-17
2023-10-18 02:20:00,176.7,176.75,176.69,176.75,477,2023-10-17
2023-10-18 02:25:00,176.75,176.99,176.73,176.99,7729,2023-10-17
2023-10-18 02:30:00,176.83,176.9,176.83,176.9,396,2023-10-17
2023-10-18 02:35:00,176.72,176.75,176.72,176.75,664,2023-10-17
2023-10-18 02:40:00,176.72,176.72,176.72,176.72,106,2023-10-17
2023-10-18 02:45:00,176.62,176.77,176.62,176.77,798,2023-10-17
2023-10-18 02:50:00,176.78,176.78,176.52,176.6,2973,2023-10-17
2023-10-18 02:55:00,176.52,176.68,176.52,176.68,6406,2023-10-17
2023-10-18 11:05:00,176.66,176.66,176.66,176.66,1023,2023-10-18
2023-10-18 11:10:00,176.65,176.65,176.64,176.64,865,2023-10-18
2023-10-18 11:25:00,176.62,176.62,176.62,176.62,406,2023-10-18
2023-10-18 11:30:00,176.6,176.6,176.6,176.6,1272,2023-10-18
2023-10-18 11:45:00,176.72,176.73,176.72,176.73,2923,2023-10-18
2023-10-18 12:00:00,176.61,176.61,176.61,176.61,654,2023-10-18
2023-10-18 12:10:00,176.7,176.73,176.7,176.73,576,2023-10-18
2023-10-18 12:20:00,176.6,176.61,176.6,176.6,1224,2023-10-18
2023-10-18 12:25:00,176.43,176.43,176.38,176.38,2459,2023-10-18
2023-10-18 12:30:00,176.38,176.38,175.8,175.8,10608,2023-10-18
2023-10-18 12:35:00,176.11,176.11,176,176,1313,2023-10-18
2023-10-18 12:40:00,175.91,175.91,175.81,175.89,1792,2023-10-18
2023-10-18 12:45:00,175.9,175.9,175.89,175.9,2332,2023-10-18
2023-10-18 12:50:00,175.93,176.04,175.93,176.04,405,2023-10-18
2023-10-18 12:55:00,176.02,176.02,176.02,176.02,302,2023-10-18
2023-10-18 13:00:00,176.1,176.1,176.08,176.1,2305,2023-10-18
2023-10-18 13:05:00,176.12,176.12,176.12,176.12,520,2023-10-18
2023-10-18 13:10:00,176.12,176.12,176.12,176.12,691,2023-10-18
2023-10-18 13:15:00,176.1,176.1,176.1,176.1,565,2023-10-18
2023-10-18 13:20:00,176.03,176.03,176.02,176.02,3487,2023-10-18
2023-10-18 13:25:00,176.01,176.01,175.97,175.97,1549,2023-10-18
2023-10-18 13:30:00,175.95,175.95,175.95,175.95,2818,2023-10-18
2023-10-18 13:35:00,175.9,175.9,175.9,175.9,1376,2023-10-18
2023-10-18 13:40:00,175.82,175.89,175.82,175.82,3932,2023-10-18
2023-10-18 13:45:00,175.89,175.9,175.7,175.7,3862,2023-10-18
2023-10-18 13:50:00,175.79,175.79,175.77,175.77,1266,2023-10-18
2023-10-18 13:55:00,175.84,175.84,175.83,175.84,3078,2023-10-18
2023-10-18 14:00:00,175.98,176.01,175.78,176.01,14365,2023-10-18
2023-10-18 14:05:00,176.01,176.1,175.99,176,4700,2023-10-18
2023-10-18 14:10:00,176,176,175.84,175.84,7652,2023-10-18
2023-10-18 14:15:00,175.88,175.88,175.86,175.86,1289,2023-10-18
2023-10-18 14:20:00,175.87,175.87,175.71,175.71,9930,2023-10-18
2023-10-18 14:25:00,175.74,175.88,175.74,175.88,2015,2023-10-18
2023-10-18 14:30:00,175.85,175.85,175.74,175.79,13900,2023-10-18
2023-10-18 14:35:00,175.8,175.8,175.71,175.71,8222,2023-10-18
2023-10-18 14:40:00,175.69,175.76,175.6,175.6,4307,2023-10-18
2023-10-18 14:45:00,175.65,175.66,175.45,175.45,11843,2023-10-18
2023-10-18 14:50:00,175.45,175.61,175.45,175.61,1374,2023-10-18
2023-10-18 15:00:00,175.99,176.8,175.41,175.41,47775,2023-10-18
2023-10-18 15:05:00,175.46,175.83,175.46,175.78,12552,2023-10-18
2023-10-18 15:10:00,175.8,175.8,175.69,175.69,9566,2023-10-18
2023-10-18 15:15:00,175.7,175.8,175.6575,175.8,2023,2023-10-18
2023-10-18 15:20:00,175.75,175.8,175.75,175.75,7122,2023-10-18
2023-10-18 15:25:00,175.8,175.8,175.75,175.75,8734,2023-10-18
2023-10-18 15:30:00,175.76,175.8,175.7,175.7,13008,2023-10-18
2023-10-18 15:35:00,175.7,175.8,175.7,175.8,9917,2023-10-18
2023-10-18 15:40:00,175.75,175.75,175.65,175.72,9741,2023-10-18
2023-10-18 15:45:00,175.65,175.7,175.65,175.69,8792,2023-10-18
2023-10-18 15:50:00,175.66,175.66,175.6,175.6,13346,2023-10-18
2023-10-18 15:55:00,175.64,175.75,175.6,175.66,65349,2023-10-18
2023-10-18 16:00:00,175.66,175.75,175.65,175.73,9206,2023-10-18
2023-10-18 16:05:00,175.75,175.75,175.7,175.72,16132,2023-10-18
2023-10-18 16:10:00,175.73,175.74,175.68,175.73,14751,2023-10-18
2023-10-18 16:15:00,175.7,175.7,175.55,175.69,19792,2023-10-18
2023-10-18 16:20:00,175.65,175.72,175.6,175.65,20400,2023-10-18
2023-10-18 16:25:00,175.65,175.66,175.35,175.59,107225,2023-10-18
2023-10-18 16:30:00,175.58,176.475,175.42,176.41,1986508.0,2023-10-18
2023-10-18 16:35:00,176.41,176.65,175.98,176.1891,1052960.0,2023-10-18
2023-10-18 16:40:00,176.185,176.52,175.89,175.905,895735,2023-10-18
2023-10-18 16:45:00,175.905,176.37,175.69,176,775886,2023-10-18
2023-10-18 16:50:00,176.03,176.58,175.88,176.5396,828785,2023-10-18
2023-10-18 16:55:00,176.535,176.615,176.36,176.58,754343,2023-10-18
2023-10-18 17:00:00,176.585,176.7362,176.15,176.65,821604,2023-10-18
2023-10-18 17:05:00,176.65,177.0272,176.59,176.8,752916,2023-10-18
2023-10-18 17:10:00,176.81,176.945,176.625,176.905,517430,2023-10-18
2023-10-18 17:15:00,176.9,177.42,176.745,177.3509,942944,2023-10-18
2023-10-18 17:20:00,177.355,177.575,177.275,177.31,989079,2023-10-18
2023-10-18 17:25:00,177.32,177.3314,176.59,176.62,828651,2023-10-18
2023-10-18 17:30:00,176.605,176.61,176.01,176.0699,962508,2023-10-18
2023-10-18 17:35:00,176.06,176.14,175.755,176.135,985471,2023-10-18
2023-10-18 17:40:00,176.14,176.4299,176.04,176.3301,593128,2023-10-18
2023-10-18 17:45:00,176.355,176.64,176.33,176.48,595077,2023-10-18
2023-10-18 17:50:00,176.48,176.495,176.12,176.1799,561250,2023-10-18
2023-10-18 17:55:00,176.17,176.3513,176.1,176.14,452372,2023-10-18
2023-10-18 18:00:00,176.14,176.75,176.12,176.69,598279,2023-10-18
2023-10-18 18:05:00,176.7,176.72,176.33,176.34,479994,2023-10-18
2023-10-18 18:10:00,176.34,176.67,176.33,176.53,479899,2023-10-18
2023-10-18 18:15:00,176.525,176.93,176.48,176.82,462097,2023-10-18
2023-10-18 18:20:00,176.825,176.97,176.705,176.775,445865,2023-10-18
2023-10-18 18:25:00,176.78,177.12,176.7,176.73,481266,2023-10-18
2023-10-18 18:30:00,176.73,176.96,176.6301,176.91,400593,2023-10-18
2023-10-18 18:35:00,176.915,177.36,176.83,177.256,550727,2023-10-18
2023-10-18 18:40:00,177.265,177.275,176.8669,176.9215,431552,2023-10-18
2023-10-18 18:45:00,176.92,177.0509,176.76,177.02,384100,2023-10-18
2023-10-18 18:50:00,177.02,177.3,177.02,177.2,410936,2023-10-18
2023-10-18 18:55:00,177.2,177.4,176.99,177.02,485006,2023-10-18
2023-10-18 19:00:00,177.015,177.49,176.83,177.41,559268,2023-10-18
2023-10-18 19:05:00,177.425,177.49,177.18,177.425,381542,2023-10-18
2023-10-18 19:10:00,177.45,177.53,177.28,177.33,483422,2023-10-18
2023-10-18 19:15:00,177.3253,177.42,177.03,177.04,400014,2023-10-18
2023-10-18 19:20:00,177.04,177.105,176.81,176.825,489110,2023-10-18
2023-10-18 19:25:00,176.825,176.98,176.72,176.82,372336,2023-10-18
2023-10-18 19:30:00,176.82,176.945,176.76,176.76,269861,2023-10-18
2023-10-18 19:35:00,176.77,176.869,176.6318,176.66,312572,2023-10-18
2023-10-18 19:40:00,176.665,176.9,176.66,176.765,316780,2023-10-18
2023-10-18 19:45:00,176.76,176.8252,176.61,176.63,322850,2023-10-18
2023-10-18 19:50:00,176.625,176.625,176.31,176.3308,571251,2023-10-18
2023-10-18 19:55:00,176.34,176.46,176.26,176.38,353108,2023-10-18
2023-10-18 20:00:00,176.3709,176.93,176.225,176.92,672460,2023-10-18
2023-10-18 20:05:00,176.915,177.09,176.74,177.01,547757,2023-10-18
2023-10-18 20:10:00,177.02,177.2768,176.86,177.17,598214,2023-10-18
2023-10-18 20:15:00,177.16,177.37,177.01,177.1,906563,2023-10-18
2023-10-18 20:20:00,177.08,177.16,176.99,177.06,226082,2023-10-18
2023-10-18 20:25:00,177.07,177.21,176.99,177.12,257617,2023-10-18
2023-10-18 20:30:00,177.12,177.12,176.67,176.72,412696,2023-10-18
2023-10-18 20:35:00,176.7,176.7,176.39,176.437,502938,2023-10-18
2023-10-18 20:40:00,176.43,176.53,176.37,176.455,351478,2023-10-18
2023-10-18 20:45:00,176.45,176.45,176.22,176.3785,345385,2023-10-18
2023-10-18 20:50:00,176.379,176.6599,176.35,176.6,383455,2023-10-18
2023-10-18 20:55:00,176.59,176.79,176.51,176.76,322605,2023-10-18
2023-10-18 21:00:00,176.751,176.82,176.62,176.8,416511,2023-10-18
2023-10-18 21:05:00,176.8,177.13,176.65,177.02,462625,2023-10-18
2023-10-18 21:10:00,177.02,177.0201,176.65,176.685,298977,2023-10-18
2023-10-18 21:15:00,176.68,176.72,176.475,176.59,371604,2023-10-18
2023-10-18 21:20:00,176.58,176.79,176.55,176.705,387427,2023-10-18
2023-10-18 21:25:00,176.71,176.755,176.61,176.695,277468,2023-10-18
2023-10-18 21:30:00,176.685,176.915,176.64,176.66,318327,2023-10-18
2023-10-18 21:35:00,176.6577,176.71,176.51,176.52,244125,2023-10-18
2023-10-18 21:40:00,176.51,176.57,176.38,176.5012,386658,2023-10-18
2023-10-18 21:45:00,176.51,176.595,176.36,176.39,298139,2023-10-18
2023-10-18 21:50:00,176.4,176.42,176.23,176.29,306522,2023-10-18
2023-10-18 21:55:00,176.3,176.535,176.2999,176.42,835044,2023-10-18
2023-10-18 22:00:00,176.42,176.44,176.19,176.28,383119,2023-10-18
2023-10-18 22:05:00,176.28,176.32,176.04,176.1,412906,2023-10-18
2023-10-18 22:10:00,176.1,176.18,176.033,176.055,428889,2023-10-18
2023-10-18 22:15:00,176.06,176.25,175.97,176.24,487526,2023-10-18
2023-10-18 22:20:00,176.235,176.2906,175.99,176.0396,551347,2023-10-18
2023-10-18 22:25:00,176.0301,176.08,175.78,175.8799,597613,2023-10-18
2023-10-18 22:30:00,175.88,176.07,175.78,176.065,570193,2023-10-18
2023-10-18 22:35:00,176.06,176.09,175.82,175.82,487889,2023-10-18
2023-10-18 22:40:00,175.825,175.89,175.575,175.58,758900,2023-10-18
2023-10-18 22:45:00,175.59,175.59,175.11,175.255,1162958.0,2023-10-18
2023-10-18 22:50:00,175.25,175.72,175.25,175.701,1109920.0,2023-10-18
2023-10-18 22:55:00,175.71,175.91,175.59,175.84,2360790.0,2023-10-18
2023-10-18 23:00:00,175.83,175.84,175.5,175.77,1365575.0,2023-10-18
2023-10-18 23:05:00,175.78,175.84,175.65,175.84,156132,2023-10-18
2023-10-18 23:10:00,175.86,175.86,175.68,175.75,31354,2023-10-18
2023-10-18 23:15:00,175.77,175.79,175.7005,175.74,5600,2023-10-18
2023-10-18 23:20:00,175.84,175.84,175.7,175.76,159469,2023-10-18
2023-10-18 23:25:00,175.79,175.79,175.71,175.77,6671,2023-10-18
2023-10-18 23:30:00,175.77,175.92,175.75,175.8416,16647,2023-10-18
2023-10-18 23:35:00,175.86,175.89,175.82,175.84,53257,2023-10-18
2023-10-18 23:40:00,175.85,175.86,175.76,175.77,16047,2023-10-18
2023-10-18 23:45:00,175.77,175.78,175.7156,175.75,5608,2023-10-18
2023-10-18 23:50:00,175.76,175.76,175.71,175.75,1948,2023-10-18
2023-10-18 23:55:00,175.74,175.74,175.67,175.68,5502,2023-10-18
2023-10-19 00:00:00,175.71,175.71,175.65,175.65,4381,2023-10-18
2023-10-19 00:05:00,175.69,175.73,175.68,175.72,3542,2023-10-18
2023-10-19 00:10:00,175.73,175.73,175.71,175.71,4681,2023-10-18
2023-10-19 00:15:00,175.7,175.76,175.67,175.68,8732,2023-10-18
2023-10-19 00:20:00,175.7,175.84,175.65,175.7,29467,2023-10-18
2023-10-19 00:25:00,175.7,175.76,175.7,175.71,3863,2023-10-18
2023-10-19 00:30:00,175.7,175.74,175.7,175.74,7032,2023-10-18
2023-10-19 00:35:00,175.68,175.7,175.59,175.6,24049,2023-10-18
2023-10-19 00:40:00,175.62,175.63,175.59,175.6,3472,2023-10-18
2023-10-19 00:45:00,175.6,175.84,175.6,175.62,4784,2023-10-18
2023-10-19 00:50:00,175.63,175.7,175.56,175.56,5835,2023-10-18
2023-10-19 00:55:00,175.6,175.62,175.6,175.62,1040,2023-10-18
2023-10-19 01:00:00,175.6,175.65,175.5,175.65,5659,2023-10-18
2023-10-19 01:05:00,175.57,175.79,175.52,175.67,6689,2023-10-18
2023-10-19 01:10:00,175.7,175.72,175.54,175.59,2105,2023-10-18
2023-10-19 01:15:00,175.6052,175.7,175.56,175.56,2453,2023-10-18
2023-10-19 01:20:00,175.56,175.58,175.51,175.54,1763,2023-10-18
2023-10-19 01:25:00,175.58,175.58,175.51,175.51,1712,2023-10-18
2023-10-19 01:30:00,175.56,175.78,175.56,175.62,12039,2023-10-18
2023-10-19 01:35:00,175.605,175.605,175.605,175.605,213,2023-10-18
2023-10-19 01:40:00,175.57,175.57,175.57,175.57,501,2023-10-18
2023-10-19 01:45:00,175.57,175.61,175.531,175.56,3780,2023-10-18
2023-10-19 01:50:00,175.57,175.59,175.54,175.5881,3168,2023-10-18
2023-10-19 01:55:00,175.52,175.56,175.52,175.56,1293,2023-10-18
2023-10-19 02:00:00,175.56,175.64,175.56,175.61,1367,2023-10-18
2023-10-19 02:05:00,175.55,175.57,175.55,175.57,363,2023-10-18
2023-10-19 02:10:00,175.57,175.65,175.57,175.65,3001,2023-10-18
2023-10-19 02:15:00,175.65,175.69,175.6,175.65,4295,2023-10-18
2023-10-19 02:20:00,175.63,175.63,175.55,175.55,1235,2023-10-18
2023-10-19 02:25:00,175.55,175.55,175.51,175.54,2671,2023-10-18
2023-10-19 02:30:00,175.52,175.55,175.52,175.55,2548,2023-10-18
2023-10-19 02:35:00,175.55,175.59,175.55,175.56,2320,2023-10-18
2023-10-19 02:40:00,175.58,175.58,175.58,175.58,433,2023-10-18
2023-10-19 02:45:00,175.59,175.59,175.59,175.59,148,2023-10-18
2023-10-19 02:50:00,175.52,175.57,175.52,175.57,4176,2023-10-18
2023-10-19 02:55:00,175.53,175.58,175.4987,175.5,4685,2023-10-18
2023-10-19 11:00:00,175.24,175.39,175.11,175.15,7767,2023-10-19
2023-10-19 11:05:00,175.19,175.35,175.16,175.35,2055,2023-10-19
2023-10-19 11:10:00,175.15,175.15,174.95,174.95,4153,2023-10-19
2023-10-19 11:15:00,174.95,175.2,174.95,175,8212,2023-10-19
2023-10-19 11:20:00,175,175,174.91,174.95,4578,2023-10-19
2023-10-19 11:25:00,175,175.01,175,175,7185,2023-10-19
2023-10-19 11:30:00,175,175.14,174.95,175.1,5547,2023-10-19
2023-10-19 11:35:00,175.17,175.17,175,175,1446,2023-10-19
2023-10-19 11:45:00,175.1,175.11,175.1,175.11,2409,2023-10-19
2023-10-19 11:55:00,174.96,174.96,174.96,174.96,203,2023-10-19
2023-10-19 12:00:00,174.91,174.98,174.91,174.98,1426,2023-10-19
2023-10-19 12:05:00,174.92,175,174.92,175,1840,2023-10-19
2023-10-19 12:15:00,175.05,175.05,175.05,175.05,823,2023-10-19
2023-10-19 12:20:00,175.03,175.03,175.02,175.02,813,2023-10-19
2023-10-19 12:25:00,175.05,175.12,175.05,175.12,2177,2023-10-19
2023-10-19 12:30:00,175.19,175.34,175.19,175.27,3265,2023-10-19
2023-10-19 12:35:00,175.3,175.32,175.3,175.32,841,2023-10-19
2023-10-19 12:40:00,175.37,175.39,175.35,175.39,2583,2023-10-19
2023-10-19 12:45:00,175.4,175.45,175.4,175.45,1350,2023-10-19
2023-10-19 12:50:00,175.35,175.49,175.35,175.48,3041,2023-10-19
2023-10-19 12:55:00,175.55,175.55,175.54,175.55,1969,2023-10-19
2023-10-19 13:00:00,175.55,175.55,175.52,175.53,2502,2023-10-19
2023-10-19 13:05:00,175.52,175.52,175.52,175.52,335,2023-10-19
2023-10-19 13:10:00,175.47,175.47,175.43,175.44,3792,2023-10-19
2023-10-19 13:20:00,175.49,175.54,175.49,175.54,1327,2023-10-19
2023-10-19 13:25:00,175.56,175.6,175.56,175.6,695,2023-10-19
2023-10-19 13:30:00,175.66,175.68,175.66,175.68,1598,2023-10-19
2023-10-19 13:35:00,175.78,175.78,175.78,175.78,977,2023-10-19
2023-10-19 13:40:00,175.77,175.78,175.75,175.75,1227,2023-10-19
2023-10-19 13:45:00,175.78,175.78,175.73,175.73,2022,2023-10-19
2023-10-19 13:50:00,175.79,175.79,175.78,175.78,1176,2023-10-19
2023-10-19 13:55:00,175.73,175.73,175.73,175.73,629,2023-10-19
2023-10-19 14:00:00,175.71,175.75,175.66,175.71,5414,2023-10-19
2023-10-19 14:05:00,175.65,175.65,175.57,175.6,3337,2023-10-19
2023-10-19 14:10:00,175.6,175.63,175.57,175.57,6544,2023-10-19
2023-10-19 14:15:00,175.57,175.57,175.57,175.57,141,2023-10-19
2023-10-19 14:20:00,175.56,175.6,175.55,175.59,2599,2023-10-19
2023-10-19 14:25:00,175.59,175.59,175.55,175.55,2113,2023-10-19
2023-10-19 14:30:00,175.59,175.6,175.47,175.47,5731,2023-10-19
2023-10-19 14:35:00,175.32,175.32,175.23,175.24,12489,2023-10-19
2023-10-19 14:40:00,175.25,175.4,175.25,175.35,9826,2023-10-19
2023-10-19 14:45:00,175.31,175.31,175.19,175.31,7782,2023-10-19
2023-10-19 14:50:00,175.33,175.4,175.33,175.35,6149,2023-10-19
2023-10-19 14:55:00,175.27,175.3,175.21,175.3,4538,2023-10-19
2023-10-19 15:00:00,175.64,175.82,174.78,175.25,42861,2023-10-19
2023-10-19 15:05:00,175.25,175.29,175.16,175.21,6119,2023-10-19
2023-10-19 15:10:00,175.22,175.4,175.21,175.4,11059,2023-10-19
2023-10-19 15:15:00,175.35,175.45,175.31,175.45,9034,2023-10-19
2023-10-19 15:20:00,175.45,175.47,175.38,175.38,7258,2023-10-19
2023-10-19 15:25:00,175.47,175.53,175.45,175.47,5106,2023-10-19
2023-10-19 15:30:00,175.56,175.667,175.29,175.59,21198,2023-10-19
2023-10-19 15:35:00,175.6,176.15,175.51,176.02,49175,2023-10-19
2023-10-19 15:40:00,176.1,176.18,176,176.15,31097,2023-10-19
2023-10-19 15:45:00,176.1,176.4,176.03,176.2,19693,2023-10-19
2023-10-19 15:50:00,176.14,176.2195,176.0101,176.11,14905,2023-10-19
2023-10-19 15:55:00,176.18,176.25,176.1,176.21,10569,2023-10-19
2023-10-19 16:00:00,176.17,176.2,176.1,176.16,8819,2023-10-19
2023-10-19 16:05:00,176.19,176.37,176.15,176.369,23092,2023-10-19
2023-10-19 16:10:00,176.33,176.39,176.2,176.37,9377,2023-10-19
2023-10-19 16:15:00,176.3,176.4,176.15,176.18,59003,2023-10-19
2023-10-19 16:20:00,176.2,176.28,176.15,176.28,42249,2023-10-19
2023-10-19 16:25:00,176.05,176.25,175.77,176,1561409.0,2023-10-19
2023-10-19 16:30:00,176.04,176.66,175.93,176.345,1572918.0,2023-10-19
2023-10-19 16:35:00,176.35,176.42,175.845,176.0687,647797,2023-10-19
2023-10-19 16:40:00,176.06,176.255,175.95,176.13,700051,2023-10-19
2023-10-19 16:45:00,176.14,176.4,176.12,176.37,625268,2023-10-19
2023-10-19 16:50:00,176.37,176.84,176.365,176.7,770306,2023-10-19
2023-10-19 16:55:00,176.71,176.855,176.58,176.8401,847062,2023-10-19
2023-10-19 17:00:00,176.85,176.89,176.5401,176.59,665477,2023-10-19
2023-10-19 17:05:00,176.5949,176.93,176.548,176.7389,569018,2023-10-19
2023-10-19 17:10:00,176.73,177.29,176.72,177.28,892110,2023-10-19
2023-10-19 17:15:00,177.28,177.33,176.86,177.02,619343,2023-10-19
2023-10-19 17:20:00,177,177.14,176.63,176.95,498907,2023-10-19
2023-10-19 17:25:00,176.95,176.9803,176.18,176.28,579633,2023-10-19
2023-10-19 17:30:00,176.28,176.7736,176.16,176.43,667817,2023-10-19
2023-10-19 17:35:00,176.44,176.75,176.43,176.57,557267,2023-10-19
2023-10-19 17:40:00,176.5681,176.87,176.5,176.76,462185,2023-10-19
2023-10-19 17:45:00,176.76,176.81,176.52,176.585,301393,2023-10-19
2023-10-19 17:50:00,176.56,176.79,176.33,176.4714,333834,2023-10-19
2023-10-19 17:55:00,176.47,176.68,176.3601,176.465,331660,2023-10-19
2023-10-19 18:00:00,176.46,176.67,176.24,176.39,419050,2023-10-19
2023-10-19 18:05:00,176.4,176.41,176.05,176.2,438375,2023-10-19
2023-10-19 18:10:00,176.22,176.31,176.035,176.09,327994,2023-10-19
2023-10-19 18:15:00,176.09,176.16,175.82,175.935,564054,2023-10-19
2023-10-19 18:20:00,175.94,175.94,175.635,175.8999,780019,2023-10-19
2023-10-19 18:25:00,175.92,176.265,175.87,176.2499,442870,2023-10-19
2023-10-19 18:30:00,176.25,176.35,176.11,176.35,400391,2023-10-19
2023-10-19 18:35:00,176.34,176.4515,176.26,176.3319,421453,2023-10-19
2023-10-19 18:40:00,176.34,176.63,176.3,176.565,511472,2023-10-19
2023-10-19 18:45:00,176.56,176.72,176.449,176.66,410852,2023-10-19
2023-10-19 18:50:00,176.66,176.68,176.475,176.58,364769,2023-10-19
2023-10-19 18:55:00,176.58,176.63,176.44,176.48,280043,2023-10-19
2023-10-19 19:00:00,176.4724,177.54,176.1,177.11,1330887.0,2023-10-19
2023-10-19 19:05:00,177.11,177.23,176.67,176.7,730841,2023-10-19
2023-10-19 19:10:00,176.71,176.94,176.66,176.72,398112,2023-10-19
2023-10-19 19:15:00,176.71,177.35,176.62,177.26,553928,2023-10-19
2023-10-19 19:20:00,177.275,177.762,177.245,177.56,1156991.0,2023-10-19
2023-10-19 19:25:00,177.568,177.6164,176.56,176.68,815871,2023-10-19
2023-10-19 19:30:00,176.69,176.78,175.88,175.97,724839,2023-10-19
2023-10-19 19:35:00,175.97,175.97,175.46,175.7,1054361.0,2023-10-19
2023-10-19 19:40:00,175.7,176.06,175.47,175.83,747081,2023-10-19
2023-10-19 19:45:00,175.83,176.7,175.81,176.65,640043,2023-10-19
2023-10-19 19:50:00,176.69,177.06,176.48,177.05,832794,2023-10-19
2023-10-19 19:55:00,177.04,177.21,176.78,177.0561,594749,2023-10-19
2023-10-19 20:00:00,177.06,177.48,177.045,177.26,678301,2023-10-19
2023-10-19 20:05:00,177.27,177.76,177.19,177.66,594394,2023-10-19
2023-10-19 20:10:00,177.65,177.84,177.57,177.63,505101,2023-10-19
2023-10-19 20:15:00,177.65,177.84,177.36,177.74,450188,2023-10-19
2023-10-19 20:20:00,177.75,177.81,177.36,177.455,426892,2023-10-19
2023-10-19 20:25:00,177.46,177.55,177.25,177.48,327218,2023-10-19
2023-10-19 20:30:00,177.49,177.83,177.375,177.46,385439,2023-10-19
2023-10-19 20:35:00,177.48,177.54,176.88,176.99,576345,2023-10-19
2023-10-19 20:40:00,176.9682,177,176.6,176.6674,498956,2023-10-19
2023-10-19 20:45:00,176.67,176.8,176.56,176.67,351913,2023-10-19
2023-10-19 20:50:00,176.69,176.915,176.65,176.795,309052,2023-10-19
2023-10-19 20:55:00,176.8,177.01,176.67,176.78,403671,2023-10-19
2023-10-19 21:00:00,176.76,177.005,176.59,176.78,337631,2023-10-19
2023-10-19 21:05:00,176.79,176.92,176.611,176.76,294540,2023-10-19
2023-10-19 21:10:00,176.77,177,176.76,176.82,305736,2023-10-19
2023-10-19 21:15:00,176.8225,177.02,176.65,176.86,288457,2023-10-19
2023-10-19 21:20:00,176.87,176.92,176.52,176.52,355190,2023-10-19
2023-10-19 21:25:00,176.53,176.75,176.51,176.59,317256,2023-10-19
2023-10-19 21:30:00,176.59,176.59,175.91,175.9101,547743,2023-10-19
2023-10-19 21:35:00,175.93,175.99,175.7,175.93,798968,2023-10-19
2023-10-19 21:40:00,175.92,175.9399,175.62,175.62,490323,2023-10-19
2023-10-19 21:45:00,175.6245,175.77,175.52,175.6187,494897,2023-10-19
2023-10-19 21:50:00,175.615,175.83,175.58,175.58,409883,2023-10-19
2023-10-19 21:55:00,175.58,175.92,175.55,175.62,433978,2023-10-19
2023-10-19 22:00:00,175.6251,175.92,175.61,175.85,440907,2023-10-19
2023-10-19 22:05:00,175.84,175.9377,175.66,175.695,383721,2023-10-19
2023-10-19 22:10:00,175.695,175.87,175.6052,175.7,378232,2023-10-19
2023-10-19 22:15:00,175.725,175.8675,175.63,175.8675,450856,2023-10-19
2023-10-19 22:20:00,175.87,175.91,175.59,175.71,464378,2023-10-19
2023-10-19 22:25:00,175.705,175.76,175.56,175.74,512370,2023-10-19
2023-10-19 22:30:00,175.73,176.06,175.68,176.025,692394,2023-10-19
2023-10-19 22:35:00,176.03,176.05,175.71,175.7267,512229,2023-10-19
2023-10-19 22:40:00,175.735,175.74,175.34,175.375,782138,2023-10-19
2023-10-19 22:45:00,175.3482,175.6899,175.19,175.64,1079344.0,2023-10-19
2023-10-19 22:50:00,175.64,175.88,175.52,175.77,1000672.0,2023-10-19
2023-10-19 22:55:00,175.76,175.76,175.37,175.45,1748520.0,2023-10-19
2023-10-19 23:00:00,175.45,175.46,174.91,175.07,317556,2023-10-19
2023-10-19 23:05:00,175.08,175.46,174.91,175.16,92440,2023-10-19
2023-10-19 23:10:00,175.18,175.46,175.05,175.05,14326,2023-10-19
2023-10-19 23:15:00,175.08,175.35,175.08,175.3,19996,2023-10-19
2023-10-19 23:20:00,175.46,175.46,175.15,175.23,12472,2023-10-19
2023-10-19 23:25:00,175.25,175.3,175.15,175.21,9819,2023-10-19
2023-10-19 23:30:00,175.23,175.3,175.17,175.3,14391,2023-10-19
2023-10-19 23:35:00,175.3,175.33,175.2,175.21,10505,2023-10-19
2023-10-19 23:40:00,175.22,175.29,175.17,175.27,10617,2023-10-19
2023-10-19 23:45:00,175.25,175.27,175.25,175.27,2838,2023-10-19
2023-10-19 23:50:00,175.28,175.29,175.17,175.21,1502013.0,2023-10-19
2023-10-19 23:55:00,175.2,175.28,175.18,175.26,6782,2023-10-19
2023-10-20 00:00:00,175.24,175.46,175.2,175.29,22779,2023-10-19
2023-10-20 00:05:00,175.2515,175.2515,175.19,175.19,3674,2023-10-19
2023-10-20 00:10:00,175.2,175.2,175.13,175.13,4692,2023-10-19
2023-10-20 00:15:00,175.12,175.17,175.05,175.09,13137,2023-10-19
2023-10-20 00:20:00,175.13,175.18,175.06,175.1,4465,2023-10-19
2023-10-20 00:25:00,175.1,175.1,175.0663,175.0663,1525,2023-10-19
2023-10-20 00:30:00,175.13,175.15,175.12,175.12,1049,2023-10-19
2023-10-20 00:35:00,175.11,175.12,175.1,175.1,1103,2023-10-19
2023-10-20 00:45:00,175.06,175.09,175.02,175.02,2416,2023-10-19
2023-10-20 00:50:00,175.0207,175.05,175.01,175.01,5326,2023-10-19
2023-10-20 00:55:00,175.04,175.04,175.0397,175.04,1665,2023-10-19
2023-10-20 01:00:00,175.03,175.16,175.03,175.1,5500,2023-10-19
2023-10-20 01:05:00,175.08,175.1,175.01,175.05,3298,2023-10-19
2023-10-20 01:10:00,175.09,175.1383,175.0315,175.1383,1008,2023-10-19
2023-10-20 01:15:00,175.03,175.06,175.03,175.06,1810,2023-10-19
2023-10-20 01:20:00,175.08,175.08,175.0799,175.0799,634,2023-10-19
2023-10-20 01:25:00,175.08,175.08,175.04,175.04,339,2023-10-19
2023-10-20 01:30:00,175.03,175.06,175.03,175.03,489,2023-10-19
2023-10-20 01:35:00,175.05,175.08,175.02,175.08,1637,2023-10-19
2023-10-20 01:40:00,175.0248,175.0799,175.02,175.0799,1539,2023-10-19
2023-10-20 01:45:00,175.0799,175.0799,175.0243,175.03,806,2023-10-19
2023-10-20 01:50:00,175.03,175.05,175,175.02,3491,2023-10-19
2023-10-20 01:55:00,175.06,175.06,174.97,174.97,5346,2023-10-19
2023-10-20 02:00:00,174.9,174.95,174.9,174.95,2144,2023-10-19
2023-10-20 02:05:00,174.95,174.97,174.94,174.95,1901,2023-10-19
2023-10-20 02:10:00,175,175,174.75,174.75,4879,2023-10-19
2023-10-20 02:15:00,174.82,174.85,174.82,174.85,2511,2023-10-19
2023-10-20 02:20:00,174.85,174.87,174.85,174.85,1264,2023-10-19
2023-10-20 02:25:00,174.83,174.85,174.81,174.85,7133,2023-10-19
2023-10-20 02:30:00,174.86,174.86,174.86,174.86,270,2023-10-19
2023-10-20 02:35:00,174.86,174.95,174.86,174.94,3057,2023-10-19
2023-10-20 02:40:00,174.95,174.95,174.9,174.94,3740,2023-10-19
2023-10-20 02:45:00,174.93,174.93,174.93,174.93,305,2023-10-19
2023-10-20 02:50:00,174.93,174.93,174.9,174.9,3426,2023-10-19
2023-10-20 02:55:00,174.91,174.91,174.85,174.85,5328,2023-10-19
2023-10-20 11:00:00,174.95,174.95,174.56,174.65,3962,2023-10-20
2023-10-20 11:05:00,174.8,174.8,174.72,174.8,2101,2023-10-20
2023-10-20 11:10:00,174.84,174.88,174.84,174.88,1633,2023-10-20
2023-10-20 11:15:00,174.88,174.88,174.71,174.82,1797,2023-10-20
2023-10-20 11:20:00,174.79,174.99,174.79,174.99,3806,2023-10-20
2023-10-20 11:25:00,175.01,175.01,175.01,175.01,278,2023-10-20
2023-10-20 11:35:00,175.06,175.07,175.06,175.07,276,2023-10-20
2023-10-20 11:40:00,175.14,175.14,175.14,175.14,386,2023-10-20
2023-10-20 11:45:00,175.25,175.27,175.25,175.25,2056,2023-10-20
2023-10-20 11:50:00,175.22,175.32,175.14,175.14,2302,2023-10-20
2023-10-20 12:05:00,175.07,175.1,175.07,175.1,3798,2023-10-20
2023-10-20 12:10:00,175.04,175.16,174.85,174.97,4487,2023-10-20
2023-10-20 12:15:00,175,175,175,175,561,2023-10-20
2023-10-20 12:20:00,174.97,174.97,174.97,174.97,2170,2023-10-20
2023-10-20 12:25:00,174.87,174.87,174.75,174.75,2410,2023-10-20
2023-10-20 12:30:00,174.71,174.82,174.71,174.82,1242,2023-10-20
2023-10-20 12:35:00,174.82,174.82,174.8,174.8,889,2023-10-20
2023-10-20 12:40:00,174.85,174.85,174.85,174.85,340,2023-10-20
2023-10-20 12:45:00,174.82,174.84,174.71,174.71,7491,2023-10-20
2023-10-20 12:50:00,174.88,174.88,174.88,174.88,831,2023-10-20
2023-10-20 12:55:00,174.97,174.97,174.97,174.97,322,2023-10-20
2023-10-20 13:00:00,174.93,174.93,174.93,174.93,329,2023-10-20
2023-10-20 13:05:00,174.88,174.88,174.88,174.88,561,2023-10-20
2023-10-20 13:15:00,174.87,174.87,174.87,174.87,305,2023-10-20
2023-10-20 13:20:00,174.86,174.86,174.82,174.82,1664,2023-10-20
2023-10-20 13:25:00,174.73,174.73,174.73,174.73,392,2023-10-20
2023-10-20 13:30:00,174.72,174.72,174.7,174.7,1665,2023-10-20
2023-10-20 13:35:00,174.74,174.74,174.73,174.74,744,2023-10-20
2023-10-20 13:40:00,174.71,174.71,174.71,174.71,196,2023-10-20
2023-10-20 13:45:00,174.71,174.72,174.71,174.72,306,2023-10-20
2023-10-20 14:00:00,174.71,174.79,174.7,174.75,5957,2023-10-20
2023-10-20 14:05:00,174.81,174.97,174.79,174.97,7852,2023-10-20
2023-10-20 14:10:00,175,175.06,174.98,174.98,1453,2023-10-20
2023-10-20 14:15:00,175,175.1,174.95,174.95,5410,2023-10-20
2023-10-20 14:20:00,175.05,175.05,175,175,1561,2023-10-20
2023-10-20 14:25:00,174.95,174.95,174.95,174.95,1690,2023-10-20
2023-10-20 14:30:00,174.9,174.9,174.9,174.9,313,2023-10-20
2023-10-20 14:40:00,174.92,174.92,174.85,174.88,2956,2023-10-20
2023-10-20 14:50:00,175,175.01,174.99,175.01,1035,2023-10-20
2023-10-20 14:55:00,175,175.18,175,175.1,6860,2023-10-20
2023-10-20 15:00:00,174.77,175.2,174.49,175.2,34553,2023-10-20
2023-10-20 15:05:00,175.03,175.03,174.75,174.75,2996,2023-10-20
2023-10-20 15:10:00,174.84,174.85,174.84,174.84,4649,2023-10-20
2023-10-20 15:15:00,174.83,174.83,174.75,174.75,2506,2023-10-20
2023-10-20 15:20:00,174.78,174.85,174.7,174.781,9308,2023-10-20
2023-10-20 15:25:00,174.7,174.7,174.64,174.646,7524,2023-10-20
2023-10-20 15:30:00,174.65,174.78,174.65,174.74,8329,2023-10-20
2023-10-20 15:35:00,174.78,174.84,174.78,174.81,5458,2023-10-20
2023-10-20 15:40:00,174.76,174.84,174.66,174.7514,7056,2023-10-20
2023-10-20 15:45:00,174.66,174.7,174.65,174.65,2222,2023-10-20
2023-10-20 15:50:00,174.64,174.74,174.63,174.73,4985,2023-10-20
2023-10-20 15:55:00,174.66,174.77,174.66,174.68,4660,2023-10-20
2023-10-20 16:00:00,174.77,174.78,174.68,174.72,12224,2023-10-20
2023-10-20 16:05:00,174.6644,174.73,174.65,174.7299,3730,2023-10-20
2023-10-20 16:10:00,174.7,174.75,174.69,174.75,2783,2023-10-20
2023-10-20 16:15:00,174.75,174.92,174.75,174.885,12549,2023-10-20
2023-10-20 16:20:00,174.84,175.03,174.84,175.02,17237,2023-10-20
2023-10-20 16:25:00,174.98,175.8,174.42,175.41,311777,2023-10-20
2023-10-20 16:30:00,175.31,175.39,174.72,174.85,5073442.0,2023-10-20
2023-10-20 16:35:00,174.83,175.1411,174.67,174.85,773385,2023-10-20
2023-10-20 16:40:00,174.8538,175.28,174.81,174.98,953310,2023-10-20
2023-10-20 16:45:00,174.98,175.42,174.83,175.22,653874,2023-10-20
2023-10-20 16:50:00,175.22,175.34,174.86,175.27,762844,2023-10-20
2023-10-20 16:55:00,175.27,175.41,175.09,175.1016,650239,2023-10-20
2023-10-20 17:00:00,175.105,175.32,174.9001,175.07,603288,2023-10-20
2023-10-20 17:05:00,175.07,175.18,174.6575,174.81,559207,2023-10-20
2023-10-20 17:10:00,174.809,174.89,174.27,174.3899,833925,2023-10-20
2023-10-20 17:15:00,174.38,174.75,174.37,174.62,659017,2023-10-20
2023-10-20 17:20:00,174.6,174.72,174.2801,174.3,590872,2023-10-20
2023-10-20 17:25:00,174.31,174.3799,174.07,174.24,654093,2023-10-20
2023-10-20 17:30:00,174.24,174.26,173.89,174.13,946833,2023-10-20
2023-10-20 17:35:00,174.14,174.25,173.745,173.76,1263856.0,2023-10-20
2023-10-20 17:40:00,173.75,173.83,173.64,173.67,533442,2023-10-20
2023-10-20 17:45:00,173.668,173.72,173.44,173.69,1594913.0,2023-10-20
2023-10-20 17:50:00,173.7,173.7,173.51,173.575,730668,2023-10-20
2023-10-20 17:55:00,173.57,173.57,173.34,173.365,665364,2023-10-20
2023-10-20 18:00:00,173.36,173.68,173.345,173.61,800617,2023-10-20
2023-10-20 18:05:00,173.6,173.67,173.47,173.5,814035,2023-10-20
2023-10-20 18:10:00,173.49,173.59,173.365,173.49,406841,2023-10-20
2023-10-20 18:15:00,173.49,173.5,173.13,173.26,728606,2023-10-20
2023-10-20 18:20:00,173.25,173.25,172.8,172.83,721493,2023-10-20
2023-10-20 18:25:00,172.835,172.89,172.64,172.8699,622952,2023-10-20
2023-10-20 18:30:00,172.88,172.99,172.78,172.85,627779,2023-10-20
2023-10-20 18:35:00,172.86,173.235,172.67,173.115,1101869.0,2023-10-20
2023-10-20 18:40:00,173.115,173.26,172.96,173.09,547646,2023-10-20
2023-10-20 18:45:00,173.09,173.36,173.0501,173.3247,500567,2023-10-20
2023-10-20 18:50:00,173.3111,173.3299,173.11,173.262,409563,2023-10-20
2023-10-20 18:55:00,173.2619,173.68,173.26,173.64,621079,2023-10-20
2023-10-20 19:00:00,173.65,173.84,173.61,173.76,584777,2023-10-20
2023-10-20 19:05:00,173.765,173.83,173.5844,173.67,478566,2023-10-20
2023-10-20 19:10:00,173.67,173.7,173.42,173.51,360652,2023-10-20
2023-10-20 19:15:00,173.51,173.7,173.4,173.67,365238,2023-10-20
2023-10-20 19:20:00,173.69,173.82,173.61,173.79,437814,2023-10-20
2023-10-20 19:25:00,173.79,173.8,173.51,173.56,326120,2023-10-20
2023-10-20 19:30:00,173.57,173.83,173.56,173.8,316832,2023-10-20
2023-10-20 19:35:00,173.8,173.98,173.73,173.9,350885,2023-10-20
2023-10-20 19:40:00,173.9,173.9,173.6546,173.71,453102,2023-10-20
2023-10-20 19:45:00,173.71,174,173.69,173.955,343451,2023-10-20
2023-10-20 19:50:00,173.96,174.09,173.84,174.03,374479,2023-10-20
2023-10-20 19:55:00,174.025,174.36,174.01,174.315,926528,2023-10-20
2023-10-20 20:00:00,174.32,174.385,174.17,174.19,360523,2023-10-20
2023-10-20 20:05:00,174.21,174.26,173.98,174.04,370220,2023-10-20
2023-10-20 20:10:00,174.04,174.26,174.03,174.2412,367509,2023-10-20
2023-10-20 20:15:00,174.23,174.72,174.115,174.67,875603,2023-10-20
2023-10-20 20:20:00,174.67,174.67,174.36,174.475,474781,2023-10-20
2023-10-20 20:25:00,174.475,174.475,174.08,174.18,795581,2023-10-20
2023-10-20 20:30:00,174.185,174.24,174.01,174.04,343326,2023-10-20
2023-10-20 20:35:00,174.04,174.19,173.99,174.0101,206819,2023-10-20
2023-10-20 20:40:00,174.01,174.38,174,174.25,377812,2023-10-20
2023-10-20 20:45:00,174.2403,174.305,173.9435,174.02,343353,2023-10-20
2023-10-20 20:50:00,174.03,174.165,173.8877,173.99,346424,2023-10-20
2023-10-20 20:55:00,173.99,174.305,173.94,174.305,322196,2023-10-20
2023-10-20 21:00:00,174.3,174.39,174.0506,174.0511,464597,2023-10-20
2023-10-20 21:05:00,174.065,174.135,173.89,174.01,313210,2023-10-20
2023-10-20 21:10:00,174.03,174.0399,173.65,173.6827,408150,2023-10-20
2023-10-20 21:15:00,173.68,173.75,173.46,173.54,666063,2023-10-20
2023-10-20 21:20:00,173.54,173.74,173.54,173.67,298685,2023-10-20
2023-10-20 21:25:00,173.66,173.7101,173.525,173.58,316259,2023-10-20
2023-10-20 21:30:00,173.56,173.6094,173.37,173.56,381817,2023-10-20
2023-10-20 21:35:00,173.56,173.76,173.34,173.42,428487,2023-10-20
2023-10-20 21:40:00,173.42,173.49,173.255,173.465,296364,2023-10-20
2023-10-20 21:45:00,173.46,173.5999,173.41,173.57,293493,2023-10-20
2023-10-20 21:50:00,173.58,173.73,173.49,173.69,527923,2023-10-20
2023-10-20 21:55:00,173.69,173.86,173.48,173.51,598567,2023-10-20
2023-10-20 22:00:00,173.53,173.755,173.455,173.555,334800,2023-10-20
2023-10-20 22:05:00,173.565,173.71,173.3,173.31,362486,2023-10-20
2023-10-20 22:10:00,173.31,173.45,173.18,173.38,420597,2023-10-20
2023-10-20 22:15:00,173.375,173.715,173.315,173.69,735322,2023-10-20
2023-10-20 22:20:00,173.68,173.685,173.24,173.31,395388,2023-10-20
2023-10-20 22:25:00,173.3001,173.43,173.125,173.38,508874,2023-10-20
2023-10-20 22:30:00,173.37,173.49,173.285,173.35,467633,2023-10-20
2023-10-20 22:35:00,173.35,173.435,173.21,173.36,574771,2023-10-20
2023-10-20 22:40:00,173.365,173.38,173.08,173.175,857774,2023-10-20
2023-10-20 22:45:00,173.185,173.32,173.1,173.205,827835,2023-10-20
2023-10-20 22:50:00,173.21,173.23,172.8,172.86,1437760.0,2023-10-20
2023-10-20 22:55:00,172.865,173.06,172.81,172.84,2859282.0,2023-10-20
2023-10-20 23:00:00,172.88,173.06,172.85,172.93,1042307.0,2023-10-20
2023-10-20 23:05:00,172.94,173.14,172.88,172.99,55149,2023-10-20
2023-10-20 23:10:00,172.92,173.02,172.88,173,47340,2023-10-20
2023-10-20 23:15:00,172.95,173.0398,172.9,172.9,31272,2023-10-20
2023-10-20 23:20:00,172.9001,172.97,172.9,172.96,9566,2023-10-20
2023-10-20 23:25:00,172.98,173.05,172.98,173,9507,2023-10-20
2023-10-20 23:30:00,173.01,173.07,173,173.06,12214,2023-10-20
2023-10-20 23:35:00,173.02,173.29,172.96,172.99,56927,2023-10-20
2023-10-20 23:40:00,172.98,173.01,172.98,172.99,1806,2023-10-20
2023-10-20 23:45:00,173.02,173.02,172.9,172.98,12920,2023-10-20
2023-10-20 23:50:00,172.96,173.02,172.96,172.9875,4495,2023-10-20
2023-10-20 23:55:00,172.95,172.99,172.93,172.97,3918,2023-10-20
2023-10-21 00:00:00,172.9406,172.98,172.92,172.95,5114,2023-10-20
2023-10-21 00:05:00,172.95,172.99,172.9,172.95,17523,2023-10-20
2023-10-21 00:10:00,172.91,172.93,172.88,172.91,17206,2023-10-20
2023-10-21 00:15:00,172.9,172.94,172.9,172.92,2097,2023-10-20
2023-10-21 00:20:00,172.95,172.96,172.93,172.93,994,2023-10-20
2023-10-21 00:25:00,172.9503,172.9503,172.9,172.92,4659,2023-10-20
2023-10-21 00:30:00,172.93,172.93,172.9,172.9001,1496,2023-10-20
2023-10-21 00:35:00,172.91,172.91,172.88,172.88,4448,2023-10-20
2023-10-21 00:40:00,172.87,172.93,172.87,172.93,1841,2023-10-20
2023-10-21 00:45:00,172.89,172.9,172.88,172.89,1421,2023-10-20
2023-10-21 00:50:00,172.87,172.88,172.87,172.88,4060,2023-10-20
2023-10-21 00:55:00,172.87,172.88,172.86,172.87,2953,2023-10-20
2023-10-21 01:00:00,172.86,172.87,172.86,172.87,1405,2023-10-20
2023-10-21 01:05:00,172.88,172.88,172.86,172.86,1824,2023-10-20
2023-10-21 01:10:00,172.87,172.87,172.85,172.87,1381,2023-10-20
2023-10-21 01:15:00,172.88,172.88,172.87,172.88,1842,2023-10-20
2023-10-21 01:20:00,172.86,172.88,172.85,172.88,553,2023-10-20
2023-10-21 01:25:00,172.82,172.85,172.82,172.85,569,2023-10-20
2023-10-21 01:30:00,172.81,172.87,172.81,172.87,1183,2023-10-20
2023-10-21 01:35:00,172.81,172.81,172.8,172.8,1783,2023-10-20
2023-10-21 01:40:00,172.76,172.76,172.76,172.76,140,2023-10-20
2023-10-21 01:45:00,172.75,172.76,172.7,172.71,2861,2023-10-20
2023-10-21 01:50:00,172.7498,172.75,172.71,172.74,1486,2023-10-20
2023-10-21 01:55:00,172.7107,172.73,172.71,172.73,2024,2023-10-20
2023-10-21 02:00:00,172.76,172.7799,172.71,172.7799,1027,2023-10-20
2023-10-21 02:05:00,172.71,172.72,172.71,172.72,425,2023-10-20
2023-10-21 02:10:00,172.71,172.71,172.71,172.71,136,2023-10-20
2023-10-21 02:20:00,172.72,172.72,172.71,172.71,770,2023-10-20
2023-10-21 02:25:00,172.72,172.72,172.71,172.72,4384,2023-10-20
2023-10-21 02:35:00,172.72,172.72,172.71,172.71,1511,2023-10-20
2023-10-21 02:40:00,172.71,172.71,172.71,172.71,191,2023-10-20
2023-10-21 02:45:00,172.72,172.72,172.68,172.68,1771,2023-10-20
2023-10-21 02:50:00,172.6501,172.68,172.65,172.68,2387,2023-10-20
2023-10-21 02:55:00,172.65,172.8,172.64,172.78,6917,2023-10-20
2023-10-23 11:00:00,172.6,172.6,171.68,171.7,8728,2023-10-23
2023-10-23 11:05:00,171.68,171.98,171.68,171.98,11894,2023-10-23
2023-10-23 11:10:00,171.96,172.06,171.95,172.05,11576,2023-10-23
2023-10-23 11:15:00,172.01,172.01,171.98,171.99,6797,2023-10-23
2023-10-23 11:20:00,171.97,172,171.94,171.97,9417,2023-10-23
2023-10-23 11:25:00,171.95,171.95,171.75,171.75,6557,2023-10-23
2023-10-23 11:30:00,171.76,171.76,171.7,171.7,5581,2023-10-23
2023-10-23 11:35:00,171.86,171.86,171.83,171.84,2602,2023-10-23
2023-10-23 11:40:00,171.84,171.86,171.84,171.86,1537,2023-10-23
2023-10-23 11:45:00,171.82,171.82,171.82,171.82,578,2023-10-23
2023-10-23 11:50:00,171.7,171.71,171.7,171.7,1918,2023-10-23
2023-10-23 11:55:00,171.7,171.7,171.7,171.7,775,2023-10-23
2023-10-23 12:00:00,171.67,171.67,171.11,171.12,9862,2023-10-23
2023-10-23 12:05:00,171.15,171.18,170,170.29,28652,2023-10-23
2023-10-23 12:10:00,170.5,170.55,170.2,170.46,11858,2023-10-23
2023-10-23 12:15:00,170.4,170.85,170.39,170.85,8648,2023-10-23
2023-10-23 12:20:00,170.89,170.89,170.7,170.71,6668,2023-10-23
2023-10-23 12:25:00,170.8,170.8,170.6,170.6,3703,2023-10-23
2023-10-23 12:30:00,170.61,170.61,170.35,170.39,8583,2023-10-23
2023-10-23 12:35:00,170.5,170.51,170.35,170.4,3737,2023-10-23
2023-10-23 12:40:00,170.36,170.51,170.3,170.39,11553,2023-10-23
2023-10-23 12:45:00,170.33,170.33,170.23,170.24,6616,2023-10-23
2023-10-23 12:50:00,170.3,170.37,170.29,170.33,4091,2023-10-23
2023-10-23 12:55:00,170.49,170.49,170.2,170.2,7097,2023-10-23
2023-10-23 13:00:00,170.22,170.36,170.2,170.36,3342,2023-10-23
2023-10-23 13:05:00,170.33,170.39,170.3,170.3,3506,2023-10-23
2023-10-23 13:10:00,170.42,170.42,170.27,170.27,10110,2023-10-23
2023-10-23 13:15:00,170.34,170.49,170.34,170.49,3037,2023-10-23
2023-10-23 13:20:00,170.44,170.44,170.3,170.3,2778,2023-10-23
2023-10-23 13:25:00,170.36,170.49,170.36,170.36,2824,2023-10-23
2023-10-23 13:30:00,170.39,170.42,170.39,170.42,818,2023-10-23
2023-10-23 13:35:00,170.48,170.58,170.48,170.58,4794,2023-10-23
2023-10-23 13:40:00,170.65,170.65,170.65,170.65,765,2023-10-23
2023-10-23 13:45:00,170.57,170.7,170.57,170.64,4224,2023-10-23
2023-10-23 13:50:00,170.56,170.69,170.51,170.69,1987,2023-10-23
2023-10-23 13:55:00,170.65,170.66,170.65,170.66,1612,2023-10-23
2023-10-23 14:00:00,170.6,171.17,170.6,170.7,21022,2023-10-23
2023-10-23 14:05:00,170.73,170.77,170.63,170.72,6297,2023-10-23
2023-10-23 14:10:00,170.64,170.76,170.64,170.76,7344,2023-10-23
2023-10-23 14:15:00,170.77,170.9,170.75,170.89,4907,2023-10-23
2023-10-23 14:20:00,170.87,170.87,170.8,170.8,1914,2023-10-23
2023-10-23 14:25:00,170.78,170.92,170.78,170.92,6316,2023-10-23
2023-10-23 14:30:00,170.98,171.04,170.92,171,9801,2023-10-23
2023-10-23 14:35:00,171,171.22,171,171.22,7228,2023-10-23
2023-10-23 14:40:00,171.23,171.32,171.12,171.32,9691,2023-10-23
2023-10-23 14:45:00,171.15,171.31,171.11,171.21,10575,2023-10-23
2023-10-23 14:50:00,171.2,171.27,171.2,171.21,9273,2023-10-23
2023-10-23 14:55:00,171.2,171.2,170.7,170.81,37642,2023-10-23
2023-10-23 15:00:00,171.04,173.08,170.6,170.83,129835,2023-10-23
2023-10-23 15:05:00,170.8999,170.99,170.85,170.9,13252,2023-10-23
2023-10-23 15:10:00,170.9,171,170.9,171,14628,2023-10-23
2023-10-23 15:15:00,171,171.15,171,171.04,10574,2023-10-23
2023-10-23 15:20:00,171.1,171.3,171.1,171.13,16587,2023-10-23
2023-10-23 15:25:00,171.2,171.46,171.2,171.4,18473,2023-10-23
2023-10-23 15:30:00,171.25,171.33,171.23,171.3,8625,2023-10-23
2023-10-23 15:35:00,171.3,171.4172,171.25,171.3105,7352,2023-10-23
2023-10-23 15:40:00,171.4,171.4,171.28,171.28,8695,2023-10-23
2023-10-23 15:45:00,171.32,171.32,170.63,170.95,30339,2023-10-23
2023-10-23 15:50:00,170.9,170.9799,170.61,170.83,16027,2023-10-23
2023-10-23 15:55:00,170.77,170.8977,170.74,170.8709,13216,2023-10-23
2023-10-23 16:00:00,170.85,170.9929,170.81,170.97,9046,2023-10-23
2023-10-23 16:05:00,170.97,171.13,170.84,170.89,29842,2023-10-23
2023-10-23 16:10:00,170.88,170.9,170.8,170.83,14844,2023-10-23
2023-10-23 16:15:00,170.8462,170.8462,170.56,170.56,29000,2023-10-23
2023-10-23 16:20:00,170.56,170.76,170.51,170.72,36786,2023-10-23
2023-10-23 16:25:00,170.7,171.15,170.26,171.01,106399,2023-10-23
2023-10-23 16:30:00,170.91,171.68,170.52,171,2747674.0,2023-10-23
2023-10-23 16:35:00,171,171.055,170.26,170.3,1654672.0,2023-10-23
2023-10-23 16:40:00,170.34,170.57,170.01,170.1775,1354229.0,2023-10-23
2023-10-23 16:45:00,170.17,171.1,169.93,171.01,1904335.0,2023-10-23
2023-10-23 16:50:00,170.99,171.35,170.7,170.9372,1352604.0,2023-10-23
2023-10-23 16:55:00,170.935,171.4799,170.93,171.3799,1049149.0,2023-10-23
2023-10-23 17:00:00,171.37,171.905,171.16,171.785,1183994.0,2023-10-23
2023-10-23 17:05:00,171.79,171.91,171.2,171.21,819492,2023-10-23
2023-10-23 17:10:00,171.2198,171.53,171.09,171.49,1028978.0,2023-10-23
2023-10-23 17:15:00,171.485,171.6699,171.1704,171.646,651072,2023-10-23
2023-10-23 17:20:00,171.64,171.77,171.325,171.7,686264,2023-10-23
2023-10-23 17:25:00,171.695,171.8699,171.52,171.59,627245,2023-10-23
2023-10-23 17:30:00,171.59,171.71,171.3,171.3174,661391,2023-10-23
2023-10-23 17:35:00,171.315,171.89,171.17,171.87,586734,2023-10-23
2023-10-23 17:40:00,171.865,171.97,171.702,171.92,667472,2023-10-23
2023-10-23 17:45:00,171.925,171.93,171.5,171.725,559183,2023-10-23
2023-10-23 17:50:00,171.74,171.969,171.7201,171.83,504716,2023-10-23
2023-10-23 17:55:00,171.835,172.23,171.81,172.21,702390,2023-10-23
2023-10-23 18:00:00,172.22,172.41,172.085,172.235,570899,2023-10-23
2023-10-23 18:05:00,172.24,172.28,172.02,172.115,507134,2023-10-23
2023-10-23 18:10:00,172.12,172.51,172.07,172.46,489057,2023-10-23
2023-10-23 18:15:00,172.47,172.66,172.45,172.58,525786,2023-10-23
2023-10-23 18:20:00,172.5813,172.88,172.58,172.8629,622090,2023-10-23
2023-10-23 18:25:00,172.865,172.9103,172.79,172.81,431781,2023-10-23
2023-10-23 18:30:00,172.81,172.84,172.61,172.7001,373873,2023-10-23
2023-10-23 18:35:00,172.7049,172.985,172.62,172.9599,461749,2023-10-23
2023-10-23 18:40:00,172.95,172.96,172.52,172.54,431030,2023-10-23
2023-10-23 18:45:00,172.54,172.685,172.41,172.5028,479267,2023-10-23
2023-10-23 18:50:00,172.5,172.59,172.41,172.45,359622,2023-10-23
2023-10-23 18:55:00,172.45,172.63,172.42,172.58,478341,2023-10-23
2023-10-23 19:00:00,172.6,172.625,172.34,172.365,408092,2023-10-23
2023-10-23 19:05:00,172.36,172.73,172.3301,172.63,471781,2023-10-23
2023-10-23 19:10:00,172.6202,172.73,172.44,172.5899,334766,2023-10-23
2023-10-23 19:15:00,172.5708,172.7464,172.4009,172.4009,849092,2023-10-23
2023-10-23 19:20:00,172.41,172.68,172.28,172.66,475852,2023-10-23
2023-10-23 19:25:00,172.66,172.9,172.63,172.84,443918,2023-10-23
2023-10-23 19:30:00,172.86,172.9,172.65,172.7,450728,2023-10-23
2023-10-23 19:35:00,172.7,172.9,172.64,172.875,335618,2023-10-23
2023-10-23 19:40:00,172.87,172.88,172.69,172.739,258012,2023-10-23
2023-10-23 19:45:00,172.73,172.87,172.73,172.825,211424,2023-10-23
2023-10-23 19:50:00,172.83,173.06,172.825,173.02,415168,2023-10-23
2023-10-23 19:55:00,173.035,173.62,173.025,173.6,706672,2023-10-23
2023-10-23 20:00:00,173.61,173.64,173.3,173.42,405319,2023-10-23
2023-10-23 20:05:00,173.415,173.599,173.39,173.515,326328,2023-10-23
2023-10-23 20:10:00,173.5,173.54,173.22,173.37,483012,2023-10-23
2023-10-23 20:15:00,173.365,173.3999,173.12,173.1689,365492,2023-10-23
2023-10-23 20:20:00,173.17,173.405,173.1131,173.34,316431,2023-10-23
2023-10-23 20:25:00,173.34,173.42,173.19,173.31,323564,2023-10-23
2023-10-23 20:30:00,173.31,173.55,173.21,173.475,387262,2023-10-23
2023-10-23 20:35:00,173.48,173.58,173.4,173.5,273365,2023-10-23
2023-10-23 20:40:00,173.5,173.84,173.495,173.75,517205,2023-10-23
2023-10-23 20:45:00,173.755,174.01,173.65,173.91,630209,2023-10-23
2023-10-23 20:50:00,173.92,173.97,173.78,173.81,308873,2023-10-23
2023-10-23 20:55:00,173.8,173.8,173.375,173.521,525442,2023-10-23
2023-10-23 21:00:00,173.52,173.61,173.33,173.605,405059,2023-10-23
2023-10-23 21:05:00,173.61,173.8129,173.59,173.76,325038,2023-10-23
2023-10-23 21:10:00,173.75,173.78,173.39,173.5,394926,2023-10-23
2023-10-23 21:15:00,173.5,173.56,173.21,173.29,356070,2023-10-23
2023-10-23 21:20:00,173.31,173.47,173.139,173.4202,397253,2023-10-23
2023-10-23 21:25:00,173.42,173.56,173.36,173.38,328835,2023-10-23
2023-10-23 21:30:00,173.39,173.4953,173.22,173.24,307402,2023-10-23
2023-10-23 21:35:00,173.245,173.4777,173.21,173.4275,329288,2023-10-23
2023-10-23 21:40:00,173.43,173.58,173.2319,173.33,515049,2023-10-23
2023-10-23 21:45:00,173.33,173.62,173.24,173.49,352543,2023-10-23
2023-10-23 21:50:00,173.49,173.52,173.2601,173.45,306210,2023-10-23
2023-10-23 21:55:00,173.45,173.515,173.27,173.5,350225,2023-10-23
2023-10-23 22:00:00,173.5,173.69,173.4279,173.6799,430698,2023-10-23
2023-10-23 22:05:00,173.68,173.725,173.52,173.6323,349946,2023-10-23
2023-10-23 22:10:00,173.64,173.65,173.12,173.44,730498,2023-10-23
2023-10-23 22:15:00,173.45,173.57,173.34,173.511,456331,2023-10-23
2023-10-23 22:20:00,173.52,173.53,173.09,173.235,561606,2023-10-23
2023-10-23 22:25:00,173.235,173.39,173.085,173.133,441619,2023-10-23
2023-10-23 22:30:00,173.145,173.18,172.96,173.09,547176,2023-10-23
2023-10-23 22:35:00,173.0979,173.115,172.815,172.94,523982,2023-10-23
2023-10-23 22:40:00,172.94,173.21,172.92,172.98,603364,2023-10-23
2023-10-23 22:45:00,172.98,173.26,172.89,173.19,713819,2023-10-23
2023-10-23 22:50:00,173.19,173.19,172.84,172.92,865683,2023-10-23
2023-10-23 22:55:00,172.92,173.15,172.72,172.96,1982977.0,2023-10-23
2023-10-23 23:00:00,172.94,173,172.78,173,404500,2023-10-23
2023-10-23 23:05:00,173,173.05,172.91,173.01,57912,2023-10-23
2023-10-23 23:10:00,173.01,173.01,172.96,172.96,13426,2023-10-23
2023-10-23 23:15:00,172.9602,173.01,172.96,172.98,17436,2023-10-23
2023-10-23 23:20:00,172.9993,172.9993,172.94,172.94,4064,2023-10-23
2023-10-23 23:25:00,172.95,172.96,172.94,172.96,2650,2023-10-23
2023-10-23 23:30:00,172.95,173.09,172.95,173.08,13882,2023-10-23
2023-10-23 23:35:00,173.06,173.14,173.06,173.14,2952,2023-10-23
2023-10-23 23:40:00,173.12,173.2,173.06,173.19,6794,2023-10-23
2023-10-23 23:45:00,173.2,173.23,173.09,173.12,9402,2023-10-23
2023-10-23 23:50:00,173,173.2185,172.86,173.02,482393,2023-10-23
2023-10-23 23:55:00,173.02,173.03,173.01,173.01,60218,2023-10-23
2023-10-24 00:00:00,173.02,173.04,173,173.01,4114,2023-10-23
2023-10-24 00:05:00,173,173,172.88,172.97,24706,2023-10-23
2023-10-24 00:10:00,172.99,173.01,172.85,172.85,12607,2023-10-23
2023-10-24 00:15:00,172.85,172.85,172.84,172.85,2471,2023-10-23
2023-10-24 00:20:00,172.82,172.83,172.78,172.83,3760,2023-10-23
2023-10-24 00:25:00,172.83,172.85,172.76,172.85,3818,2023-10-23
2023-10-24 00:30:00,172.8011,172.86,172.8011,172.86,652,2023-10-23
2023-10-24 00:35:00,172.99,172.99,172.85,172.85,651,2023-10-23
2023-10-24 00:40:00,172.85,172.85,172.85,172.85,249,2023-10-23
2023-10-24 00:45:00,172.86,172.95,172.8205,172.8205,11240,2023-10-23
2023-10-24 00:50:00,172.85,172.85,172.82,172.82,2657,2023-10-23
2023-10-24 00:55:00,172.85,172.95,172.85,172.95,1621,2023-10-23
2023-10-24 01:00:00,172.95,172.96,172.8,172.84,3447,2023-10-23
2023-10-24 01:05:00,172.7137,172.8,172.71,172.73,2629,2023-10-23
2023-10-24 01:10:00,172.75,172.75,172.75,172.75,3017,2023-10-23
2023-10-24 01:15:00,172.8,172.8193,172.8,172.8193,3883,2023-10-23
2023-10-24 01:20:00,172.82,172.82,172.82,172.82,1084,2023-10-23
2023-10-24 01:25:00,172.83,172.83,172.77,172.77,812,2023-10-23
2023-10-24 01:30:00,172.83,172.84,172.83,172.84,573,2023-10-23
2023-10-24 01:35:00,172.85,172.85,172.85,172.85,332,2023-10-23
2023-10-24 01:40:00,172.84,172.84,172.84,172.84,397,2023-10-23
2023-10-24 01:45:00,172.85,172.85,172.85,172.85,1694,2023-10-23
2023-10-24 01:50:00,172.8,172.94,172.8,172.94,2483,2023-10-23
2023-10-24 01:55:00,172.94,172.94,172.94,172.94,1820,2023-10-23
2023-10-24 02:00:00,172.85,172.9,172.8,172.9,968,2023-10-23
2023-10-24 02:05:00,172.97,172.97,172.7,172.7,3347,2023-10-23
2023-10-24 02:15:00,172.66,172.78,172.66,172.72,2440,2023-10-23
2023-10-24 02:30:00,172.76,172.83,172.75,172.83,3401,2023-10-23
2023-10-24 02:35:00,172.85,172.93,172.79,172.93,3932,2023-10-23
2023-10-24 02:40:00,172.86,172.89,172.84,172.89,676,2023-10-23
2023-10-24 02:45:00,172.98,173,172.98,173,2482,2023-10-23
2023-10-24 02:50:00,173.07,173.1,173.07,173.1,898,2023-10-23
2023-10-24 02:55:00,173.14,173.23,173.1,173.23,5791,2023-10-23
2023-10-24 11:00:00,173.76,173.76,173.57,173.57,2576,2023-10-24
2023-10-24 11:05:00,173.55,173.55,173.5,173.51,639,2023-10-24
2023-10-24 11:10:00,173.53,173.53,173.48,173.48,2300,2023-10-24
2023-10-24 11:15:00,173.4,173.4,173.36,173.36,1748,2023-10-24
2023-10-24 11:20:00,173.33,173.36,173.33,173.36,2055,2023-10-24
2023-10-24 11:25:00,173.35,173.35,173.35,173.35,407,2023-10-24
2023-10-24 11:30:00,173.3,173.3,173.1,173.1,3946,2023-10-24
2023-10-24 11:35:00,173.07,173.07,173.07,173.07,240,2023-10-24
2023-10-24 11:40:00,173.14,173.24,173.14,173.24,668,2023-10-24
2023-10-24 11:45:00,173.39,173.39,173.39,173.39,2251,2023-10-24
2023-10-24 11:50:00,173.39,173.4,173.39,173.4,1266,2023-10-24
2023-10-24 11:55:00,173.36,173.45,173.36,173.45,783,2023-10-24
2023-10-24 12:00:00,173.44,173.44,173.44,173.44,814,2023-10-24
2023-10-24 12:10:00,173.43,173.43,173.39,173.39,1298,2023-10-24
2023-10-24 12:20:00,173.46,173.46,173.4,173.4,1009,2023-10-24
2023-10-24 12:25:00,173.44,173.5,173.44,173.5,1926,2023-10-24
2023-10-24 12:30:00,173.55,173.64,173.55,173.64,2193,2023-10-24
2023-10-24 12:45:00,173.6,173.96,173.6,173.96,5467,2023-10-24
2023-10-24 12:50:00,173.75,173.75,173.75,173.75,821,2023-10-24
2023-10-24 13:00:00,173.78,173.78,173.69,173.69,786,2023-10-24
2023-10-24 13:05:00,173.69,173.69,173.69,173.69,497,2023-10-24
2023-10-24 13:15:00,173.58,173.58,173.46,173.46,1750,2023-10-24
2023-10-24 13:20:00,173.32,173.49,173.32,173.49,2021,2023-10-24
2023-10-24 13:25:00,173.34,173.36,173.31,173.36,1513,2023-10-24
2023-10-24 13:35:00,173.49,173.55,173.49,173.55,817,2023-10-24
2023-10-24 13:40:00,173.55,173.55,173.42,173.42,1365,2023-10-24
2023-10-24 14:00:00,173.41,173.58,173.3,173.55,10404,2023-10-24
2023-10-24 14:05:00,173.58,173.59,173.5,173.51,4712,2023-10-24
2023-10-24 14:10:00,173.52,173.53,173.45,173.45,11862,2023-10-24
2023-10-24 14:15:00,173.5,173.5,173.42,173.42,3921,2023-10-24
2023-10-24 14:20:00,173.5,173.5,173.45,173.48,1441,2023-10-24
2023-10-24 14:25:00,173.45,173.48,173.44,173.45,5826,2023-10-24
2023-10-24 14:30:00,173.4,173.4,173.39,173.39,1940,2023-10-24
2023-10-24 14:35:00,173.36,173.36,173.34,173.34,3112,2023-10-24
2023-10-24 14:40:00,173.35,173.35,173.23,173.25,6175,2023-10-24
2023-10-24 14:45:00,173.25,173.27,173.22,173.22,5674,2023-10-24
2023-10-24 14:50:00,173.27,173.28,173.27,173.28,2583,2023-10-24
2023-10-24 14:55:00,173.29,173.3,173.25,173.3,4813,2023-10-24
2023-10-24 15:00:00,173.57,173.74,173.01,173.03,49830,2023-10-24
2023-10-24 15:05:00,173.09,173.18,173.0099,173.15,11768,2023-10-24
2023-10-24 15:10:00,173.18,173.2,173.12,173.18,12413,2023-10-24
2023-10-24 15:15:00,173.2,173.2,173.12,173.2,3126,2023-10-24
2023-10-24 15:20:00,173.25,173.31,173.25,173.31,1920,2023-10-24
2023-10-24 15:25:00,173.3,173.38,173.3,173.38,8439,2023-10-24
2023-10-24 15:30:00,173.34,173.38,173.3,173.33,2977,2023-10-24
2023-10-24 15:35:00,173.32,173.32,173.15,173.2,8683,2023-10-24
2023-10-24 15:40:00,173.2784,173.2784,173.2,173.2,4143,2023-10-24
2023-10-24 15:45:00,173.21,173.39,173.1703,173.1703,7836,2023-10-24
2023-10-24 15:50:00,173.3475,173.37,173.2,173.2,8484,2023-10-24
2023-10-24 15:55:00,173.27,173.3,173.25,173.3,5222,2023-10-24
2023-10-24 16:00:00,173.32,173.34,173.2,173.2,13114,2023-10-24
2023-10-24 16:05:00,173.2,173.24,173.1,173.15,12744,2023-10-24
2023-10-24 16:10:00,173.1,173.24,173.08,173.24,16995,2023-10-24
2023-10-24 16:15:00,173.2,173.2,173,173.11,23692,2023-10-24
2023-10-24 16:20:00,173.07,173.11,172.91,172.95,18541,2023-10-24
2023-10-24 16:25:00,172.97,173.05,172.36,173,40909,2023-10-24
2023-10-24 16:30:00,173.05,173.31,172.27,172.895,1785762.0,2023-10-24
2023-10-24 16:35:00,172.8734,172.9,172.18,172.68,934504,2023-10-24
2023-10-24 16:40:00,172.69,172.96,172.6219,172.82,773039,2023-10-24
2023-10-24 16:45:00,172.8,172.8,172.28,172.39,959266,2023-10-24
2023-10-24 16:50:00,172.38,172.57,171.96,172.36,872908,2023-10-24
2023-10-24 16:55:00,172.35,172.78,172.175,172.76,804378,2023-10-24
2023-10-24 17:00:00,172.755,172.805,172.0001,172.06,786592,2023-10-24
2023-10-24 17:05:00,172.06,172.37,172.03,172.22,821127,2023-10-24
2023-10-24 17:10:00,172.21,172.27,171.82,172.01,896637,2023-10-24
2023-10-24 17:15:00,172.01,172.16,171.81,171.85,742277,2023-10-24
2023-10-24 17:20:00,171.85,172.81,171.83,172.78,716726,2023-10-24
2023-10-24 17:25:00,172.78,172.84,172.5,172.83,501362,2023-10-24
2023-10-24 17:30:00,172.8249,172.88,172.53,172.7,486858,2023-10-24
2023-10-24 17:35:00,172.685,172.89,172.52,172.865,590481,2023-10-24
2023-10-24 17:40:00,172.86,172.8702,172.33,172.571,465946,2023-10-24
2023-10-24 17:45:00,172.58,172.87,172.49,172.79,445397,2023-10-24
2023-10-24 17:50:00,172.79,172.82,172.34,172.38,441308,2023-10-24
2023-10-24 17:55:00,172.3888,172.56,172.28,172.53,521981,2023-10-24
2023-10-24 18:00:00,172.5302,172.555,172.26,172.5233,432145,2023-10-24
2023-10-24 18:05:00,172.52,172.52,172.31,172.3902,289067,2023-10-24
2023-10-24 18:10:00,172.395,172.63,172.269,172.5826,375009,2023-10-24
2023-10-24 18:15:00,172.59,172.66,172.46,172.53,376295,2023-10-24
2023-10-24 18:20:00,172.525,172.6,172.13,172.24,538030,2023-10-24
2023-10-24 18:25:00,172.235,172.4,172.19,172.305,427351,2023-10-24
2023-10-24 18:30:00,172.31,172.52,172.28,172.435,337103,2023-10-24
2023-10-24 18:35:00,172.44,172.48,172.26,172.3491,374842,2023-10-24
2023-10-24 18:40:00,172.35,172.535,172.29,172.48,299661,2023-10-24
2023-10-24 18:45:00,172.47,172.7482,172.45,172.6945,364888,2023-10-24
2023-10-24 18:50:00,172.685,172.78,172.57,172.75,304744,2023-10-24
2023-10-24 18:55:00,172.74,172.77,172.53,172.7402,381627,2023-10-24
2023-10-24 19:00:00,172.76,173.02,172.5701,172.64,682385,2023-10-24
2023-10-24 19:05:00,172.64,172.67,172.49,172.5028,237442,2023-10-24
2023-10-24 19:10:00,172.505,172.62,172.46,172.475,271563,2023-10-24
2023-10-24 19:15:00,172.46,172.46,172.2,172.2,362214,2023-10-24
2023-10-24 19:20:00,172.2,172.25,172.075,172.09,342648,2023-10-24
2023-10-24 19:25:00,172.09,172.17,171.9828,172.08,445099,2023-10-24
2023-10-24 19:30:00,172.1,172.138,171.94,171.985,327336,2023-10-24
2023-10-24 19:35:00,171.98,172.05,171.86,171.93,314689,2023-10-24
2023-10-24 19:40:00,171.93,171.9408,171.64,171.6782,429746,2023-10-24
2023-10-24 19:45:00,171.67,171.73,171.5275,171.65,333591,2023-10-24
2023-10-24 19:50:00,171.65,171.72,171.471,171.51,324196,2023-10-24
2023-10-24 19:55:00,171.51,171.79,171.45,171.76,340613,2023-10-24
2023-10-24 20:00:00,171.76,171.94,171.73,171.775,385403,2023-10-24
2023-10-24 20:05:00,171.785,172.02,171.75,171.87,295338,2023-10-24
2023-10-24 20:10:00,171.87,171.96,171.7,171.872,255220,2023-10-24
2023-10-24 20:15:00,171.865,172.02,171.77,171.98,229588,2023-10-24
2023-10-24 20:20:00,171.97,172.15,171.97,172.1,257275,2023-10-24
2023-10-24 20:25:00,172.1099,172.2,172.02,172.19,259820,2023-10-24
2023-10-24 20:30:00,172.1999,172.365,172.11,172.15,359374,2023-10-24
2023-10-24 20:35:00,172.16,172.26,172.09,172.1601,252273,2023-10-24
2023-10-24 20:40:00,172.17,172.235,171.96,172.11,277606,2023-10-24
2023-10-24 20:45:00,172.1,172.16,171.9395,171.98,278758,2023-10-24
2023-10-24 20:50:00,171.98,172.19,171.92,172.08,283887,2023-10-24
2023-10-24 20:55:00,172.08,172.15,171.94,172.1,248234,2023-10-24
2023-10-24 21:00:00,172.1,172.21,172.06,172.13,287424,2023-10-24
2023-10-24 21:05:00,172.13,172.4,172.115,172.315,251363,2023-10-24
2023-10-24 21:10:00,172.31,172.4,172.19,172.37,240959,2023-10-24
2023-10-24 21:15:00,172.37,172.45,172.255,172.44,323271,2023-10-24
2023-10-24 21:20:00,172.435,172.58,172.34,172.56,294628,2023-10-24
2023-10-24 21:25:00,172.5611,172.76,172.53,172.76,312887,2023-10-24
2023-10-24 21:30:00,172.75,173.0502,172.68,172.93,588466,2023-10-24
2023-10-24 21:35:00,172.92,173.015,172.765,172.85,317890,2023-10-24
2023-10-24 21:40:00,172.85,172.97,172.75,172.95,289488,2023-10-24
2023-10-24 21:45:00,172.9513,173.05,172.89,173.01,325124,2023-10-24
2023-10-24 21:50:00,173.01,173.1601,172.86,173.1502,405991,2023-10-24
2023-10-24 21:55:00,173.1509,173.175,173.04,173.12,373834,2023-10-24
2023-10-24 22:00:00,173.12,173.29,173.12,173.16,1036553.0,2023-10-24
2023-10-24 22:05:00,173.1697,173.23,173.035,173.19,361812,2023-10-24
2023-10-24 22:10:00,173.19,173.5,173.185,173.475,666205,2023-10-24
2023-10-24 22:15:00,173.48,173.65,173.45,173.55,791623,2023-10-24
2023-10-24 22:20:00,173.5599,173.65,173.4722,173.56,387232,2023-10-24
2023-10-24 22:25:00,173.56,173.67,173.5,173.585,419548,2023-10-24
2023-10-24 22:30:00,173.585,173.62,173.48,173.485,406020,2023-10-24
2023-10-24 22:35:00,173.48,173.57,173.45,173.49,425270,2023-10-24
2023-10-24 22:40:00,173.49,173.665,173.49,173.538,564117,2023-10-24
2023-10-24 22:45:00,173.53,173.58,173.46,173.54,480606,2023-10-24
2023-10-24 22:50:00,173.54,173.66,173.23,173.31,1055145.0,2023-10-24
2023-10-24 22:55:00,173.31,173.57,173.2999,173.39,1670377.0,2023-10-24
2023-10-24 23:00:00,173.39,173.93,173.39,173.71,315573,2023-10-24
2023-10-24 23:05:00,173.7,173.7695,173.44,173.56,65404,2023-10-24
2023-10-24 23:10:00,173.56,173.73,173.33,173.43,40032,2023-10-24
2023-10-24 23:15:00,173.44,173.44,173.34,173.44,16926,2023-10-24
2023-10-24 23:20:00,173.44,173.44,173.28,173.36,77809,2023-10-24
2023-10-24 23:25:00,173.34,173.36,173.1,173.23,13886,2023-10-24
2023-10-24 23:30:00,173.28,173.4375,173.16,173.4375,9005,2023-10-24
2023-10-24 23:35:00,173.36,173.36,173.16,173.35,11487,2023-10-24
2023-10-24 23:40:00,173.25,173.36,173.16,173.24,13461,2023-10-24
2023-10-24 23:45:00,173.18,173.44,173.16,173.35,12995,2023-10-24
2023-10-24 23:50:00,173.34,173.34,173.27,173.3,2006,2023-10-24
2023-10-24 23:55:00,173.32,173.33,173.17,173.3,7462,2023-10-24
2023-10-25 00:00:00,173.24,173.25,173.22,173.25,630,2023-10-24
2023-10-25 00:05:00,173.28,173.33,173.15,173.2,5446,2023-10-24
2023-10-25 00:10:00,173.18,173.32,173.18,173.32,5240,2023-10-24
2023-10-25 00:15:00,173.31,173.35,173.26,173.33,3859,2023-10-24
2023-10-25 00:20:00,173.31,173.32,173.1,173.24,22090,2023-10-24
2023-10-25 00:25:00,173.21,173.21,173.13,173.13,2914,2023-10-24
2023-10-25 00:30:00,173.15,173.17,173.15,173.15,1276,2023-10-24
2023-10-25 00:35:00,173.17,173.17,173.05,173.1252,6714,2023-10-24
2023-10-25 00:40:00,173.0503,173.15,173.0503,173.15,4383,2023-10-24
2023-10-25 00:45:00,173.17,173.17,173.05,173.08,3067,2023-10-24
2023-10-25 00:50:00,173.02,173.1,173.01,173.01,8480,2023-10-24
2023-10-25 00:55:00,173.05,173.11,173.01,173.04,2216,2023-10-24
2023-10-25 01:00:00,173.17,173.2,173,173,8277,2023-10-24
2023-10-25 01:05:00,173.16,173.16,173.12,173.14,2119,2023-10-24
2023-10-25 01:10:00,173.09,173.1157,173.02,173.05,2657,2023-10-24
2023-10-25 01:15:00,173.05,173.08,173.0402,173.08,3897,2023-10-24
2023-10-25 01:20:00,173.16,173.19,173.07,173.19,2666,2023-10-24
2023-10-25 01:25:00,173.21,173.33,173.15,173.24,3703,2023-10-24
2023-10-25 01:30:00,173.34,173.38,173.3,173.3,3196,2023-10-24
2023-10-25 01:40:00,173.24,173.25,173.24,173.25,920,2023-10-24
2023-10-25 01:45:00,173.11,173.2273,173,173.2273,9232,2023-10-24
2023-10-25 01:55:00,173.02,173.02,173.02,173.02,224,2023-10-24
2023-10-25 02:00:00,173.02,173.08,173.02,173.08,1091,2023-10-24
2023-10-25 02:05:00,173.02,173.02,173.02,173.02,108,2023-10-24
2023-10-25 02:10:00,173.11,173.1499,173.02,173.02,3436,2023-10-24
2023-10-25 02:15:00,173.01,173.01,173.01,173.01,459,2023-10-24
2023-10-25 02:20:00,173,173.02,173,173.02,2572,2023-10-24
2023-10-25 02:25:00,173.06,173.06,173.05,173.05,888,2023-10-24
2023-10-25 02:30:00,173.08,173.15,173.08,173.15,8734,2023-10-24
2023-10-25 02:35:00,173.19,173.19,173.01,173.01,630,2023-10-24
2023-10-25 02:40:00,173.18,173.19,173.18,173.19,571,2023-10-24
2023-10-25 02:45:00,173.2,173.2,173.15,173.1999,800,2023-10-24
2023-10-25 02:50:00,173.16,173.18,173.16,173.18,442,2023-10-24
2023-10-25 02:55:00,173.18,173.18,172.9,172.9,3448,2023-10-24
2023-10-25 11:00:00,172.56,172.72,172.34,172.34,5378,2023-10-25
2023-10-25 11:05:00,172.47,172.56,172.47,172.55,3862,2023-10-25
2023-10-25 11:10:00,172.68,172.73,172.65,172.7,5890,2023-10-25
2023-10-25 11:15:00,172.64,172.64,172.5,172.5,2053,2023-10-25
2023-10-25 11:20:00,172.6,172.6,172.54,172.54,2851,2023-10-25
2023-10-25 11:25:00,172.63,172.64,172.62,172.64,2070,2023-10-25
2023-10-25 11:30:00,172.63,172.63,172.62,172.63,621,2023-10-25
2023-10-25 11:35:00,172.62,172.62,172.35,172.46,3276,2023-10-25
2023-10-25 11:40:00,172.58,172.61,172.49,172.61,958,2023-10-25
2023-10-25 11:45:00,172.65,172.65,172.51,172.52,1817,2023-10-25
2023-10-25 11:50:00,172.5,172.54,172.5,172.5,3108,2023-10-25
2023-10-25 11:55:00,172.44,172.59,172.43,172.59,1609,2023-10-25
2023-10-25 12:00:00,172.56,172.56,172.4,172.42,4488,2023-10-25
2023-10-25 12:05:00,172.39,172.39,172.3,172.3,4699,2023-10-25
2023-10-25 12:10:00,172.3,172.33,172.28,172.28,1323,2023-10-25
2023-10-25 12:15:00,172.33,172.33,172.31,172.32,2163,2023-10-25
2023-10-25 12:20:00,172.39,172.46,172.36,172.46,1829,2023-10-25
2023-10-25 12:25:00,172.51,172.51,172.51,172.51,551,2023-10-25
2023-10-25 12:30:00,172.52,172.6,172.52,172.58,2347,2023-10-25
2023-10-25 12:35:00,172.6,172.62,172.55,172.55,2301,2023-10-25
2023-10-25 12:40:00,172.58,172.59,172.5,172.5,4815,2023-10-25
2023-10-25 12:55:00,172.58,172.58,172.53,172.54,1613,2023-10-25
2023-10-25 13:05:00,172.51,172.51,172.5,172.5,208,2023-10-25
2023-10-25 13:20:00,172.48,172.48,172.41,172.41,1401,2023-10-25
2023-10-25 13:25:00,172.55,172.56,172.55,172.56,1060,2023-10-25
2023-10-25 13:35:00,172.68,172.69,172.68,172.69,572,2023-10-25
2023-10-25 13:40:00,172.69,172.69,172.68,172.68,541,2023-10-25
2023-10-25 13:45:00,172.68,172.68,172.66,172.66,308,2023-10-25
2023-10-25 13:50:00,172.7,172.7,172.7,172.7,920,2023-10-25
2023-10-25 13:55:00,172.79,172.79,172.79,172.79,377,2023-10-25
2023-10-25 14:00:00,172.8,172.97,172.8,172.94,8060,2023-10-25
2023-10-25 14:05:00,172.93,172.96,172.86,172.86,4220,2023-10-25
2023-10-25 14:10:00,172.81,172.81,172.81,172.81,193,2023-10-25
2023-10-25 14:15:00,172.84,172.85,172.66,172.66,2487,2023-10-25
2023-10-25 14:20:00,172.75,172.75,172.75,172.75,131,2023-10-25
2023-10-25 14:25:00,172.81,172.81,172.81,172.81,665,2023-10-25
2023-10-25 14:30:00,172.85,172.85,172.7,172.7,1424,2023-10-25
2023-10-25 14:35:00,172.75,172.75,172.7,172.7,1006,2023-10-25
2023-10-25 14:40:00,172.6,172.69,172.56,172.69,4069,2023-10-25
2023-10-25 14:45:00,172.62,172.62,172.62,172.62,1146,2023-10-25
2023-10-25 14:50:00,172.6,172.6,172.51,172.51,1239,2023-10-25
2023-10-25 15:00:00,172.83,173.19,172.415,172.6,26471,2023-10-25
2023-10-25 15:05:00,172.68,172.73,172.6,172.61,4416,2023-10-25
2023-10-25 15:10:00,172.62,172.78,172.6,172.78,5686,2023-10-25
2023-10-25 15:15:00,172.7798,172.7798,172.65,172.7,3494,2023-10-25
2023-10-25 15:20:00,172.65,172.66,172.61,172.64,7391,2023-10-25
2023-10-25 15:25:00,172.61,172.61,172.5,172.5,14315,2023-10-25
2023-10-25 15:30:00,172.55,172.605,172.55,172.56,4604,2023-10-25
2023-10-25 15:35:00,172.55,172.55,172.35,172.35,21000,2023-10-25
2023-10-25 15:40:00,172.436,172.4399,172.31,172.35,6050,2023-10-25
2023-10-25 15:45:00,172.32,172.34,172.26,172.338,7238,2023-10-25
2023-10-25 15:50:00,172.3,172.32,172.1362,172.1362,9718,2023-10-25
2023-10-25 15:55:00,172.11,172.1997,172.02,172.05,16360,2023-10-25
2023-10-25 16:00:00,172.05,172.11,172.05,172.0994,18907,2023-10-25
2023-10-25 16:05:00,172.05,172.1,172,172.05,15809,2023-10-25
2023-10-25 16:10:00,172.07,172.1,172.05,172.1,14402,2023-10-25
2023-10-25 16:15:00,172.1,172.1,172.06,172.1,16009,2023-10-25
2023-10-25 16:20:00,172.09,172.1,171.95,172.05,30828,2023-10-25
2023-10-25 16:25:00,172,172.01,171.42,171.9,88647,2023-10-25
2023-10-25 16:30:00,171.88,172.01,170.95,171.2301,1905400.0,2023-10-25
2023-10-25 16:35:00,171.22,171.6899,171.1201,171.56,835211,2023-10-25
2023-10-25 16:40:00,171.5579,171.635,171.2579,171.46,628328,2023-10-25
2023-10-25 16:45:00,171.45,171.47,171.11,171.11,712532,2023-10-25
2023-10-25 16:50:00,171.12,171.33,171.05,171.2,602005,2023-10-25
2023-10-25 16:55:00,171.19,171.38,171.13,171.27,651834,2023-10-25
2023-10-25 17:00:00,171.28,171.775,170.83,171.69,1679143.0,2023-10-25
2023-10-25 17:05:00,171.69,171.98,171.42,171.855,839475,2023-10-25
2023-10-25 17:10:00,171.85,171.85,171.3401,171.53,549033,2023-10-25
2023-10-25 17:15:00,171.53,172.219,171.51,171.9,882746,2023-10-25
2023-10-25 17:20:00,171.91,172.24,171.84,171.93,745978,2023-10-25
2023-10-25 17:25:00,171.9477,172.13,171.71,172.13,593933,2023-10-25
2023-10-25 17:30:00,172.13,172.4,171.991,172.11,627428,2023-10-25
2023-10-25 17:35:00,172.12,172.46,171.88,172.29,647777,2023-10-25
2023-10-25 17:40:00,172.28,172.44,172.13,172.22,363318,2023-10-25
2023-10-25 17:45:00,172.215,172.96,172.1502,172.885,941270,2023-10-25
2023-10-25 17:50:00,172.89,172.915,172.42,172.49,646966,2023-10-25
2023-10-25 17:55:00,172.5,172.54,172.1,172.145,828955,2023-10-25
2023-10-25 18:00:00,172.145,172.815,172.13,172.62,887959,2023-10-25
2023-10-25 18:05:00,172.6,172.98,172.46,172.84,733504,2023-10-25
2023-10-25 18:10:00,172.82,173.06,172.77,173.0399,534402,2023-10-25
2023-10-25 18:15:00,173.0399,173.0399,172.65,172.84,412544,2023-10-25
2023-10-25 18:20:00,172.84,172.84,172.27,172.29,572530,2023-10-25
2023-10-25 18:25:00,172.29,172.54,172.18,172.445,541569,2023-10-25
2023-10-25 18:30:00,172.445,172.6,172.335,172.41,480591,2023-10-25
2023-10-25 18:35:00,172.3985,172.52,172.24,172.49,338994,2023-10-25
2023-10-25 18:40:00,172.48,172.52,172.01,172.27,465448,2023-10-25
2023-10-25 18:45:00,172.3,172.47,172.14,172.15,304628,2023-10-25
2023-10-25 18:50:00,172.15,172.17,171.99,172.09,368332,2023-10-25
2023-10-25 18:55:00,172.09,172.13,171.715,171.74,356822,2023-10-25
2023-10-25 19:00:00,171.74,171.78,171.54,171.61,471970,2023-10-25
2023-10-25 19:05:00,171.61,171.77,171.602,171.734,318617,2023-10-25
2023-10-25 19:10:00,171.74,171.81,171.6299,171.78,274104,2023-10-25
2023-10-25 19:15:00,171.77,171.95,171.7,171.735,279900,2023-10-25
2023-10-25 19:20:00,171.74,171.91,171.62,171.7888,421944,2023-10-25
2023-10-25 19:25:00,171.78,171.975,171.74,171.765,359511,2023-10-25
2023-10-25 19:30:00,171.76,172,171.68,171.75,380834,2023-10-25
2023-10-25 19:35:00,171.74,171.78,171.59,171.63,376820,2023-10-25
2023-10-25 19:40:00,171.62,171.6893,171.33,171.52,588041,2023-10-25
2023-10-25 19:45:00,171.51,171.5946,171.45,171.53,326128,2023-10-25
2023-10-25 19:50:00,171.53,171.78,171.5,171.73,303705,2023-10-25
2023-10-25 19:55:00,171.7313,171.9782,171.67,171.92,386841,2023-10-25
2023-10-25 20:00:00,171.92,172.05,171.485,171.51,451296,2023-10-25
2023-10-25 20:05:00,171.53,171.62,171.46,171.575,328508,2023-10-25
2023-10-25 20:10:00,171.585,171.6399,171.475,171.4801,408722,2023-10-25
2023-10-25 20:15:00,171.485,171.68,171.32,171.4,630719,2023-10-25
2023-10-25 20:20:00,171.39,171.418,171.2,171.29,435736,2023-10-25
2023-10-25 20:25:00,171.28,171.29,171.06,171.145,415645,2023-10-25
2023-10-25 20:30:00,171.14,171.159,170.89,170.97,508601,2023-10-25
2023-10-25 20:35:00,170.97,171.02,170.9,170.93,301693,2023-10-25
2023-10-25 20:40:00,170.9218,171.0365,170.81,170.885,412481,2023-10-25
2023-10-25 20:45:00,170.88,171.05,170.7814,170.8088,409618,2023-10-25
2023-10-25 20:50:00,170.8,170.98,170.77,170.905,307346,2023-10-25
2023-10-25 20:55:00,170.9,171.21,170.9,171.125,656573,2023-10-25
2023-10-25 21:00:00,171.12,171.435,171.12,171.28,601882,2023-10-25
2023-10-25 21:05:00,171.28,171.3,171.12,171.2,352762,2023-10-25
2023-10-25 21:10:00,171.2,171.45,171.05,171.41,323717,2023-10-25
2023-10-25 21:15:00,171.4,171.52,171.29,171.3899,379643,2023-10-25
2023-10-25 21:20:00,171.38,171.555,171.25,171.55,425784,2023-10-25
2023-10-25 21:25:00,171.54,171.6198,171.38,171.42,380686,2023-10-25
2023-10-25 21:30:00,171.43,171.54,171.29,171.34,311944,2023-10-25
2023-10-25 21:35:00,171.3327,171.39,171.12,171.17,345766,2023-10-25
2023-10-25 21:40:00,171.17,171.22,171.06,171.1081,228628,2023-10-25
2023-10-25 21:45:00,171.1,171.17,170.955,170.9901,262034,2023-10-25
2023-10-25 21:50:00,170.99,171.1,170.94,171.09,322297,2023-10-25
2023-10-25 21:55:00,171.1,171.33,171.07,171.09,327261,2023-10-25
2023-10-25 22:00:00,171.095,171.175,170.92,170.97,384011,2023-10-25
2023-10-25 22:05:00,170.951,171,170.84,170.95,457225,2023-10-25
2023-10-25 22:10:00,170.935,171.01,170.65,170.67,442237,2023-10-25
2023-10-25 22:15:00,170.66,170.96,170.66,170.91,515044,2023-10-25
2023-10-25 22:20:00,170.9,171.21,170.89,171.19,429258,2023-10-25
2023-10-25 22:25:00,171.184,171.24,170.97,171.175,521254,2023-10-25
2023-10-25 22:30:00,171.1778,171.39,171.12,171.255,666154,2023-10-25
2023-10-25 22:35:00,171.255,171.39,171.2,171.288,564525,2023-10-25
2023-10-25 22:40:00,171.2885,171.3,171.03,171.0984,864767,2023-10-25
2023-10-25 22:45:00,171.095,171.43,171.055,171.28,790795,2023-10-25
2023-10-25 22:50:00,171.28,171.43,170.86,171.25,1428097.0,2023-10-25
2023-10-25 22:55:00,171.26,171.27,171.025,171.09,2677554.0,2023-10-25
2023-10-25 23:00:00,171.1,171.24,171.05,171.23,1150667.0,2023-10-25
2023-10-25 23:05:00,171.23,171.54,170.87,171.39,256777,2023-10-25
2023-10-25 23:10:00,171.4,171.54,171.2,171.27,13937,2023-10-25
2023-10-25 23:15:00,171.29,171.61,171.15,171.61,39851,2023-10-25
2023-10-25 23:20:00,171.43,171.43,171.25,171.34,12616,2023-10-25
2023-10-25 23:25:00,171.34,171.34,171.2,171.2,3846,2023-10-25
2023-10-25 23:30:00,171.27,171.27,171.09,171.13,24414,2023-10-25
2023-10-25 23:35:00,171.2,171.24,171.1,171.16,41371,2023-10-25
2023-10-25 23:40:00,171.13,171.13,170.88,170.91,26364,2023-10-25
2023-10-25 23:45:00,170.91,170.93,170.8,170.88,7642,2023-10-25
2023-10-25 23:50:00,170.88,171.1,170.75,170.867,81292,2023-10-25
2023-10-25 23:55:00,170.73,170.75,170.5,170.5,14888,2023-10-25
2023-10-26 00:00:00,170.49,170.7787,170.47,170.6,10122,2023-10-25
2023-10-26 00:05:00,170.61,170.63,170.57,170.59,1581,2023-10-25
2023-10-26 00:10:00,170.55,170.55,170.45,170.5,13955,2023-10-25
2023-10-26 00:15:00,170.49,170.5,170.44,170.49,4962,2023-10-25
2023-10-26 00:20:00,170.46,170.59,170.31,170.59,4753,2023-10-25
2023-10-26 00:25:00,170.4466,170.57,170.4466,170.5,3655,2023-10-25
2023-10-26 00:30:00,170.55,170.58,170.55,170.58,598,2023-10-25
2023-10-26 00:35:00,170.45,170.6,170.45,170.5699,2763,2023-10-25
2023-10-26 00:40:00,170.57,170.57,170.55,170.55,903,2023-10-25
2023-10-26 00:45:00,170.51,170.52,170.43,170.45,6274,2023-10-25
2023-10-26 00:50:00,170.41,170.5,170.4,170.4,8379,2023-10-25
2023-10-26 00:55:00,170.32,170.44,170.21,170.4,18694,2023-10-25
2023-10-26 01:00:00,170.48,170.57,169.95,169.95,45539,2023-10-25
2023-10-26 01:05:00,170,170.09,169.848,169.95,11650,2023-10-25
2023-10-26 01:10:00,169.86,169.92,169.69,169.69,4654,2023-10-25
2023-10-26 01:15:00,169.75,169.82,169.5,169.59,18846,2023-10-25
2023-10-26 01:20:00,169.59,169.6,169.33,169.5,29153,2023-10-25
2023-10-26 01:25:00,169.55,169.6,169.3204,169.48,21844,2023-10-25
2023-10-26 01:30:00,169.48,169.88,169.42,169.87,27524,2023-10-25
2023-10-26 01:35:00,169.85,169.85,169.65,169.7,7591,2023-10-25
2023-10-26 01:40:00,169.7,169.88,169.5501,169.6,3967,2023-10-25
2023-10-26 01:45:00,169.85,169.87,169.7,169.86,5384,2023-10-25
2023-10-26 01:50:00,169.78,169.87,169.7,169.71,3642,2023-10-25
2023-10-26 01:55:00,169.7799,169.7799,169.76,169.76,696,2023-10-25
2023-10-26 02:00:00,169.75,169.79,169.7,169.79,2848,2023-10-25
2023-10-26 02:05:00,169.71,169.78,169.55,169.78,7430,2023-10-25
2023-10-26 02:10:00,169.71,169.73,169.7,169.7,2857,2023-10-25
2023-10-26 02:15:00,169.7,169.71,169.68,169.7,3768,2023-10-25
2023-10-26 02:20:00,169.7,169.7,169.32,169.32,23317,2023-10-25
2023-10-26 02:25:00,169.3,169.5,169.3,169.34,10548,2023-10-25
2023-10-26 02:30:00,169.34,169.48,169.3,169.39,5214,2023-10-25
2023-10-26 02:35:00,169.32,169.8,169.32,169.6,8692,2023-10-25
2023-10-26 02:40:00,169.48,169.48,169.42,169.42,471,2023-10-25
2023-10-26 02:45:00,169.56,169.68,169.42,169.45,4581,2023-10-25
2023-10-26 02:50:00,169.46,169.65,169.46,169.61,6879,2023-10-25
2023-10-26 02:55:00,169.6,169.65,169.3,169.3,16134,2023-10-25
2023-10-26 11:00:00,169.2,169.26,168.7,169.26,15720,2023-10-26
2023-10-26 11:05:00,169.2,169.51,169.2,169.47,17074,2023-10-26
2023-10-26 11:10:00,169.31,169.41,169.31,169.41,2471,2023-10-26
2023-10-26 11:15:00,169.38,169.5,169.32,169.5,5483,2023-10-26
2023-10-26 11:20:00,169.45,169.45,169.23,169.3,3246,2023-10-26
2023-10-26 11:25:00,169.14,169.24,169.05,169.05,2367,2023-10-26
2023-10-26 11:30:00,169.1,169.32,169.05,169.32,4104,2023-10-26
2023-10-26 11:35:00,169.27,169.27,169.12,169.12,3708,2023-10-26
2023-10-26 11:40:00,169.23,169.23,169.02,169.02,3681,2023-10-26
2023-10-26 11:45:00,169.03,169.1,169.02,169.1,1426,2023-10-26
2023-10-26 11:50:00,169.04,169.04,168.91,168.91,5376,2023-10-26
2023-10-26 11:55:00,168.96,169.01,168.96,169,1978,2023-10-26
2023-10-26 12:00:00,168.99,169.05,168.99,169.05,2456,2023-10-26
2023-10-26 12:05:00,169.09,169.25,169.09,169.24,2869,2023-10-26
2023-10-26 12:10:00,169.14,169.14,169.11,169.11,1430,2023-10-26
2023-10-26 12:15:00,169.11,169.11,168.95,169.05,6578,2023-10-26
2023-10-26 12:20:00,169.18,169.2,169.18,169.2,1977,2023-10-26
2023-10-26 12:25:00,169.26,169.5,169.26,169.5,5502,2023-10-26
2023-10-26 12:35:00,169.35,169.42,169.35,169.42,2054,2023-10-26
2023-10-26 12:45:00,169.43,169.43,169.36,169.36,1801,2023-10-26
2023-10-26 12:50:00,169.38,169.38,169.34,169.38,2050,2023-10-26
2023-10-26 12:55:00,169.3,169.3,169.24,169.24,716,2023-10-26
2023-10-26 13:10:00,169.33,169.33,169.33,169.33,493,2023-10-26
2023-10-26 13:15:00,169.25,169.6,169.25,169.6,9348,2023-10-26
2023-10-26 13:20:00,169.73,169.78,169.69,169.78,8323,2023-10-26
2023-10-26 13:25:00,169.77,169.79,169.77,169.79,766,2023-10-26
2023-10-26 13:30:00,169.7,169.8,169.7,169.8,3897,2023-10-26
2023-10-26 13:35:00,169.69,169.75,169.66,169.75,6724,2023-10-26
2023-10-26 13:40:00,169.75,169.75,169.57,169.57,9814,2023-10-26
2023-10-26 13:45:00,169.65,169.65,169.57,169.64,1784,2023-10-26
2023-10-26 13:50:00,169.6,169.6,169.5,169.5,8965,2023-10-26
2023-10-26 13:55:00,169.51,169.51,169.51,169.51,965,2023-10-26
2023-10-26 14:00:00,169.38,169.47,169.21,169.29,20081,2023-10-26
2023-10-26 14:05:00,169.29,169.32,169.27,169.32,5980,2023-10-26
2023-10-26 14:10:00,169.44,169.44,169.32,169.32,1894,2023-10-26
2023-10-26 14:15:00,169.46,169.46,169.4,169.4,2272,2023-10-26
2023-10-26 14:20:00,169.4,169.4,169.33,169.33,3243,2023-10-26
2023-10-26 14:25:00,169.29,169.41,169.21,169.41,11082,2023-10-26
2023-10-26 14:30:00,169.49,169.52,169.21,169.21,7570,2023-10-26
2023-10-26 14:35:00,169.2,169.39,169.1,169.39,10943,2023-10-26
2023-10-26 14:40:00,169.4,169.49,169.3,169.48,3869,2023-10-26
2023-10-26 14:45:00,169.48,169.5,169.47,169.5,4749,2023-10-26
2023-10-26 14:50:00,169.45,169.5,169.41,169.45,4000,2023-10-26
2023-10-26 14:55:00,169.54,169.61,169.54,169.6,4732,2023-10-26
2023-10-26 15:00:00,169.5387,171.1,168.16,169.72,264528,2023-10-26
2023-10-26 15:05:00,169.75,169.8,169.58,169.8,9212,2023-10-26
2023-10-26 15:10:00,169.8,169.87,169.75,169.75,12108,2023-10-26
2023-10-26 15:15:00,169.75,169.95,169.75,169.95,12935,2023-10-26
2023-10-26 15:20:00,169.88,169.915,169.81,169.87,6537,2023-10-26
2023-10-26 15:25:00,169.85,170,169.8,169.91,11854,2023-10-26
2023-10-26 15:30:00,169.99,170.46,169.65,170.38,32857,2023-10-26
2023-10-26 15:35:00,170.38,170.66,170.3,170.31,35228,2023-10-26
2023-10-26 15:40:00,170.26,170.66,170.25,170.47,14909,2023-10-26
2023-10-26 15:45:00,170.45,170.47,170.2,170.26,30770,2023-10-26
2023-10-26 15:50:00,170.35,170.86,170.35,170.86,23183,2023-10-26
2023-10-26 15:55:00,170.75,170.9,170.5,170.6,30109,2023-10-26
2023-10-26 16:00:00,170.66,170.8,170.17,170.42,36632,2023-10-26
2023-10-26 16:05:00,170.4,170.53,170.3,170.4,29239,2023-10-26
2023-10-26 16:10:00,170.44,170.493,170.33,170.48,11763,2023-10-26
2023-10-26 16:15:00,170.4799,171.1,170.26,170.34,29234,2023-10-26
2023-10-26 16:20:00,170.3,170.45,170,170.01,42096,2023-10-26
2023-10-26 16:25:00,170.04,170.52,170,170.43,50399,2023-10-26
2023-10-26 16:30:00,170.37,171.22,170.07,170.73,2166258.0,2023-10-26
2023-10-26 16:35:00,170.73,171.3775,170.12,170.1201,1122425.0,2023-10-26
2023-10-26 16:40:00,170.13,171.01,170.125,170.87,890645,2023-10-26
2023-10-26 16:45:00,170.87,171.06,170.06,170.2544,883668,2023-10-26
2023-10-26 16:50:00,170.26,170.33,169.671,169.825,1259020.0,2023-10-26
2023-10-26 16:55:00,169.82,169.93,169.375,169.81,901722,2023-10-26
2023-10-26 17:00:00,169.78,170.03,169.37,169.37,848527,2023-10-26
2023-10-26 17:05:00,169.37,169.695,169.201,169.21,834212,2023-10-26
2023-10-26 17:10:00,169.2123,169.6275,169.115,169.18,961954,2023-10-26
2023-10-26 17:15:00,169.18,169.23,168.82,168.84,937769,2023-10-26
2023-10-26 17:20:00,168.85,169.15,168.22,168.245,1064253.0,2023-10-26
2023-10-26 17:25:00,168.255,168.75,168.13,168.66,1194333.0,2023-10-26
2023-10-26 17:30:00,168.65,168.74,168.34,168.43,866357,2023-10-26
2023-10-26 17:35:00,168.44,168.45,167.8925,167.915,1380995.0,2023-10-26
2023-10-26 17:40:00,167.93,168.51,167.89,168.4801,706882,2023-10-26
2023-10-26 17:45:00,168.49,168.88,168.455,168.875,799077,2023-10-26
2023-10-26 17:50:00,168.87,168.95,168.4139,168.505,961029,2023-10-26
2023-10-26 17:55:00,168.52,168.57,168.205,168.315,649058,2023-10-26
2023-10-26 18:00:00,168.31,168.415,167.89,167.91,740501,2023-10-26
2023-10-26 18:05:00,167.92,167.92,167.61,167.83,827698,2023-10-26
2023-10-26 18:10:00,167.835,168.06,167.322,167.38,877755,2023-10-26
2023-10-26 18:15:00,167.39,167.49,167.16,167.33,750315,2023-10-26
2023-10-26 18:20:00,167.33,167.42,167.11,167.115,870934,2023-10-26
2023-10-26 18:25:00,167.12,167.15,166.84,166.9496,1210990.0,2023-10-26
2023-10-26 18:30:00,166.945,167.31,166.92,167.28,736432,2023-10-26
2023-10-26 18:35:00,167.29,167.42,167.19,167.315,547349,2023-10-26
2023-10-26 18:40:00,167.31,167.33,166.52,166.56,987495,2023-10-26
2023-10-26 18:45:00,166.565,167.215,166.55,167.1,838008,2023-10-26
2023-10-26 18:50:00,167.105,167.35,167.0688,167.285,631587,2023-10-26
2023-10-26 18:55:00,167.28,167.53,167.26,167.2682,467309,2023-10-26
2023-10-26 19:00:00,167.26,167.32,166.96,166.975,626681,2023-10-26
2023-10-26 19:05:00,166.97,167.07,166.61,166.69,602778,2023-10-26
2023-10-26 19:10:00,166.7,166.93,166.64,166.86,461117,2023-10-26
2023-10-26 19:15:00,166.86,166.86,166.26,166.26,646135,2023-10-26
2023-10-26 19:20:00,166.26,166.34,165.97,166.04,1316904.0,2023-10-26
2023-10-26 19:25:00,166.04,166.31,166,166.2974,678073,2023-10-26
2023-10-26 19:30:00,166.29,166.435,166.2155,166.265,483443,2023-10-26
2023-10-26 19:35:00,166.26,166.44,166.11,166.125,474911,2023-10-26
2023-10-26 19:40:00,166.1295,166.44,166.0507,166.38,468680,2023-10-26
2023-10-26 19:45:00,166.37,166.38,166.05,166.05,500903,2023-10-26
2023-10-26 19:50:00,166.05,166.14,165.95,166.12,453005,2023-10-26
2023-10-26 19:55:00,166.12,166.34,166.043,166.075,449092,2023-10-26
2023-10-26 20:00:00,166.075,166.7,165.99,166.61,982709,2023-10-26
2023-10-26 20:05:00,166.6,166.69,166.42,166.5289,359096,2023-10-26
2023-10-26 20:10:00,166.53,166.56,166.29,166.335,301730,2023-10-26
2023-10-26 20:15:00,166.34,166.4461,166.21,166.24,383493,2023-10-26
2023-10-26 20:20:00,166.24,166.24,165.77,165.786,544262,2023-10-26
2023-10-26 20:25:00,165.79,165.97,165.72,165.95,522164,2023-10-26
2023-10-26 20:30:00,165.95,166.2803,165.67,166.2799,629520,2023-10-26
2023-10-26 20:35:00,166.27,166.455,166.24,166.27,497142,2023-10-26
2023-10-26 20:40:00,166.27,166.45,166.19,166.385,420330,2023-10-26
2023-10-26 20:45:00,166.38,166.66,166.37,166.55,615056,2023-10-26
2023-10-26 20:50:00,166.56,166.679,166.4101,166.62,368496,2023-10-26
2023-10-26 20:55:00,166.62,166.885,166.515,166.77,569700,2023-10-26
2023-10-26 21:00:00,166.77,166.95,166.7,166.83,610561,2023-10-26
2023-10-26 21:05:00,166.83,167.17,166.82,166.97,507878,2023-10-26
2023-10-26 21:10:00,166.99,167.38,166.96,167.31,675739,2023-10-26
2023-10-26 21:15:00,167.32,167.3829,166.88,166.89,445668,2023-10-26
2023-10-26 21:20:00,166.89,167.01,166.74,166.76,435761,2023-10-26
2023-10-26 21:25:00,166.75,167.18,166.68,167.18,485908,2023-10-26
2023-10-26 21:30:00,167.17,167.3969,166.9,167.3146,704760,2023-10-26
2023-10-26 21:35:00,167.32,167.395,167.14,167.21,470905,2023-10-26
2023-10-26 21:40:00,167.2,167.49,167.09,167.23,473082,2023-10-26
2023-10-26 21:45:00,167.24,167.58,167.18,167.45,593119,2023-10-26
2023-10-26 21:50:00,167.45,167.56,167.39,167.4367,525708,2023-10-26
2023-10-26 21:55:00,167.435,167.71,167.3779,167.685,682960,2023-10-26
2023-10-26 22:00:00,167.68,167.94,167.6,167.765,737006,2023-10-26
2023-10-26 22:05:00,167.77,167.8,167.48,167.495,497414,2023-10-26
2023-10-26 22:10:00,167.5,167.53,167.21,167.36,514690,2023-10-26
2023-10-26 22:15:00,167.35,167.56,167.255,167.485,422873,2023-10-26
2023-10-26 22:20:00,167.485,167.63,167.32,167.51,536399,2023-10-26
2023-10-26 22:25:00,167.52,167.65,167.3,167.3143,455294,2023-10-26
2023-10-26 22:30:00,167.31,167.44,167.18,167.23,548832,2023-10-26
2023-10-26 22:35:00,167.22,167.22,166.6,166.705,767975,2023-10-26
2023-10-26 22:40:00,166.71,166.71,166.45,166.47,826089,2023-10-26
2023-10-26 22:45:00,166.46,166.7,166.375,166.57,927698,2023-10-26
2023-10-26 22:50:00,166.57,167.14,166.56,166.9,1873835.0,2023-10-26
2023-10-26 22:55:00,166.9,167.145,166.72,166.76,3138590.0,2023-10-26
2023-10-26 23:00:00,166.75,167.05,166.65,166.8,357977,2023-10-26
2023-10-26 23:05:00,166.7501,166.89,166.56,166.71,397544,2023-10-26
2023-10-26 23:10:00,166.75,166.97,166.75,166.92,22641,2023-10-26
2023-10-26 23:15:00,166.9,166.9,166.7,166.74,10572,2023-10-26
2023-10-26 23:20:00,166.89,166.97,166.77,166.91,48241,2023-10-26
2023-10-26 23:25:00,166.91,166.99,166.91,166.9517,5809,2023-10-26
2023-10-26 23:30:00,166.95,167.07,166.89,166.9101,60034,2023-10-26
2023-10-26 23:35:00,166.91,166.94,166.7501,166.7501,15224,2023-10-26
2023-10-26 23:40:00,166.8,166.8499,166.67,166.7628,16385,2023-10-26
2023-10-26 23:45:00,166.77,166.8,166.7104,166.8,14892,2023-10-26
2023-10-26 23:50:00,166.79,166.8199,166.52,166.69,315761,2023-10-26
2023-10-26 23:55:00,166.73,166.73,166.56,166.69,7033,2023-10-26
2023-10-27 00:00:00,166.68,166.69,166.38,166.38,21802,2023-10-26
2023-10-27 00:05:00,166.34,166.35,165.71,165.75,45614,2023-10-26
2023-10-27 00:10:00,165.72,165.8,165.34,165.75,35619,2023-10-26
2023-10-27 00:15:00,165.69,165.74,165.45,165.5,32867,2023-10-26
2023-10-27 00:20:00,165.38,165.8,165.34,165.8,32955,2023-10-26
2023-10-27 00:25:00,165.8,165.82,165.3,165.57,54016,2023-10-26
2023-10-27 00:30:00,165.57,165.64,165.5,165.5,17048,2023-10-26
2023-10-27 00:35:00,165.5,165.64,165.41,165.47,75435,2023-10-26
2023-10-27 00:40:00,165.42,165.64,165.3201,165.64,37302,2023-10-26
2023-10-27 00:45:00,165.64,165.85,165.5,165.57,35619,2023-10-26
2023-10-27 00:50:00,165.61,165.97,165.56,165.97,18631,2023-10-26
2023-10-27 00:55:00,165.94,166.2884,165.94,166.24,21841,2023-10-26
2023-10-27 01:00:00,166.32,166.82,166.32,166.42,18446,2023-10-26
2023-10-27 01:05:00,166.43,166.6156,166.3,166.38,11229,2023-10-26
2023-10-27 01:10:00,166.38,166.4,166.3,166.4,7894,2023-10-26
2023-10-27 01:15:00,166.37,166.6,166.37,166.6,5904,2023-10-26
2023-10-27 01:20:00,166.6,166.82,166.5,166.5,12356,2023-10-26
2023-10-27 01:25:00,166.7,166.7464,166.5646,166.746,12211,2023-10-26
2023-10-27 01:30:00,166.59,166.72,166.5,166.5,9110,2023-10-26
2023-10-27 01:35:00,166.53,166.6858,166.3,166.35,11501,2023-10-26
2023-10-27 01:40:00,166.42,166.5416,166.4,166.5416,7903,2023-10-26
2023-10-27 01:45:00,166.42,166.89,166.4,166.49,85822,2023-10-26
2023-10-27 01:50:00,166.42,166.54,166.4,166.41,5018,2023-10-26
2023-10-27 01:55:00,166.43,166.51,166.42,166.46,7435,2023-10-26
2023-10-27 02:00:00,166.41,166.58,166.4,166.58,4354,2023-10-26
2023-10-27 02:05:00,166.6592,166.68,166.6592,166.68,820,2023-10-26
2023-10-27 02:10:00,166.69,166.69,166.51,166.66,6057,2023-10-26
2023-10-27 02:15:00,166.67,166.93,166.67,166.93,11880,2023-10-26
2023-10-27 02:20:00,166.98,167.01,166.8001,166.8001,33589,2023-10-26
2023-10-27 02:25:00,167,167.05,166.92,166.95,7300,2023-10-26
2023-10-27 02:30:00,166.95,167,166.82,166.96,12488,2023-10-26
2023-10-27 02:35:00,166.9,167.2,166.9,167.2,10279,2023-10-26
2023-10-27 02:40:00,167.2499,167.2499,167.1,167.22,4313,2023-10-26
2023-10-27 02:45:00,167.19,167.24,167.1101,167.1899,8873,2023-10-26
2023-10-27 02:50:00,167.16,167.25,167.1,167.2,11401,2023-10-26
2023-10-27 02:55:00,167.25,167.25,167,167.25,4609,2023-10-26
2023-10-27 11:00:00,167.4,167.51,167.28,167.5,10556,2023-10-27
2023-10-27 11:05:00,167.42,167.68,167.34,167.34,9771,2023-10-27
2023-10-27 11:10:00,167.28,167.32,167.19,167.32,2005,2023-10-27
2023-10-27 11:15:00,167.3,167.41,167.3,167.41,2862,2023-10-27
2023-10-27 11:20:00,167.36,167.36,167.34,167.34,2342,2023-10-27
2023-10-27 11:25:00,167.31,167.31,167.3,167.3,4782,2023-10-27
2023-10-27 11:30:00,167.3,167.35,167.26,167.26,3267,2023-10-27
2023-10-27 11:35:00,167.31,167.31,167.3,167.3,1413,2023-10-27
2023-10-27 11:40:00,167.28,167.47,167.28,167.47,2179,2023-10-27
2023-10-27 11:45:00,167.62,167.66,167.54,167.58,3106,2023-10-27
2023-10-27 11:50:00,167.57,167.57,167.55,167.55,994,2023-10-27
2023-10-27 11:55:00,167.59,167.59,167.59,167.59,217,2023-10-27
2023-10-27 12:00:00,167.58,167.6,167.58,167.6,1769,2023-10-27
2023-10-27 12:05:00,167.65,167.68,167.6,167.66,8328,2023-10-27
2023-10-27 12:10:00,167.6,167.68,167.52,167.52,8097,2023-10-27
2023-10-27 12:15:00,167.53,167.53,167.5,167.5,2504,2023-10-27
2023-10-27 12:20:00,167.41,167.41,167.41,167.41,699,2023-10-27
2023-10-27 12:25:00,167.4,167.41,167.3,167.3,2053,2023-10-27
2023-10-27 12:30:00,167.33,167.35,167.3,167.35,4334,2023-10-27
2023-10-27 12:35:00,167.3,167.3,167.29,167.3,1330,2023-10-27
2023-10-27 12:40:00,167.27,167.28,167.2,167.2,2896,2023-10-27
2023-10-27 12:45:00,167.2,167.21,167.12,167.2,4887,2023-10-27
2023-10-27 12:55:00,167.23,167.23,167.23,167.23,923,2023-10-27
2023-10-27 13:05:00,167.39,167.41,167.39,167.41,1541,2023-10-27
2023-10-27 13:15:00,167.5,167.5,167.49,167.49,566,2023-10-27
2023-10-27 13:20:00,167.52,167.52,167.5,167.5,1647,2023-10-27
2023-10-27 13:25:00,167.41,167.41,167.3,167.3,2752,2023-10-27
2023-10-27 13:30:00,167.33,167.33,167.23,167.23,1511,2023-10-27
2023-10-27 13:40:00,167.32,167.32,167.32,167.32,158,2023-10-27
2023-10-27 13:45:00,167.32,167.5,167.32,167.5,4545,2023-10-27
2023-10-27 13:50:00,167.33,167.35,167.16,167.16,1796,2023-10-27
2023-10-27 13:55:00,167.16,167.26,167,167,7014,2023-10-27
2023-10-27 14:00:00,167.12,167.3,167.1,167.16,20521,2023-10-27
2023-10-27 14:05:00,167.15,167.15,166.9,166.9,17844,2023-10-27
2023-10-27 14:10:00,166.9,166.9,166.61,166.71,10193,2023-10-27
2023-10-27 14:15:00,166.81,166.83,166.74,166.74,3655,2023-10-27
2023-10-27 14:20:00,166.8,166.9,166.7,166.9,7462,2023-10-27
2023-10-27 14:25:00,166.86,166.86,166.6,166.6,7027,2023-10-27
2023-10-27 14:30:00,166.6,166.6,166.58,166.6,6733,2023-10-27
2023-10-27 14:35:00,166.66,166.7,166.66,166.7,724,2023-10-27
2023-10-27 14:40:00,166.65,166.66,166.65,166.66,2041,2023-10-27
2023-10-27 14:45:00,166.66,166.77,166.63,166.77,4010,2023-10-27
2023-10-27 14:50:00,166.75,166.75,166.58,166.58,10209,2023-10-27
2023-10-27 14:55:00,166.59,166.59,166.46,166.46,7214,2023-10-27
2023-10-27 15:00:00,167.02,167.47,166.31,166.4,88637,2023-10-27
2023-10-27 15:05:00,166.35,166.59,166.35,166.59,9426,2023-10-27
2023-10-27 15:10:00,166.59,166.59,166.56,166.56,4770,2023-10-27
2023-10-27 15:15:00,166.59,166.61,166.4305,166.61,20748,2023-10-27
2023-10-27 15:20:00,166.65,166.7,166.597,166.7,11297,2023-10-27
2023-10-27 15:25:00,166.72,166.77,166.56,166.6,11176,2023-10-27
2023-10-27 15:30:00,166.56,167.0899,166.5,166.95,27894,2023-10-27
2023-10-27 15:35:00,167,167,166.55,166.57,18952,2023-10-27
2023-10-27 15:40:00,166.6,166.6,166.28,166.4984,26435,2023-10-27
2023-10-27 15:45:00,166.54,166.7665,166.53,166.66,20665,2023-10-27
2023-10-27 15:50:00,166.65,166.97,166.65,166.88,30885,2023-10-27
2023-10-27 15:55:00,166.88,167.1,166.85,167.0898,74522,2023-10-27
2023-10-27 16:00:00,167.0865,167.35,167.08,167.29,28264,2023-10-27
2023-10-27 16:05:00,167.2909,167.4,167.11,167.25,25427,2023-10-27
2023-10-27 16:10:00,167.2799,167.36,167.19,167.19,24786,2023-10-27
2023-10-27 16:15:00,167.19,167.33,167.19,167.19,20160,2023-10-27
2023-10-27 16:20:00,167.2,167.44,167.19,167.3,30361,2023-10-27
2023-10-27 16:25:00,167.3,167.3,166.65,166.91,112216,2023-10-27
2023-10-27 16:30:00,166.91,168.01,166.88,167.71,2599592.0,2023-10-27
2023-10-27 16:35:00,167.71,167.88,167.08,167.28,1300547.0,2023-10-27
2023-10-27 16:40:00,167.2828,168.365,167.09,168.29,1023843.0,2023-10-27
2023-10-27 16:45:00,168.29,168.42,167.4,167.4159,966964,2023-10-27
2023-10-27 16:50:00,167.42,167.7825,167.1324,167.1899,897089,2023-10-27
2023-10-27 16:55:00,167.18,167.92,167.1609,167.89,852213,2023-10-27
2023-10-27 17:00:00,167.88,168.4299,167.61,168.39,1207946.0,2023-10-27
2023-10-27 17:05:00,168.41,168.55,167.82,168.1482,946407,2023-10-27
2023-10-27 17:10:00,168.15,168.77,168.15,168.36,703552,2023-10-27
2023-10-27 17:15:00,168.36,168.43,167.98,168.105,686021,2023-10-27
2023-10-27 17:20:00,168.11,168.49,168.092,168.18,590678,2023-10-27
2023-10-27 17:25:00,168.18,168.56,168.06,168.16,544359,2023-10-27
2023-10-27 17:30:00,168.16,168.2497,167.87,168.14,476627,2023-10-27
2023-10-27 17:35:00,168.14,168.45,167.7701,167.8,590866,2023-10-27
2023-10-27 17:40:00,167.8,167.87,167.39,167.46,786511,2023-10-27
2023-10-27 17:45:00,167.46,167.89,167.43,167.83,560501,2023-10-27
2023-10-27 17:50:00,167.84,168.35,167.84,168.1601,542962,2023-10-27
2023-10-27 17:55:00,168.16,168.48,168.13,168.435,441227,2023-10-27
2023-10-27 18:00:00,168.44,168.51,168.1901,168.3027,503342,2023-10-27
2023-10-27 18:05:00,168.31,168.6344,168.27,168.575,449775,2023-10-27
2023-10-27 18:10:00,168.57,168.8099,168.345,168.79,572404,2023-10-27
2023-10-27 18:15:00,168.79,168.96,168.53,168.5785,624968,2023-10-27
2023-10-27 18:20:00,168.57,168.92,168.52,168.83,462256,2023-10-27
2023-10-27 18:25:00,168.83,168.88,168.68,168.735,374970,2023-10-27
2023-10-27 18:30:00,168.75,168.8181,168.3,168.329,388963,2023-10-27
2023-10-27 18:35:00,168.33,168.62,168.29,168.45,383662,2023-10-27
2023-10-27 18:40:00,168.45,168.59,168.23,168.265,345027,2023-10-27
2023-10-27 18:45:00,168.27,168.31,168.02,168.23,344940,2023-10-27
2023-10-27 18:50:00,168.23,168.34,168.12,168.14,291710,2023-10-27
2023-10-27 18:55:00,168.13,168.39,168.12,168.37,259098,2023-10-27
2023-10-27 19:00:00,168.35,168.49,168.08,168.22,353338,2023-10-27
2023-10-27 19:05:00,168.2374,168.47,168.191,168.4,291456,2023-10-27
2023-10-27 19:10:00,168.39,168.3966,167.92,167.97,323251,2023-10-27
2023-10-27 19:15:00,167.97,168.23,167.91,168.2175,306839,2023-10-27
2023-10-27 19:20:00,168.195,168.26,167.905,167.9675,272131,2023-10-27
2023-10-27 19:25:00,167.96,168.03,167.52,167.76,426955,2023-10-27
2023-10-27 19:30:00,167.77,167.79,167.56,167.7601,319505,2023-10-27
2023-10-27 19:35:00,167.76,167.9631,167.73,167.9102,277656,2023-10-27
2023-10-27 19:40:00,167.915,167.925,167.57,167.59,273903,2023-10-27
2023-10-27 19:45:00,167.6042,167.63,167.45,167.51,318066,2023-10-27
2023-10-27 19:50:00,167.51,167.62,167.29,167.5847,356774,2023-10-27
2023-10-27 19:55:00,167.58,167.58,167.38,167.42,245011,2023-10-27
2023-10-27 20:00:00,167.43,167.465,167.27,167.29,316691,2023-10-27
2023-10-27 20:05:00,167.29,167.29,166.89,167.156,676335,2023-10-27
2023-10-27 20:10:00,167.15,167.38,166.9716,167.0277,414203,2023-10-27
2023-10-27 20:15:00,167.03,167.15,166.84,166.98,545798,2023-10-27
2023-10-27 20:20:00,166.98,167.32,166.83,167.28,402914,2023-10-27
2023-10-27 20:25:00,167.27,167.58,167.14,167.19,584234,2023-10-27
2023-10-27 20:30:00,167.18,167.43,166.93,167.39,422175,2023-10-27
2023-10-27 20:35:00,167.39,167.519,167.29,167.4,705031,2023-10-27
2023-10-27 20:40:00,167.39,167.79,167.31,167.65,564816,2023-10-27
2023-10-27 20:45:00,167.65,167.8,167.64,167.68,525981,2023-10-27
2023-10-27 20:50:00,167.675,167.91,167.5,167.5,434034,2023-10-27
2023-10-27 20:55:00,167.51,167.7,167.4001,167.66,578963,2023-10-27
2023-10-27 21:00:00,167.65,167.76,167.43,167.51,441677,2023-10-27
2023-10-27 21:05:00,167.51,167.64,167.3,167.55,579403,2023-10-27
2023-10-27 21:10:00,167.54,167.84,167.53,167.83,416668,2023-10-27
2023-10-27 21:15:00,167.825,167.98,167.625,167.73,583132,2023-10-27
2023-10-27 21:20:00,167.73,167.75,167.52,167.645,410908,2023-10-27
2023-10-27 21:25:00,167.645,167.7,167.55,167.695,443746,2023-10-27
2023-10-27 21:30:00,167.7,168.21,167.58,168.04,715100,2023-10-27
2023-10-27 21:35:00,168.035,168.22,167.92,168.165,500184,2023-10-27
2023-10-27 21:40:00,168.17,168.225,168.04,168.08,417315,2023-10-27
2023-10-27 21:45:00,168.08,168.23,167.79,167.835,454559,2023-10-27
2023-10-27 21:50:00,167.84,167.92,167.71,167.77,360874,2023-10-27
2023-10-27 21:55:00,167.78,167.8,167.45,167.62,410222,2023-10-27
2023-10-27 22:00:00,167.62,167.89,167.55,167.71,602002,2023-10-27
2023-10-27 22:05:00,167.71,167.8303,167.66,167.765,367731,2023-10-27
2023-10-27 22:10:00,167.76,168.11,167.7,167.835,627911,2023-10-27
2023-10-27 22:15:00,167.83,168.01,167.79,167.89,390092,2023-10-27
2023-10-27 22:20:00,167.895,167.99,167.77,167.9458,391489,2023-10-27
2023-10-27 22:25:00,167.955,168.24,167.93,167.99,520799,2023-10-27
2023-10-27 22:30:00,167.99,168.1381,167.78,167.81,608951,2023-10-27
2023-10-27 22:35:00,167.8026,167.825,167.57,167.575,542193,2023-10-27
2023-10-27 22:40:00,167.575,167.83,167.49,167.52,715195,2023-10-27
2023-10-27 22:45:00,167.53,167.74,167.51,167.6813,567262,2023-10-27
2023-10-27 22:50:00,167.68,168.02,167.58,168.02,1124281.0,2023-10-27
2023-10-27 22:55:00,168.02,168.34,167.87,168.285,2821002.0,2023-10-27
2023-10-27 23:00:00,168.22,168.3301,168.18,168.23,472393,2023-10-27
2023-10-27 23:05:00,168.22,168.2399,168,168.01,268271,2023-10-27
2023-10-27 23:10:00,168,168.22,167.52,167.81,2906361.0,2023-10-27
2023-10-27 23:15:00,167.89,167.89,167.74,167.88,31075,2023-10-27
2023-10-27 23:20:00,168.22,168.22,167.85,167.85,61049,2023-10-27
2023-10-27 23:25:00,167.9,167.9403,167.9,167.9403,257523,2023-10-27
2023-10-27 23:30:00,167.94,167.94,167.8604,167.87,2789,2023-10-27
2023-10-27 23:35:00,167.9,168.22,167.8134,167.98,14958,2023-10-27
2023-10-27 23:40:00,167.88,167.8804,167.88,167.88,760,2023-10-27
2023-10-27 23:45:00,167.92,167.97,167.92,167.97,2121,2023-10-27
2023-10-27 23:50:00,168.22,168.22,167.95,167.95,43060,2023-10-27
2023-10-27 23:55:00,167.94,167.94,167.88,167.88,13087,2023-10-27
2023-10-28 00:00:00,167.86,167.86,167.86,167.86,48400,2023-10-27
2023-10-28 00:05:00,167.8701,167.8701,167.85,167.85,2716,2023-10-27
2023-10-28 00:10:00,167.84,167.84,167.7901,167.83,3134,2023-10-27
2023-10-28 00:15:00,167.83,167.84,167.78,167.78,1913,2023-10-27
2023-10-28 00:30:00,167.821,167.821,167.821,167.821,114,2023-10-27
2023-10-28 00:35:00,167.9,167.97,167.9,167.97,1104,2023-10-27
2023-10-28 00:40:00,167.96,167.99,167.96,167.98,2244,2023-10-27
2023-10-28 00:45:00,167.99,168,167.97,167.97,1891,2023-10-27
2023-10-28 01:00:00,167.97,167.97,167.97,167.97,1384,2023-10-27
2023-10-28 01:05:00,167.9998,168,167.9998,168,245,2023-10-27
2023-10-28 01:10:00,167.9901,168,167.9901,168,1073,2023-10-27
2023-10-28 01:15:00,167.9929,167.9929,167.99,167.99,515,2023-10-27
2023-10-28 01:20:00,167.99,167.99,167.99,167.99,2510,2023-10-27
2023-10-28 01:25:00,168.0896,168.09,168.0896,168.09,943,2023-10-27
2023-10-28 01:30:00,168.05,168.05,168.05,168.05,248,2023-10-27
2023-10-28 01:35:00,168.01,168.04,168.01,168.03,822,2023-10-27
2023-10-28 01:40:00,168.05,168.05,168.03,168.03,2675,2023-10-27
2023-10-28 01:45:00,168.01,168.017,167.973,167.98,2683,2023-10-27
2023-10-28 01:50:00,168,168.03,167.9727,168.03,1072,2023-10-27
2023-10-28 02:00:00,168,168.01,168,168,2056,2023-10-27
2023-10-28 02:05:00,168.04,168.04,168.04,168.04,2332,2023-10-27
2023-10-28 02:10:00,168.04,168.04,168.02,168.02,1050,2023-10-27
2023-10-28 02:15:00,168.01,168.01,168.01,168.01,205,2023-10-27
2023-10-28 02:20:00,168.01,168.01,168.01,168.01,703,2023-10-27
2023-10-28 02:25:00,168.04,168.04,168.02,168.02,230,2023-10-27
2023-10-28 02:30:00,168.0001,168.0001,168.0001,168.0001,114,2023-10-27
2023-10-28 02:35:00,168,168.04,168,168.04,537,2023-10-27
2023-10-28 02:40:00,168.04,168.05,168.04,168.05,1869,2023-10-27
2023-10-28 02:45:00,168.01,168.02,168.01,168.02,1809,2023-10-27
2023-10-28 02:50:00,168.01,168.03,168.01,168.02,3052,2023-10-27
2023-10-28 02:55:00,168.01,168.02,168.01,168.02,1040,2023-10-27
2023-10-30 11:00:00,168.98,168.98,168.6,168.88,7357,2023-10-30
2023-10-30 11:05:00,168.92,169,168.92,169,6812,2023-10-30
2023-10-30 11:10:00,168.97,168.97,168.9,168.9,1134,2023-10-30
2023-10-30 11:15:00,168.99,169,168.99,169,1423,2023-10-30
2023-10-30 11:20:00,169,169,168.92,168.92,2556,2023-10-30
2023-10-30 11:25:00,168.91,168.91,168.85,168.85,1270,2023-10-30
2023-10-30 11:35:00,168.85,168.85,168.85,168.85,688,2023-10-30
2023-10-30 11:40:00,168.85,168.92,168.85,168.85,3223,2023-10-30
2023-10-30 11:45:00,168.86,168.86,168.71,168.71,1350,2023-10-30
2023-10-30 11:50:00,168.8,168.99,168.8,168.99,2834,2023-10-30
2023-10-30 12:00:00,168.97,169.09,168.97,169.09,1346,2023-10-30
2023-10-30 12:05:00,169.1,169.2,169.1,169.2,3089,2023-10-30
2023-10-30 12:10:00,169.2,169.23,169.2,169.23,806,2023-10-30
2023-10-30 12:15:00,169.43,169.47,169.43,169.47,947,2023-10-30
2023-10-30 12:20:00,169.37,169.37,169.22,169.25,3091,2023-10-30
2023-10-30 12:25:00,169.22,169.22,169.2,169.2,2164,2023-10-30
2023-10-30 12:30:00,169.25,169.25,169.25,169.25,433,2023-10-30
2023-10-30 12:35:00,169.16,169.16,168.96,168.96,3842,2023-10-30
2023-10-30 12:40:00,169.1,169.1,169.1,169.1,947,2023-10-30
2023-10-30 12:45:00,169.11,169.11,169.11,169.11,273,2023-10-30
2023-10-30 12:50:00,169.14,169.14,169.14,169.14,325,2023-10-30
2023-10-30 12:55:00,169.16,169.16,169.16,169.16,240,2023-10-30
2023-10-30 13:05:00,169.17,169.17,169.12,169.13,2183,2023-10-30
2023-10-30 13:10:00,169.12,169.13,169.12,169.12,3008,2023-10-30
2023-10-30 13:15:00,169.12,169.12,168.96,169.02,5492,2023-10-30
2023-10-30 13:20:00,169,169.02,169,169,3081,2023-10-30
2023-10-30 13:25:00,169,169.01,168.98,169.01,4778,2023-10-30
2023-10-30 13:30:00,169.05,169.05,169,169,3629,2023-10-30
2023-10-30 13:35:00,169.04,169.04,169,169.01,621,2023-10-30
2023-10-30 13:45:00,169.09,169.09,169,169,4133,2023-10-30
2023-10-30 13:50:00,169,169.11,169,169.06,7639,2023-10-30
2023-10-30 13:55:00,169.22,169.22,169.13,169.19,12847,2023-10-30
2023-10-30 14:00:00,169.14,169.3,169.13,169.3,7432,2023-10-30
2023-10-30 14:05:00,169.27,169.27,169.24,169.25,3606,2023-10-30
2023-10-30 14:10:00,169.14,169.2,169.14,169.2,2284,2023-10-30
2023-10-30 14:15:00,169.2,169.23,169.2,169.23,894,2023-10-30
2023-10-30 14:20:00,169.21,169.21,169.13,169.18,8185,2023-10-30
2023-10-30 14:25:00,169.16,169.16,169.1,169.1,3376,2023-10-30
2023-10-30 14:30:00,169.13,169.21,169.13,169.21,3614,2023-10-30
2023-10-30 14:35:00,169.21,169.21,169.21,169.21,584,2023-10-30
2023-10-30 14:40:00,169.2,169.2,169.2,169.2,362,2023-10-30
2023-10-30 14:45:00,169.24,169.28,169.24,169.28,5041,2023-10-30
2023-10-30 14:50:00,169.25,169.25,169.18,169.18,4928,2023-10-30
2023-10-30 14:55:00,169.13,169.16,169.1,169.16,3663,2023-10-30
2023-10-30 15:00:00,169.16,169.28,168.57,169.02,52038,2023-10-30
2023-10-30 15:05:00,169,169.05,168.91,169,9042,2023-10-30
2023-10-30 15:10:00,168.92,169,168.89,168.93,12127,2023-10-30
2023-10-30 15:15:00,168.93,168.95,168.76,168.76,14406,2023-10-30
2023-10-30 15:20:00,168.7799,168.78,168.47,168.5,21829,2023-10-30
2023-10-30 15:25:00,168.6994,168.75,168.617,168.73,8306,2023-10-30
2023-10-30 15:30:00,168.75,168.97,168.75,168.97,7265,2023-10-30
2023-10-30 15:35:00,168.87,168.87,168.65,168.65,18404,2023-10-30
2023-10-30 15:40:00,168.61,168.69,168.55,168.55,10891,2023-10-30
2023-10-30 15:45:00,168.85,168.85,168.49,168.5,11454,2023-10-30
2023-10-30 15:50:00,168.39,168.44,168.35,168.35,10858,2023-10-30
2023-10-30 15:55:00,168.44,168.6996,168.395,168.58,77248,2023-10-30
2023-10-30 16:00:00,168.56,168.72,168.56,168.7,4583,2023-10-30
2023-10-30 16:05:00,168.67,168.75,168.65,168.75,9926,2023-10-30
2023-10-30 16:10:00,168.71,168.79,168.45,168.53,17709,2023-10-30
2023-10-30 16:15:00,168.5,168.67,168.4,168.65,9501,2023-10-30
2023-10-30 16:20:00,168.65,168.7,168.57,168.7,10738,2023-10-30
2023-10-30 16:25:00,168.63,169.06,168.37,169.06,63142,2023-10-30
2023-10-30 16:30:00,169.02,170.1,168.87,170.01,2050492.0,2023-10-30
2023-10-30 16:35:00,170.02,171.04,169.85,170.738,1505247.0,2023-10-30
2023-10-30 16:40:00,170.74,170.9,170.4,170.8939,1066279.0,2023-10-30
2023-10-30 16:45:00,170.9015,171.11,170.76,170.98,1116241.0,2023-10-30
2023-10-30 16:50:00,170.98,171.17,170.605,170.65,951494,2023-10-30
2023-10-30 16:55:00,170.67,170.87,170.53,170.615,739139,2023-10-30
2023-10-30 17:00:00,170.63,170.9,170.33,170.3969,928302,2023-10-30
2023-10-30 17:05:00,170.4099,170.83,170.33,170.71,534738,2023-10-30
2023-10-30 17:10:00,170.71,170.805,170.27,170.365,717865,2023-10-30
2023-10-30 17:15:00,170.375,170.45,169.64,169.81,964758,2023-10-30
2023-10-30 17:20:00,169.8,169.825,169.33,169.56,911973,2023-10-30
2023-10-30 17:25:00,169.54,169.68,169.35,169.4,641947,2023-10-30
2023-10-30 17:30:00,169.37,169.62,169.21,169.57,631672,2023-10-30
2023-10-30 17:35:00,169.58,169.92,169.495,169.7488,731892,2023-10-30
2023-10-30 17:40:00,169.77,169.985,169.53,169.53,591377,2023-10-30
2023-10-30 17:45:00,169.53,169.91,169.495,169.68,762752,2023-10-30
2023-10-30 17:50:00,169.67,170.13,169.58,169.99,551528,2023-10-30
2023-10-30 17:55:00,170,170,169.37,169.4414,726218,2023-10-30
2023-10-30 18:00:00,169.44,170.0531,169.425,169.94,489051,2023-10-30
2023-10-30 18:05:00,169.95,170.1103,169.885,169.9634,424960,2023-10-30
2023-10-30 18:10:00,169.96,170.2,169.75,169.88,403512,2023-10-30
2023-10-30 18:15:00,169.88,170.19,169.8,170.065,370344,2023-10-30
2023-10-30 18:20:00,170.08,170.18,169.45,169.6,558091,2023-10-30
2023-10-30 18:25:00,169.59,169.67,169.43,169.67,454690,2023-10-30
2023-10-30 18:30:00,169.67,170.0602,169.65,170.05,437045,2023-10-30
2023-10-30 18:35:00,170.061,170.16,169.71,169.71,492705,2023-10-30
2023-10-30 18:40:00,169.7,169.79,169.54,169.77,336730,2023-10-30
2023-10-30 18:45:00,169.78,169.84,169.594,169.722,261119,2023-10-30
2023-10-30 18:50:00,169.74,169.95,169.6901,169.8812,292475,2023-10-30
2023-10-30 18:55:00,169.88,169.97,169.77,169.92,194156,2023-10-30
2023-10-30 19:00:00,169.91,170,169.77,169.86,263662,2023-10-30
2023-10-30 19:05:00,169.855,169.86,169.605,169.69,236552,2023-10-30
2023-10-30 19:10:00,169.695,169.93,169.695,169.85,303658,2023-10-30
2023-10-30 19:15:00,169.86,169.97,169.48,169.52,312541,2023-10-30
2023-10-30 19:20:00,169.53,169.58,169.41,169.46,303444,2023-10-30
2023-10-30 19:25:00,169.47,169.59,169.44,169.4661,273235,2023-10-30
2023-10-30 19:30:00,169.465,169.59,169.35,169.535,378543,2023-10-30
2023-10-30 19:35:00,169.57,169.7,169.41,169.44,225054,2023-10-30
2023-10-30 19:40:00,169.4368,169.46,169.16,169.18,418782,2023-10-30
2023-10-30 19:45:00,169.2,169.375,169.1015,169.34,282983,2023-10-30
2023-10-30 19:50:00,169.335,169.44,169.1399,169.14,289407,2023-10-30
2023-10-30 19:55:00,169.145,169.39,169.05,169.37,452454,2023-10-30
2023-10-30 20:00:00,169.37,169.43,169.1834,169.39,328790,2023-10-30
2023-10-30 20:05:00,169.39,169.58,169.3502,169.54,368294,2023-10-30
2023-10-30 20:10:00,169.54,169.625,169.295,169.37,349788,2023-10-30
2023-10-30 20:15:00,169.37,169.54,169.2687,169.325,292732,2023-10-30
2023-10-30 20:20:00,169.32,169.68,169.21,169.676,318730,2023-10-30
2023-10-30 20:25:00,169.675,170.05,169.62,169.9199,772823,2023-10-30
2023-10-30 20:30:00,169.92,170.19,169.92,170.05,430780,2023-10-30
2023-10-30 20:35:00,170.04,170.04,169.88,169.965,294822,2023-10-30
2023-10-30 20:40:00,169.97,170.1,169.93,170.05,252192,2023-10-30
2023-10-30 20:45:00,170.05,170.32,169.99,170.28,364142,2023-10-30
2023-10-30 20:50:00,170.28,170.4,170.21,170.28,343967,2023-10-30
2023-10-30 20:55:00,170.255,170.3371,170.14,170.2801,332781,2023-10-30
2023-10-30 21:00:00,170.28,170.43,170.1801,170.43,387053,2023-10-30
2023-10-30 21:05:00,170.43,170.4376,170.2101,170.4002,475226,2023-10-30
2023-10-30 21:10:00,170.4,170.49,170.26,170.27,354875,2023-10-30
2023-10-30 21:15:00,170.27,170.33,170.135,170.2814,365327,2023-10-30
2023-10-30 21:20:00,170.28,170.44,170.21,170.32,267851,2023-10-30
2023-10-30 21:25:00,170.32,170.49,170.225,170.36,363140,2023-10-30
2023-10-30 21:30:00,170.35,170.455,170.302,170.44,349127,2023-10-30
2023-10-30 21:35:00,170.43,170.65,170.395,170.535,454732,2023-10-30
2023-10-30 21:40:00,170.53,170.77,170.5,170.7499,404466,2023-10-30
2023-10-30 21:45:00,170.7437,170.82,170.64,170.72,421677,2023-10-30
2023-10-30 21:50:00,170.71,170.8,170.57,170.66,348299,2023-10-30
2023-10-30 21:55:00,170.65,170.6599,170.4401,170.5,408009,2023-10-30
2023-10-30 22:00:00,170.5,170.67,170.325,170.35,530212,2023-10-30
2023-10-30 22:05:00,170.34,170.485,170.215,170.25,573574,2023-10-30
2023-10-30 22:10:00,170.24,170.24,170.01,170.12,794446,2023-10-30
2023-10-30 22:15:00,170.12,170.25,170.01,170.115,532061,2023-10-30
2023-10-30 22:20:00,170.1199,170.22,170.01,170.2,709892,2023-10-30
2023-10-30 22:25:00,170.19,170.2,169.8402,169.855,581623,2023-10-30
2023-10-30 22:30:00,169.85,170,169.845,169.9336,582443,2023-10-30
2023-10-30 22:35:00,169.94,170.2,169.93,170.15,654303,2023-10-30
2023-10-30 22:40:00,170.155,170.28,170.06,170.2,960702,2023-10-30
2023-10-30 22:45:00,170.195,170.45,170.035,170.315,845141,2023-10-30
2023-10-30 22:50:00,170.32,170.48,170.16,170.335,1195392.0,2023-10-30
2023-10-30 22:55:00,170.33,170.45,170.1,170.23,1756589.0,2023-10-30
2023-10-30 23:00:00,170.24,170.29,170,170.04,733777,2023-10-30
2023-10-30 23:05:00,170.06,170.29,170.04,170.08,17379,2023-10-30
2023-10-30 23:10:00,170.08,170.08,169.99,170.02,27472,2023-10-30
2023-10-30 23:15:00,170.02,170.29,169.91,169.95,38697,2023-10-30
2023-10-30 23:20:00,170.29,170.29,169.97,170.08,47227,2023-10-30
2023-10-30 23:25:00,170.04,170.08,170.04,170.07,5031,2023-10-30
2023-10-30 23:30:00,170.06,170.06,170,170,6729,2023-10-30
2023-10-30 23:35:00,169.97,170.29,169.96,170.29,40479,2023-10-30
2023-10-30 23:40:00,169.9632,169.9632,169.92,169.93,2612,2023-10-30
2023-10-30 23:45:00,169.93,170,169.92,169.99,10731,2023-10-30
2023-10-30 23:50:00,170.02,170.02,169.95,169.97,3921,2023-10-30
2023-10-30 23:55:00,169.96,169.96,169.96,169.96,290,2023-10-30
2023-10-31 00:00:00,170,170.06,170,170.0299,5287,2023-10-30
2023-10-31 00:05:00,170.03,170.03,169.98,169.98,1673,2023-10-30
2023-10-31 00:10:00,169.99,170.01,169.9492,169.95,5266,2023-10-30
2023-10-31 00:15:00,169.95,169.96,169.95,169.96,888,2023-10-30
2023-10-31 00:20:00,169.94,170.02,169.94,170.0182,2728,2023-10-30
2023-10-31 00:25:00,170,170.05,170,170.05,255609,2023-10-30
2023-10-31 00:30:00,170.03,170.03,170,170,609,2023-10-30
2023-10-31 00:35:00,170,170.05,170,170.02,1520,2023-10-30
2023-10-31 00:40:00,169.9852,169.9852,169.9852,169.9852,163,2023-10-30
2023-10-31 00:45:00,170.04,170.04,170,170,379,2023-10-30
2023-10-31 00:50:00,170,170,170,170,443,2023-10-30
2023-10-31 00:55:00,169.9808,170,169.92,169.92,4241,2023-10-30
2023-10-31 01:00:00,169.94,169.99,169.93,169.93,1031,2023-10-30
2023-10-31 01:05:00,169.95,169.95,169.9,169.9,2107,2023-10-30
2023-10-31 01:10:00,169.8601,169.95,169.8506,169.95,2719,2023-10-30
2023-10-31 01:15:00,169.92,169.92,169.86,169.9,1422,2023-10-30
2023-10-31 01:20:00,169.85,169.85,169.8,169.8,2636,2023-10-30
2023-10-31 01:25:00,169.81,169.81,169.81,169.81,248,2023-10-30
2023-10-31 01:30:00,169.85,169.88,169.84,169.87,3083,2023-10-30
2023-10-31 01:35:00,169.83,169.85,169.83,169.85,784,2023-10-30
2023-10-31 01:40:00,169.8611,169.9,169.86,169.9,1718,2023-10-30
2023-10-31 01:50:00,169.82,169.9,169.82,169.9,921,2023-10-30
2023-10-31 01:55:00,169.8699,169.8699,169.8699,169.8699,3139,2023-10-30
2023-10-31 02:00:00,169.87,169.91,169.87,169.91,1662,2023-10-30
2023-10-31 02:05:00,169.85,169.89,169.85,169.89,2093,2023-10-30
2023-10-31 02:10:00,169.89,169.89,169.82,169.82,1374,2023-10-30
2023-10-31 02:15:00,169.85,169.87,169.85,169.87,1133,2023-10-30
2023-10-31 02:20:00,169.8699,169.87,169.86,169.86,1611,2023-10-30
2023-10-31 02:25:00,169.85,169.85,169.85,169.85,416,2023-10-30
2023-10-31 02:30:00,169.85,169.86,169.82,169.86,2890,2023-10-30
2023-10-31 02:35:00,169.86,169.86,169.83,169.83,2730,2023-10-30
2023-10-31 02:40:00,169.85,169.85,169.8199,169.8199,2902,2023-10-30
2023-10-31 02:45:00,169.81,169.81,169.71,169.76,5391,2023-10-30
2023-10-31 02:50:00,169.73,169.84,169.72,169.84,2564,2023-10-30
2023-10-31 02:55:00,169.87,169.87,169.7,169.7,4152,2023-10-30
2023-10-31 11:00:00,169.6,169.6,169.4,169.41,5187,2023-10-31
2023-10-31 11:05:00,169.28,169.28,169.28,169.28,1714,2023-10-31
2023-10-31 11:10:00,169.48,169.48,169.47,169.48,1369,2023-10-31
2023-10-31 11:15:00,169.42,169.46,169.42,169.42,1017,2023-10-31
2023-10-31 11:20:00,169.42,169.42,169.39,169.39,819,2023-10-31
2023-10-31 11:25:00,169.47,169.48,169.45,169.45,845,2023-10-31
2023-10-31 11:30:00,169.56,169.59,169.54,169.54,2548,2023-10-31
2023-10-31 11:35:00,169.55,169.6,169.55,169.6,1381,2023-10-31
2023-10-31 11:40:00,169.73,169.73,169.73,169.73,1079,2023-10-31
2023-10-31 11:50:00,169.71,169.8,169.71,169.8,4440,2023-10-31
2023-10-31 12:00:00,169.76,169.76,169.76,169.76,731,2023-10-31
2023-10-31 12:05:00,169.8,169.8,169.7,169.7,2030,2023-10-31
2023-10-31 12:15:00,169.65,169.65,169.65,169.65,168,2023-10-31
2023-10-31 12:25:00,169.6,169.6,169.6,169.6,760,2023-10-31
2023-10-31 12:30:00,169.63,169.75,169.63,169.75,930,2023-10-31
2023-10-31 12:40:00,169.77,169.82,169.77,169.82,3325,2023-10-31
2023-10-31 12:45:00,169.79,169.79,169.78,169.78,1756,2023-10-31
2023-10-31 12:50:00,169.76,169.8,169.76,169.8,1371,2023-10-31
2023-10-31 12:55:00,169.82,169.82,169.8,169.8,1101,2023-10-31
2023-10-31 13:00:00,169.88,169.9,169.88,169.9,800,2023-10-31
2023-10-31 13:10:00,169.88,169.96,169.88,169.96,1185,2023-10-31
2023-10-31 13:15:00,169.96,170,169.96,170,2879,2023-10-31
2023-10-31 13:20:00,170.15,170.15,170.13,170.13,935,2023-10-31
2023-10-31 13:25:00,170,170,170,170,346,2023-10-31
2023-10-31 13:30:00,170,170,169.98,169.98,957,2023-10-31
2023-10-31 13:35:00,169.82,169.82,169.81,169.81,2212,2023-10-31
2023-10-31 13:40:00,169.95,169.95,169.95,169.95,1524,2023-10-31
2023-10-31 14:00:00,169.91,170,169.9,169.99,8658,2023-10-31
2023-10-31 14:05:00,169.99,169.99,169.85,169.85,4370,2023-10-31
2023-10-31 14:10:00,169.88,170.1,169.86,170.1,6893,2023-10-31
2023-10-31 14:15:00,170.07,170.07,170.03,170.03,1399,2023-10-31
2023-10-31 14:20:00,170.01,170.01,169.81,169.81,30994,2023-10-31
2023-10-31 14:25:00,169.91,169.91,169.63,169.68,9842,2023-10-31
2023-10-31 14:30:00,169.73,169.73,169.73,169.73,2171,2023-10-31
2023-10-31 14:35:00,169.74,169.74,169.6,169.6,3159,2023-10-31
2023-10-31 14:40:00,169.6,169.62,169.5,169.5,4168,2023-10-31
2023-10-31 14:45:00,169.55,169.63,169.55,169.55,4148,2023-10-31
2023-10-31 14:50:00,169.55,169.57,169.52,169.57,2632,2023-10-31
2023-10-31 14:55:00,169.57,169.57,169.5,169.5,4654,2023-10-31
2023-10-31 15:00:00,169.45,170.05,168.52,169.65,97576,2023-10-31
2023-10-31 15:05:00,169.65,169.74,169.6,169.74,10403,2023-10-31
2023-10-31 15:10:00,169.7,169.78,169.7,169.72,18055,2023-10-31
2023-10-31 15:15:00,169.74,169.93,169.72,169.79,10669,2023-10-31
2023-10-31 15:20:00,169.85,170,169.85,170,18274,2023-10-31
2023-10-31 15:25:00,170.085,170.19,170.0001,170.13,22809,2023-10-31
2023-10-31 15:30:00,170.02,170.02,169.59,169.74,40032,2023-10-31
2023-10-31 15:35:00,169.71,169.78,169.64,169.71,19372,2023-10-31
2023-10-31 15:40:00,169.7,169.72,169.5,169.57,11666,2023-10-31
2023-10-31 15:45:00,169.57,169.61,169.45,169.6092,24584,2023-10-31
2023-10-31 15:50:00,169.59,169.59,169.4,169.43,8982,2023-10-31
2023-10-31 15:55:00,169.4,169.41,169.06,169.09,18865,2023-10-31
2023-10-31 16:00:00,169.09,169.23,169.03,169.15,27801,2023-10-31
2023-10-31 16:05:00,169.13,169.22,168.95,168.95,28425,2023-10-31
2023-10-31 16:10:00,168.91,168.93,168.6,168.65,35052,2023-10-31
2023-10-31 16:15:00,168.71,168.84,168.64,168.84,18282,2023-10-31
2023-10-31 16:20:00,168.8,168.88,168.72,168.72,14839,2023-10-31
2023-10-31 16:25:00,168.78,169.39,168.77,169.27,36067,2023-10-31
2023-10-31 16:30:00,169.35,169.45,168.57,168.607,1623806.0,2023-10-31
2023-10-31 16:35:00,168.61,168.63,168.34,168.53,988506,2023-10-31
2023-10-31 16:40:00,168.52,168.6,168.23,168.278,711437,2023-10-31
2023-10-31 16:45:00,168.27,168.69,168.22,168.63,598395,2023-10-31
2023-10-31 16:50:00,168.62,168.62,167.9,168.21,786060,2023-10-31
2023-10-31 16:55:00,168.23,168.605,168.08,168.56,562626,2023-10-31
2023-10-31 17:00:00,168.55,168.64,168.32,168.44,547970,2023-10-31
2023-10-31 17:05:00,168.4399,168.94,168.33,168.845,544771,2023-10-31
2023-10-31 17:10:00,168.835,169.25,168.82,168.975,869563,2023-10-31
2023-10-31 17:15:00,168.98,169.28,168.95,169.21,446768,2023-10-31
2023-10-31 17:20:00,169.21,169.55,169.195,169.385,718933,2023-10-31
2023-10-31 17:25:00,169.395,169.45,169.055,169.13,512018,2023-10-31
2023-10-31 17:30:00,169.15,169.28,168.91,168.94,485678,2023-10-31
2023-10-31 17:35:00,168.93,169,168.75,168.85,424793,2023-10-31
2023-10-31 17:40:00,168.84,169.76,168.8,169.745,617881,2023-10-31
2023-10-31 17:45:00,169.74,169.87,169.36,169.43,657156,2023-10-31
2023-10-31 17:50:00,169.44,169.79,169.4301,169.775,465732,2023-10-31
2023-10-31 17:55:00,169.7757,169.835,169.525,169.71,431065,2023-10-31
2023-10-31 18:00:00,169.71,169.8155,169.48,169.52,331971,2023-10-31
2023-10-31 18:05:00,169.54,169.79,169.54,169.7281,302702,2023-10-31
2023-10-31 18:10:00,169.73,169.7982,169.47,169.73,359994,2023-10-31
2023-10-31 18:15:00,169.72,169.75,169.33,169.545,393531,2023-10-31
2023-10-31 18:20:00,169.54,169.55,169.255,169.31,336775,2023-10-31
2023-10-31 18:25:00,169.32,169.6,169.205,169.23,351548,2023-10-31
2023-10-31 18:30:00,169.23,169.465,169.055,169.4489,461103,2023-10-31
2023-10-31 18:35:00,169.45,169.51,169.115,169.3008,392741,2023-10-31
2023-10-31 18:40:00,169.2955,169.37,168.95,169.0395,390761,2023-10-31
2023-10-31 18:45:00,169.05,169.1599,168.845,169.045,461436,2023-10-31
2023-10-31 18:50:00,169.06,169.345,169.02,169.27,433448,2023-10-31
2023-10-31 18:55:00,169.27,169.79,169.27,169.76,447665,2023-10-31
2023-10-31 19:00:00,169.75,169.75,169.45,169.561,406278,2023-10-31
2023-10-31 19:05:00,169.57,169.73,169.515,169.7212,248862,2023-10-31
2023-10-31 19:10:00,169.72,169.7699,169.4,169.41,410416,2023-10-31
2023-10-31 19:15:00,169.43,169.57,169.38,169.48,346766,2023-10-31
2023-10-31 19:20:00,169.47,169.58,169.44,169.55,209425,2023-10-31
2023-10-31 19:25:00,169.55,169.645,169.44,169.55,219259,2023-10-31
2023-10-31 19:30:00,169.55,169.88,169.54,169.76,389927,2023-10-31
2023-10-31 19:35:00,169.76,169.9,169.27,169.88,431507,2023-10-31
2023-10-31 19:40:00,169.875,170.07,169.785,169.96,485214,2023-10-31
2023-10-31 19:45:00,169.9501,170,169.86,169.9618,239541,2023-10-31
2023-10-31 19:50:00,169.98,169.98,169.77,169.84,218382,2023-10-31
2023-10-31 19:55:00,169.84,170.0699,169.819,169.9958,287485,2023-10-31
2023-10-31 20:00:00,170.01,170.16,169.99,170.045,294546,2023-10-31
2023-10-31 20:05:00,170.0694,170.215,169.99,170.1699,367695,2023-10-31
2023-10-31 20:10:00,170.15,170.15,169.77,169.9326,305731,2023-10-31
2023-10-31 20:15:00,169.94,170.09,169.92,170,240728,2023-10-31
2023-10-31 20:20:00,170.015,170.215,169.9956,170.13,228264,2023-10-31
2023-10-31 20:25:00,170.1303,170.295,169.99,170.282,399187,2023-10-31
2023-10-31 20:30:00,170.29,170.47,170.2657,170.43,522738,2023-10-31
2023-10-31 20:35:00,170.42,170.54,170.29,170.5,314596,2023-10-31
2023-10-31 20:40:00,170.49,170.75,170.41,170.5706,404209,2023-10-31
2023-10-31 20:45:00,170.57,170.58,170.28,170.325,360761,2023-10-31
2023-10-31 20:50:00,170.34,170.6599,170.3,170.6225,408235,2023-10-31
2023-10-31 20:55:00,170.625,170.7,170.53,170.645,361922,2023-10-31
2023-10-31 21:00:00,170.64,170.74,170.43,170.55,312956,2023-10-31
2023-10-31 21:05:00,170.56,170.58,170.35,170.38,297127,2023-10-31
2023-10-31 21:10:00,170.39,170.4677,170.24,170.2585,333373,2023-10-31
2023-10-31 21:15:00,170.27,170.365,170.18,170.2,288155,2023-10-31
2023-10-31 21:20:00,170.21,170.255,169.98,170.06,303316,2023-10-31
2023-10-31 21:25:00,170.05,170.09,169.95,169.96,234834,2023-10-31
2023-10-31 21:30:00,169.94,170.17,169.931,170.11,256450,2023-10-31
2023-10-31 21:35:00,170.12,170.17,169.985,170.01,230613,2023-10-31
2023-10-31 21:40:00,170.01,170.3,169.975,170.2401,346305,2023-10-31
2023-10-31 21:45:00,170.24,170.5,170.16,170.4179,326542,2023-10-31
2023-10-31 21:50:00,170.41,170.52,170.33,170.3813,196026,2023-10-31
2023-10-31 21:55:00,170.38,170.63,170.36,170.53,295520,2023-10-31
2023-10-31 22:00:00,170.54,170.71,170.52,170.663,331082,2023-10-31
2023-10-31 22:05:00,170.67,170.68,170.53,170.6799,256008,2023-10-31
2023-10-31 22:10:00,170.6681,170.77,170.66,170.6996,352833,2023-10-31
2023-10-31 22:15:00,170.7,170.75,170.6487,170.67,272291,2023-10-31
2023-10-31 22:20:00,170.6711,170.72,170.485,170.52,352334,2023-10-31
2023-10-31 22:25:00,170.52,170.67,170.5,170.645,278549,2023-10-31
2023-10-31 22:30:00,170.64,170.67,170.555,170.61,323244,2023-10-31
2023-10-31 22:35:00,170.6,170.6755,170.43,170.45,378611,2023-10-31
2023-10-31 22:40:00,170.45,170.63,170.38,170.6085,530620,2023-10-31
2023-10-31 22:45:00,170.6,170.6876,170.5,170.67,587803,2023-10-31
2023-10-31 22:50:00,170.67,170.865,170.59,170.85,1022253.0,2023-10-31
2023-10-31 22:55:00,170.85,170.9,170.7,170.77,1705893.0,2023-10-31
2023-10-31 23:00:00,170.77,170.77,170.52,170.57,668047,2023-10-31
2023-10-31 23:05:00,170.59,170.77,170.5601,170.59,43903,2023-10-31
2023-10-31 23:10:00,170.59,170.77,170.5,170.77,16052,2023-10-31
2023-10-31 23:15:00,170.58,170.58,170.32,170.4,27786,2023-10-31
2023-10-31 23:20:00,170.39,170.41,170.3,170.32,8517,2023-10-31
2023-10-31 23:25:00,170.34,170.38,170.32,170.36,5573,2023-10-31
2023-10-31 23:30:00,170.32,170.32,170.26,170.28,4727,2023-10-31
2023-10-31 23:35:00,170.28,170.32,170.28,170.3,2686,2023-10-31
2023-10-31 23:40:00,170.3,170.36,170.29,170.36,9689,2023-10-31
2023-10-31 23:45:00,170.33,170.77,170.27,170.27,47612,2023-10-31
2023-10-31 23:50:00,170.31,170.32,170.29,170.29,8483,2023-10-31
2023-10-31 23:55:00,170.31,170.77,170.17,170.21,182191,2023-10-31
2023-11-01 00:00:00,170.23,170.28,170.23,170.26,8320,2023-10-31
2023-11-01 00:05:00,170.25,170.26,170.18,170.23,5600,2023-10-31
2023-11-01 00:10:00,170.26,170.49,170.26,170.39,15691,2023-10-31
2023-11-01 00:15:00,170.31,170.448,170.28,170.39,3262,2023-10-31
2023-11-01 00:25:00,170.37,170.47,170.37,170.47,2287,2023-10-31
2023-11-01 00:30:00,170.44,170.48,170.44,170.48,1233,2023-10-31
2023-11-01 00:35:00,170.4691,170.47,170.37,170.37,2430,2023-10-31
2023-11-01 00:40:00,170.34,170.46,170.33,170.46,977,2023-10-31
2023-11-01 00:45:00,170.44,170.44,170.36,170.36,906,2023-10-31
2023-11-01 00:50:00,170.36,170.3611,170.36,170.3611,1706,2023-10-31
2023-11-01 00:55:00,170.39,170.39,170.37,170.37,1449,2023-10-31
2023-11-01 01:00:00,170.37,170.44,170.37,170.44,1775,2023-10-31
2023-11-01 01:05:00,170.3025,170.3025,170.22,170.22,698,2023-10-31
2023-11-01 01:10:00,170.22,170.42,170.22,170.42,1087,2023-10-31
2023-11-01 01:15:00,170.25,170.28,170.25,170.28,309,2023-10-31
2023-11-01 01:20:00,170.2202,170.2202,170.2202,170.2202,306,2023-10-31
2023-11-01 01:30:00,170.32,170.32,170.3,170.3,391,2023-10-31
2023-11-01 01:35:00,170.3477,170.3477,170.3,170.3,2067,2023-10-31
2023-11-01 01:40:00,170.3966,170.3966,170.31,170.31,772,2023-10-31
2023-11-01 01:45:00,170.34,170.34,170.33,170.33,395,2023-10-31
2023-11-01 01:50:00,170.34,170.34,170.34,170.34,499,2023-10-31
2023-11-01 01:55:00,170.32,170.35,170.32,170.3483,2426,2023-10-31
2023-11-01 02:00:00,170.32,170.32,170.25,170.25,1778,2023-10-31
2023-11-01 02:05:00,170.25,170.25,170.25,170.25,143,2023-10-31
2023-11-01 02:10:00,170.26,170.32,170.25,170.25,1290,2023-10-31
2023-11-01 02:25:00,170.26,170.26,170.25,170.25,1781,2023-10-31
2023-11-01 02:30:00,170.22,170.22,170.21,170.21,1392,2023-10-31
2023-11-01 02:35:00,170.18,170.18,170.05,170.1,853,2023-10-31
2023-11-01 02:40:00,170.02,170.04,170.02,170.04,491,2023-10-31
2023-11-01 02:45:00,170.06,170.07,170.05,170.06,1932,2023-10-31
2023-11-01 02:50:00,170.07,170.15,170.06,170.15,2954,2023-10-31
2023-11-01 02:55:00,170.19,170.39,170.19,170.3801,3621,2023-10-31
2023-11-01 11:00:00,170.6,170.6,170.6,170.6,307,2023-11-01
2023-11-01 11:05:00,170.3,170.41,170.3,170.39,768,2023-11-01
2023-11-01 11:10:00,170.35,170.41,170.35,170.41,1463,2023-11-01
2023-11-01 11:15:00,170.4,170.4,170.37,170.37,334,2023-11-01
2023-11-01 11:25:00,170.34,170.34,170.15,170.15,5428,2023-11-01
2023-11-01 11:30:00,170.29,170.38,170.22,170.38,7104,2023-11-01
2023-11-01 11:40:00,170.2,170.21,170.2,170.21,309,2023-11-01
2023-11-01 11:45:00,170.21,170.21,170.15,170.15,930,2023-11-01
2023-11-01 11:50:00,170.1,170.17,170.1,170.17,3218,2023-11-01
2023-11-01 12:00:00,170.14,170.15,170.14,170.15,1146,2023-11-01
2023-11-01 12:20:00,170.13,170.13,170,170,5658,2023-11-01
2023-11-01 12:25:00,169.99,170,169.94,169.94,3026,2023-11-01
2023-11-01 12:30:00,170.13,170.13,170.13,170.13,210,2023-11-01
2023-11-01 12:35:00,170.1,170.1,170.1,170.1,103,2023-11-01
2023-11-01 12:50:00,169.98,170,169.98,170,780,2023-11-01
2023-11-01 13:05:00,170.1,170.1,170.1,170.1,108,2023-11-01
2023-11-01 13:10:00,170.01,170.01,169.94,169.94,801,2023-11-01
2023-11-01 13:25:00,169.85,169.85,169.85,169.85,1354,2023-11-01
2023-11-01 13:30:00,170,170,170,170,150,2023-11-01
2023-11-01 13:35:00,170,170,170,170,1775,2023-11-01
2023-11-01 13:45:00,170.1,170.1,170.1,170.1,280,2023-11-01
2023-11-01 13:50:00,170.09,170.09,170.09,170.09,456,2023-11-01
2023-11-01 13:55:00,170.04,170.04,170.03,170.03,1013,2023-11-01
2023-11-01 14:00:00,170.01,170.01,170.01,170.01,483,2023-11-01
2023-11-01 14:05:00,170.1,170.1,170.01,170.01,4691,2023-11-01
2023-11-01 14:10:00,170.04,170.04,170.04,170.04,437,2023-11-01
2023-11-01 14:15:00,170,170,169.95,169.95,1020,2023-11-01
2023-11-01 14:20:00,169.95,169.95,169.81,169.82,6283,2023-11-01
2023-11-01 14:35:00,169.9,169.9,169.9,169.9,383,2023-11-01
2023-11-01 14:40:00,169.86,169.86,169.83,169.83,463,2023-11-01
2023-11-01 14:45:00,169.81,169.81,169.73,169.75,4301,2023-11-01
2023-11-01 14:50:00,169.72,169.72,169.5,169.5,8348,2023-11-01
2023-11-01 14:55:00,169.5,169.5,169.5,169.5,685,2023-11-01
2023-11-01 15:00:00,170.1,170.6,169.4504,169.65,23445,2023-11-01
2023-11-01 15:05:00,169.71,169.8651,169.7,169.7,4724,2023-11-01
2023-11-01 15:10:00,169.82,169.8834,169.75,169.75,5075,2023-11-01
2023-11-01 15:15:00,169.89,170,169.7618,169.97,6953,2023-11-01
2023-11-01 15:20:00,169.93,169.93,169.9,169.9,2232,2023-11-01
2023-11-01 15:25:00,169.8,169.9599,169.8,169.89,5464,2023-11-01
2023-11-01 15:30:00,169.9,170.5,169.9,170.5,27346,2023-11-01
2023-11-01 15:35:00,170.5,170.8082,170.49,170.7,24031,2023-11-01
2023-11-01 15:40:00,170.65,170.6999,170.49,170.61,26022,2023-11-01
2023-11-01 15:45:00,170.6489,170.6489,170.45,170.48,9554,2023-11-01
2023-11-01 15:50:00,170.5,170.6,170.45,170.6,58385,2023-11-01
2023-11-01 15:55:00,170.61,170.64,170.45,170.6,12134,2023-11-01
2023-11-01 16:00:00,170.5,170.5,170.14,170.25,6301,2023-11-01
2023-11-01 16:05:00,170.38,170.38,170.3001,170.3001,1464,2023-11-01
2023-11-01 16:10:00,170.41,170.57,170.41,170.57,7054,2023-11-01
2023-11-01 16:15:00,170.55,170.9899,170.55,170.9869,23462,2023-11-01
2023-11-01 16:20:00,170.92,171.03,170.8,170.99,31402,2023-11-01
2023-11-01 16:25:00,170.91,171.19,170.8,170.99,22890,2023-11-01
2023-11-01 16:30:00,171,171.335,170.12,170.41,1382840.0,2023-11-01
2023-11-01 16:35:00,170.39,171.22,170.175,171.199,990711,2023-11-01
2023-11-01 16:40:00,171.2,171.52,171,171.29,962170,2023-11-01
2023-11-01 16:45:00,171.285,171.54,170.94,171.43,834998,2023-11-01
2023-11-01 16:50:00,171.43,171.46,170.83,170.96,687410,2023-11-01
2023-11-01 16:55:00,170.96,171.245,170.86,171.08,609304,2023-11-01
2023-11-01 17:00:00,171.11,171.56,170.97,171.34,838302,2023-11-01
2023-11-01 17:05:00,171.33,171.4,170.88,170.9417,714547,2023-11-01
2023-11-01 17:10:00,170.94,170.995,170.78,170.8699,673996,2023-11-01
2023-11-01 17:15:00,170.875,171.445,170.8401,171.361,688584,2023-11-01
2023-11-01 17:20:00,171.36,171.89,171.3301,171.82,847193,2023-11-01
2023-11-01 17:25:00,171.81,171.97,171.6988,171.83,690665,2023-11-01
2023-11-01 17:30:00,171.83,171.9279,171.73,171.81,492623,2023-11-01
2023-11-01 17:35:00,171.815,171.86,171.66,171.8,1162565.0,2023-11-01
2023-11-01 17:40:00,171.8,172.08,171.7789,171.975,808244,2023-11-01
2023-11-01 17:45:00,171.975,172.04,171.63,171.6972,692173,2023-11-01
2023-11-01 17:50:00,171.7,171.7209,171.57,171.638,500678,2023-11-01
2023-11-01 17:55:00,171.635,171.66,171.38,171.4579,515545,2023-11-01
2023-11-01 18:00:00,171.46,171.46,171.18,171.4381,489129,2023-11-01
2023-11-01 18:05:00,171.44,171.505,171.39,171.47,310517,2023-11-01
2023-11-01 18:10:00,171.47,171.5,171,171.105,829743,2023-11-01
2023-11-01 18:15:00,171.105,171.405,171.1,171.35,356428,2023-11-01
2023-11-01 18:20:00,171.36,171.39,171.19,171.39,329289,2023-11-01
2023-11-01 18:25:00,171.38,171.4558,171.33,171.43,284022,2023-11-01
2023-11-01 18:30:00,171.43,171.49,171.195,171.26,362103,2023-11-01
2023-11-01 18:35:00,171.26,171.43,171.245,171.4,255024,2023-11-01
2023-11-01 18:40:00,171.41,171.82,171.395,171.8,389756,2023-11-01
2023-11-01 18:45:00,171.805,171.9,171.71,171.7501,311070,2023-11-01
2023-11-01 18:50:00,171.76,171.93,171.68,171.89,328402,2023-11-01
2023-11-01 18:55:00,171.9,172,171.881,171.95,248273,2023-11-01
2023-11-01 19:00:00,171.945,171.95,171.77,171.8502,255343,2023-11-01
2023-11-01 19:05:00,171.85,171.91,171.7,171.79,297893,2023-11-01
2023-11-01 19:10:00,171.79,171.9065,171.735,171.815,227043,2023-11-01
2023-11-01 19:15:00,171.815,171.835,171.61,171.73,221877,2023-11-01
2023-11-01 19:20:00,171.72,171.84,171.67,171.7703,266618,2023-11-01
2023-11-01 19:25:00,171.775,171.915,171.71,171.9,350165,2023-11-01
2023-11-01 19:30:00,171.91,172.12,171.9,172.0191,401280,2023-11-01
2023-11-01 19:35:00,172.02,172.0454,171.78,171.8409,299997,2023-11-01
2023-11-01 19:40:00,171.84,171.84,171.63,171.805,363485,2023-11-01
2023-11-01 19:45:00,171.81,171.98,171.8,171.92,244586,2023-11-01
2023-11-01 19:50:00,171.93,172.07,171.905,172,199020,2023-11-01
2023-11-01 19:55:00,172,172.18,171.99,172.035,269232,2023-11-01
2023-11-01 20:00:00,172.035,172.0718,171.77,171.82,265436,2023-11-01
2023-11-01 20:05:00,171.81,172.0865,171.8,172.055,216967,2023-11-01
2023-11-01 20:10:00,172.06,172.37,172.04,172.31,487301,2023-11-01
2023-11-01 20:15:00,172.31,172.38,172.15,172.3,432124,2023-11-01
2023-11-01 20:20:00,172.29,172.31,172.09,172.145,286225,2023-11-01
2023-11-01 20:25:00,172.15,172.24,172.0306,172.162,271292,2023-11-01
2023-11-01 20:30:00,172.16,172.24,172.03,172.075,238275,2023-11-01
2023-11-01 20:35:00,172.07,172.29,172.07,172.26,231071,2023-11-01
2023-11-01 20:40:00,172.25,172.37,172.18,172.31,353746,2023-11-01
2023-11-01 20:45:00,172.31,172.31,172.02,172.115,280985,2023-11-01
2023-11-01 20:50:00,172.115,172.3,172.08,172.2,320781,2023-11-01
2023-11-01 20:55:00,172.2,172.3,172.1,172.19,267656,2023-11-01
2023-11-01 21:00:00,172.2,172.53,171.91,172.1,828763,2023-11-01
2023-11-01 21:05:00,172.07,172.37,172.02,172.215,518038,2023-11-01
2023-11-01 21:10:00,172.21,172.3325,172.02,172.05,473878,2023-11-01
2023-11-01 21:15:00,172.05,172.26,171.94,172.165,450470,2023-11-01
2023-11-01 21:20:00,172.17,172.43,172.16,172.42,325812,2023-11-01
2023-11-01 21:25:00,172.42,172.71,172.34,172.61,530464,2023-11-01
2023-11-01 21:30:00,172.625,173.06,172.61,172.985,989177,2023-11-01
2023-11-01 21:35:00,172.98,173.16,172.34,172.55,1213762.0,2023-11-01
2023-11-01 21:40:00,172.55,172.635,172.16,172.43,975774,2023-11-01
2023-11-01 21:45:00,172.43,172.64,172.1,172.43,719693,2023-11-01
2023-11-01 21:50:00,172.4,172.85,172.37,172.6999,685271,2023-11-01
2023-11-01 21:55:00,172.7,173.27,172.69,173.2,738796,2023-11-01
2023-11-01 22:00:00,173.19,173.75,173.18,173.57,908874,2023-11-01
2023-11-01 22:05:00,173.57,173.73,173.39,173.61,712228,2023-11-01
2023-11-01 22:10:00,173.6101,173.9,173.35,173.38,735542,2023-11-01
2023-11-01 22:15:00,173.39,173.89,173.365,173.8,715386,2023-11-01
2023-11-01 22:20:00,173.81,174.22,173.64,174.09,901932,2023-11-01
2023-11-01 22:25:00,174.085,174.12,173.69,173.91,755558,2023-11-01
2023-11-01 22:30:00,173.91,174.1,173.7,173.9,1048474.0,2023-11-01
2023-11-01 22:35:00,173.8741,174.04,173.76,173.8319,685866,2023-11-01
2023-11-01 22:40:00,173.83,173.97,173.61,173.86,731637,2023-11-01
2023-11-01 22:45:00,173.85,174.14,173.821,174.135,739485,2023-11-01
2023-11-01 22:50:00,174.13,174.23,173.755,173.88,1754851.0,2023-11-01
2023-11-01 22:55:00,173.87,174.22,173.82,173.91,2422611.0,2023-11-01
2023-11-01 23:00:00,173.92,175.01,173.9,174.36,525617,2023-11-01
2023-11-01 23:05:00,174.548,174.548,173.97,174.25,321066,2023-11-01
2023-11-01 23:10:00,174.18,174.29,173.95,174.03,47137,2023-11-01
2023-11-01 23:15:00,174.05,174.2,173.97,174.1,54508,2023-11-01
2023-11-01 23:20:00,173.97,174.1686,173.86,173.9,172081,2023-11-01
2023-11-01 23:25:00,173.96,173.97,173.78,173.83,16478,2023-11-01
2023-11-01 23:30:00,173.9,174.18,173.9,174.14,10262,2023-11-01
2023-11-01 23:35:00,174.14,174.2,174.08,174.1,10668,2023-11-01
2023-11-01 23:40:00,174.08,174.2,173.97,174.2,105465,2023-11-01
2023-11-01 23:45:00,174.17,174.2899,174.11,174.28,8804,2023-11-01
2023-11-01 23:50:00,174.12,174.18,173.97,174.18,69667,2023-11-01
2023-11-01 23:55:00,174.2,174.29,174.17,174.29,12852,2023-11-01
2023-11-02 00:00:00,174.27,174.48,174.27,174.48,8817,2023-11-01
2023-11-02 00:05:00,174.48,174.49,174.36,174.36,333522,2023-11-01
2023-11-02 00:10:00,174.44,174.46,174.32,174.4,6155,2023-11-01
2023-11-02 00:15:00,174.36,174.5,174.34,174.47,9796,2023-11-01
2023-11-02 00:20:00,174.47,174.7,174.47,174.67,8714,2023-11-01
2023-11-02 00:25:00,174.67,174.67,174.52,174.52,6600,2023-11-01
2023-11-02 00:30:00,174.52,174.52,174.44,174.44,1867,2023-11-01
2023-11-02 00:35:00,174.44,174.55,174.44,174.52,2389,2023-11-01
2023-11-02 00:40:00,174.44,174.4999,174.44,174.44,3677,2023-11-01
2023-11-02 00:45:00,174.47,174.5,173.97,174.4501,11609,2023-11-01
2023-11-02 00:50:00,174.44,174.44,174.402,174.402,590,2023-11-01
2023-11-02 00:55:00,174.4065,174.46,174.4,174.45,2362,2023-11-01
2023-11-02 01:00:00,174.4,174.4,174.36,174.36,2764,2023-11-01
2023-11-02 01:05:00,174.38,174.45,174.38,174.45,3249,2023-11-01
2023-11-02 01:10:00,174.47,174.54,174.47,174.54,1079,2023-11-01
2023-11-02 01:15:00,174.591,174.6,174.57,174.57,1439,2023-11-01
2023-11-02 01:20:00,174.5,174.5,174.46,174.5,1476,2023-11-01
2023-11-02 01:25:00,174.43,174.49,174.4,174.45,7108,2023-11-01
2023-11-02 01:30:00,174.4498,174.4498,174.4498,174.4498,338,2023-11-01
2023-11-02 01:35:00,174.45,174.51,174.4,174.5,3809,2023-11-01
2023-11-02 01:40:00,174.5615,174.6,174.5019,174.5873,6058,2023-11-01
2023-11-02 01:45:00,174.6,174.6,174.6,174.6,3208,2023-11-01
2023-11-02 01:50:00,174.6699,174.75,174.6699,174.74,10054,2023-11-01
2023-11-02 01:55:00,174.75,174.75,174.7,174.71,1625,2023-11-01
2023-11-02 02:00:00,174.7,174.84,174.7,174.84,5257,2023-11-01
2023-11-02 02:05:00,174.84,174.88,174.84,174.86,2791,2023-11-01
2023-11-02 02:10:00,174.85,175.01,174.82,175.01,9518,2023-11-01
2023-11-02 02:15:00,174.9,175.01,174.9,175.01,7376,2023-11-01
2023-11-02 02:20:00,175.02,175.05,174.88,174.88,2942,2023-11-01
2023-11-02 02:25:00,174.85,174.97,174.85,174.93,1199,2023-11-01
2023-11-02 02:30:00,174.9,174.9,174.74,174.81,2804,2023-11-01
2023-11-02 02:35:00,174.86,174.9,174.84,174.85,2085,2023-11-01
2023-11-02 02:40:00,174.88,174.96,174.86,174.92,5051,2023-11-01
2023-11-02 02:45:00,174.89,174.98,174.79,174.79,8629,2023-11-01
2023-11-02 02:50:00,174.83,174.86,174.8,174.8,6761,2023-11-01
2023-11-02 02:55:00,174.8,174.85,174.75,174.75,5610,2023-11-01
2023-11-02 11:00:00,174.99,175.1,174.88,174.88,10906,2023-11-02
2023-11-02 11:05:00,174.8,174.87,174.7,174.7,7159,2023-11-02
2023-11-02 11:10:00,174.74,174.74,174.74,174.74,722,2023-11-02
2023-11-02 11:15:00,174.87,174.87,174.87,174.87,1061,2023-11-02
2023-11-02 11:20:00,175,175.17,175,175.17,3940,2023-11-02
2023-11-02 11:25:00,175.17,175.23,175.15,175.15,4967,2023-11-02
2023-11-02 11:30:00,175.15,175.18,175.11,175.18,5745,2023-11-02
2023-11-02 11:35:00,175.06,175.09,175.02,175.02,1307,2023-11-02
2023-11-02 11:40:00,175.1,175.15,175.03,175.05,2932,2023-11-02
2023-11-02 11:45:00,175.07,175.12,175.06,175.12,786,2023-11-02
2023-11-02 11:50:00,175.1,175.2,175.1,175.18,4596,2023-11-02
2023-11-02 11:55:00,175.18,175.2,175.18,175.2,2557,2023-11-02
2023-11-02 12:00:00,175.21,175.31,175.18,175.29,7894,2023-11-02
2023-11-02 12:05:00,175.28,175.38,175.28,175.38,2105,2023-11-02
2023-11-02 12:10:00,175.46,175.49,175.45,175.47,4115,2023-11-02
2023-11-02 12:15:00,175.46,175.47,175.46,175.47,1525,2023-11-02
2023-11-02 12:20:00,175.47,175.47,175.43,175.45,6154,2023-11-02
2023-11-02 12:25:00,175.36,175.49,175.36,175.49,7428,2023-11-02
2023-11-02 12:30:00,175.5,175.63,175.48,175.56,3670,2023-11-02
2023-11-02 12:35:00,175.56,175.58,175.55,175.58,1087,2023-11-02
2023-11-02 12:40:00,175.55,175.55,175.45,175.45,6205,2023-11-02
2023-11-02 12:45:00,175.44,175.44,175.44,175.44,463,2023-11-02
2023-11-02 12:50:00,175.44,175.44,175.44,175.44,979,2023-11-02
2023-11-02 12:55:00,175.59,175.6,175.59,175.6,755,2023-11-02
2023-11-02 13:00:00,175.48,175.53,175.44,175.53,2576,2023-11-02
2023-11-02 13:05:00,175.63,175.66,175.61,175.66,1793,2023-11-02
2023-11-02 13:10:00,175.65,175.65,175.41,175.44,5574,2023-11-02
2023-11-02 13:15:00,175.44,175.6,175.44,175.57,2344,2023-11-02
2023-11-02 13:20:00,175.54,175.58,175.51,175.58,3332,2023-11-02
2023-11-02 13:25:00,175.5,175.5,175.44,175.47,3119,2023-11-02
2023-11-02 13:30:00,175.45,175.45,175.33,175.42,4332,2023-11-02
2023-11-02 13:35:00,175.46,175.57,175.46,175.54,1235,2023-11-02
2023-11-02 13:40:00,175.6,175.6,175.59,175.59,1326,2023-11-02
2023-11-02 13:50:00,175.55,175.65,175.55,175.63,2693,2023-11-02
2023-11-02 13:55:00,175.65,175.67,175.64,175.64,1820,2023-11-02
2023-11-02 14:00:00,175.66,175.86,175.56,175.8,22963,2023-11-02
2023-11-02 14:05:00,175.81,175.93,175.75,175.93,12886,2023-11-02
2023-11-02 14:10:00,175.9,175.9,175.74,175.76,14673,2023-11-02
2023-11-02 14:15:00,175.81,175.82,175.72,175.72,3622,2023-11-02
2023-11-02 14:20:00,175.72,175.76,175.67,175.7,8070,2023-11-02
2023-11-02 14:25:00,175.68,175.68,175.6,175.63,7027,2023-11-02
2023-11-02 14:30:00,175.64,175.64,175.51,175.51,8963,2023-11-02
2023-11-02 14:35:00,175.58,175.75,175.58,175.75,9551,2023-11-02
2023-11-02 14:40:00,175.75,175.79,175.71,175.76,3003,2023-11-02
2023-11-02 14:45:00,175.77,175.88,175.77,175.8,12424,2023-11-02
2023-11-02 14:50:00,175.8,175.8,175.65,175.7,8488,2023-11-02
2023-11-02 14:55:00,175.68,175.72,175.58,175.63,16244,2023-11-02
2023-11-02 15:00:00,175.6026,175.94,174.755,175.71,79962,2023-11-02
2023-11-02 15:05:00,175.7,175.8,175.65,175.8,23869,2023-11-02
2023-11-02 15:10:00,175.7997,175.85,175.68,175.79,23235,2023-11-02
2023-11-02 15:15:00,175.8227,175.8227,175.71,175.76,14474,2023-11-02
2023-11-02 15:20:00,175.75,175.94,175.75,175.93,29086,2023-11-02
2023-11-02 15:25:00,175.93,175.95,175.7,175.8,29262,2023-11-02
2023-11-02 15:30:00,175.8,176.3395,175.8,176.21,39382,2023-11-02
2023-11-02 15:35:00,176.24,176.49,176.15,176.4,52932,2023-11-02
2023-11-02 15:40:00,176.3818,176.4,176.3,176.38,24817,2023-11-02
2023-11-02 15:45:00,176.38,176.45,176.32,176.42,23838,2023-11-02
2023-11-02 15:50:00,176.42,176.8,176.4,176.6799,43811,2023-11-02
2023-11-02 15:55:00,176.65,176.79,176.4,176.48,31389,2023-11-02
2023-11-02 16:00:00,176.4,176.6,176.32,176.32,38396,2023-11-02
2023-11-02 16:05:00,176.32,176.35,176.2,176.28,37289,2023-11-02
2023-11-02 16:10:00,176.28,176.29,176.0315,176.15,34531,2023-11-02
2023-11-02 16:15:00,176.15,176.15,175.91,175.91,24999,2023-11-02
2023-11-02 16:20:00,175.88,175.88,175.7,175.72,38952,2023-11-02
2023-11-02 16:25:00,175.72,175.78,175.25,175.5,104836,2023-11-02
2023-11-02 16:30:00,175.52,176.27,175.46,175.94,2360064.0,2023-11-02
2023-11-02 16:35:00,175.945,176.33,175.79,176.2641,1017937.0,2023-11-02
2023-11-02 16:40:00,176.28,176.66,176.18,176.6367,1105683.0,2023-11-02
2023-11-02 16:45:00,176.63,176.63,176.19,176.57,933791,2023-11-02
2023-11-02 16:50:00,176.58,176.79,176.32,176.3791,992583,2023-11-02
2023-11-02 16:55:00,176.37,176.49,176.171,176.36,655599,2023-11-02
2023-11-02 17:00:00,176.35,176.64,176.23,176.2957,900720,2023-11-02
2023-11-02 17:05:00,176.29,176.55,176.14,176.2,765098,2023-11-02
2023-11-02 17:10:00,176.21,176.45,176.11,176.38,765942,2023-11-02
2023-11-02 17:15:00,176.38,176.63,176.34,176.54,612555,2023-11-02
2023-11-02 17:20:00,176.54,176.66,176.39,176.4362,574890,2023-11-02
2023-11-02 17:25:00,176.425,177.09,176.4,176.87,1009555.0,2023-11-02
2023-11-02 17:30:00,176.88,177.065,176.66,176.739,760206,2023-11-02
2023-11-02 17:35:00,176.74,177.37,176.62,177.32,1009987.0,2023-11-02
2023-11-02 17:40:00,177.31,177.54,177.28,177.4382,1047360.0,2023-11-02
2023-11-02 17:45:00,177.4382,177.49,176.99,177.08,770135,2023-11-02
2023-11-02 17:50:00,177.08,177.2299,176.97,177.115,507979,2023-11-02
2023-11-02 17:55:00,177.12,177.5,177.12,177.44,722015,2023-11-02
2023-11-02 18:00:00,177.44,177.66,177.361,177.56,956062,2023-11-02
2023-11-02 18:05:00,177.575,177.59,177.07,177.08,704458,2023-11-02
2023-11-02 18:10:00,177.08,177.37,176.9001,176.905,998672,2023-11-02
2023-11-02 18:15:00,176.9,177.15,176.62,177.06,954380,2023-11-02
2023-11-02 18:20:00,177.06,177.31,176.91,176.98,667951,2023-11-02
2023-11-02 18:25:00,176.97,177.0086,176.69,176.774,430385,2023-11-02
2023-11-02 18:30:00,176.77,176.968,176.75,176.9581,413974,2023-11-02
2023-11-02 18:35:00,176.96,177.1,176.925,177.045,456669,2023-11-02
2023-11-02 18:40:00,177.045,177.06,176.78,176.81,442294,2023-11-02
2023-11-02 18:45:00,176.805,176.82,176.54,176.58,511945,2023-11-02
2023-11-02 18:50:00,176.58,176.6783,176.4388,176.54,447859,2023-11-02
2023-11-02 18:55:00,176.55,176.82,176.5311,176.7986,455210,2023-11-02
2023-11-02 19:00:00,176.8,176.87,176.5,176.53,428363,2023-11-02
2023-11-02 19:05:00,176.525,176.75,176.41,176.7,504107,2023-11-02
2023-11-02 19:10:00,176.7099,176.92,176.6,176.68,451700,2023-11-02
2023-11-02 19:15:00,176.68,176.7,176.4426,176.6284,405582,2023-11-02
2023-11-02 19:20:00,176.62,177.07,176.56,177.0386,898397,2023-11-02
2023-11-02 19:25:00,177.035,177.09,176.84,176.98,596802,2023-11-02
2023-11-02 19:30:00,176.98,177.1,176.89,176.94,610537,2023-11-02
2023-11-02 19:35:00,176.94,177.13,176.85,177.051,463024,2023-11-02
2023-11-02 19:40:00,177.0401,177.0764,176.89,176.97,816356,2023-11-02
2023-11-02 19:45:00,176.98,177.1,176.94,177.05,439632,2023-11-02
2023-11-02 19:50:00,177.045,177.31,176.95,177.165,552264,2023-11-02
2023-11-02 19:55:00,177.16,177.315,176.94,176.975,499924,2023-11-02
2023-11-02 20:00:00,176.97,176.97,176.78,176.88,467554,2023-11-02
2023-11-02 20:05:00,176.88,177.12,176.86,177.12,328656,2023-11-02
2023-11-02 20:10:00,177.115,177.23,177.045,177.195,397288,2023-11-02
2023-11-02 20:15:00,177.185,177.27,177.1,177.1849,403972,2023-11-02
2023-11-02 20:20:00,177.185,177.27,177.16,177.225,412312,2023-11-02
2023-11-02 20:25:00,177.23,177.2747,177.08,177.088,432041,2023-11-02
2023-11-02 20:30:00,177.08,177.3352,177.08,177.28,448306,2023-11-02
2023-11-02 20:35:00,177.27,177.33,177.19,177.2889,383701,2023-11-02
2023-11-02 20:40:00,177.2833,177.2972,177.2,177.26,315417,2023-11-02
2023-11-02 20:45:00,177.26,177.32,177.16,177.2868,528542,2023-11-02
2023-11-02 20:50:00,177.28,177.46,177.2401,177.415,484595,2023-11-02
2023-11-02 20:55:00,177.4113,177.61,177.23,177.31,522445,2023-11-02
2023-11-02 21:00:00,177.3,177.3,177.09,177.21,473564,2023-11-02
2023-11-02 21:05:00,177.19,177.3599,177.145,177.275,407546,2023-11-02
2023-11-02 21:10:00,177.2783,177.4,177.13,177.335,746170,2023-11-02
2023-11-02 21:15:00,177.34,177.48,177.323,177.43,458209,2023-11-02
2023-11-02 21:20:00,177.4264,177.44,177.275,177.355,440050,2023-11-02
2023-11-02 21:25:00,177.355,177.38,177.23,177.3021,353307,2023-11-02
2023-11-02 21:30:00,177.31,177.34,177.19,177.205,430195,2023-11-02
2023-11-02 21:35:00,177.21,177.38,177.2,177.34,380268,2023-11-02
2023-11-02 21:40:00,177.35,177.475,177.3219,177.4175,447098,2023-11-02
2023-11-02 21:45:00,177.415,177.5,177.36,177.4266,505248,2023-11-02
2023-11-02 21:50:00,177.43,177.44,177.31,177.425,375182,2023-11-02
2023-11-02 21:55:00,177.43,177.49,177.35,177.455,423986,2023-11-02
2023-11-02 22:00:00,177.45,177.49,177.27,177.47,539732,2023-11-02
2023-11-02 22:05:00,177.4741,177.5,177.43,177.4799,685246,2023-11-02
2023-11-02 22:10:00,177.475,177.57,177.44,177.55,1034164.0,2023-11-02
2023-11-02 22:15:00,177.565,177.72,177.515,177.66,980526,2023-11-02
2023-11-02 22:20:00,177.66,177.6701,177.36,177.47,1024892.0,2023-11-02
2023-11-02 22:25:00,177.46,177.56,177.22,177.23,872537,2023-11-02
2023-11-02 22:30:00,177.235,177.48,177.21,177.455,1066462.0,2023-11-02
2023-11-02 22:35:00,177.455,177.54,177.41,177.505,1045210.0,2023-11-02
2023-11-02 22:40:00,177.505,177.53,177.25,177.3,1179931.0,2023-11-02
2023-11-02 22:45:00,177.295,177.51,177.17,177.39,1357838.0,2023-11-02
2023-11-02 22:50:00,177.39,177.77,177.3,177.5399,1998338.0,2023-11-02
2023-11-02 22:55:00,177.53,177.78,177.4763,177.78,2818852.0,2023-11-02
2023-11-02 23:00:00,177.57,177.9328,177.55,177.66,338913,2023-11-02
2023-11-02 23:05:00,177.67,178,177.57,177.91,510481,2023-11-02
2023-11-02 23:10:00,177.99,178.14,177.57,177.99,154722,2023-11-02
2023-11-02 23:15:00,178.04,178.15,177.35,177.8,160249,2023-11-02
2023-11-02 23:20:00,177.8,178.05,177.57,177.94,142248,2023-11-02
2023-11-02 23:25:00,177.9,178.15,177.82,178.03,131972,2023-11-02
2023-11-02 23:30:00,177.93,181.9,173.45,175,2163692.0,2023-11-02
2023-11-02 23:35:00,174.99,176.14,174.65,175.12,927213,2023-11-02
2023-11-02 23:40:00,175.12,177.57,175.05,175.8,489751,2023-11-02
2023-11-02 23:45:00,175.88,177.57,175.8,176.5,480528,2023-11-02
2023-11-02 23:50:00,176.5,176.5,175.55,176.07,226491,2023-11-02
2023-11-02 23:55:00,176.05,176.07,175.5,175.9,196918,2023-11-02
2023-11-03 00:00:00,175.9,176.5,175.7,176.2,258518,2023-11-02
2023-11-03 00:05:00,176.117,176.35,175.95,176.01,162526,2023-11-02
2023-11-03 00:10:00,176.01,176.2,175.6,175.65,165793,2023-11-02
2023-11-03 00:15:00,175.7,175.95,174.55,174.55,278803,2023-11-02
2023-11-03 00:20:00,174.5,175.7,169.77,170.49,1078765.0,2023-11-02
2023-11-03 00:25:00,170.49,172.9799,169.33,171.5,965083,2023-11-02
2023-11-03 00:30:00,171.5,171.87,170.51,171.34,487476,2023-11-02
2023-11-03 00:35:00,171.16,177.57,171,171.9,381861,2023-11-02
2023-11-03 00:40:00,171.9,172.3,171.25,171.41,287652,2023-11-02
2023-11-03 00:45:00,171.42,171.69,171.01,171.28,161807,2023-11-02
2023-11-03 00:50:00,171.28,171.37,171.1,171.19,92741,2023-11-02
2023-11-03 00:55:00,171.19,171.7,171.19,171.53,99582,2023-11-02
2023-11-03 01:00:00,171.56,172.28,171.11,172.1437,202523,2023-11-02
2023-11-03 01:05:00,172.14,172.14,171.46,171.55,98893,2023-11-02
2023-11-03 01:10:00,171.6,171.8,171.44,171.8,64255,2023-11-02
2023-11-03 01:15:00,171.8,172.45,171.8,172.3,98661,2023-11-02
2023-11-03 01:20:00,172.3,172.45,172.27,172.42,61614,2023-11-02
2023-11-03 01:25:00,172.45,172.88,172.45,172.7899,107882,2023-11-02
2023-11-03 01:30:00,172.7604,172.7604,172.53,172.57,40600,2023-11-02
2023-11-03 01:35:00,172.57,173.11,172.51,173.09,89488,2023-11-02
2023-11-03 01:40:00,173.05,173.05,172.61,172.74,55284,2023-11-02
2023-11-03 01:45:00,172.73,172.81,172.51,172.74,47504,2023-11-02
2023-11-03 01:50:00,172.74,172.9,172.6,172.61,46541,2023-11-02
2023-11-03 01:55:00,172.6,172.69,172.11,172.28,77219,2023-11-02
2023-11-03 02:00:00,172.16,172.36,172,172.15,56832,2023-11-02
2023-11-03 02:05:00,172.16,172.3,172,172.25,43920,2023-11-02
2023-11-03 02:10:00,172.3,172.38,171.88,171.88,41025,2023-11-02
2023-11-03 02:15:00,171.9,171.9,171.35,171.4005,87745,2023-11-02
2023-11-03 02:20:00,171.45,171.78,171.3,171.47,63110,2023-11-02
2023-11-03 02:25:00,171.47,171.7,171.4,171.58,33824,2023-11-02
2023-11-03 02:30:00,171.56,171.7,171.5,171.6,33076,2023-11-02
2023-11-03 02:35:00,171.57,171.6,171.51,171.54,19509,2023-11-02
2023-11-03 02:40:00,171.52,171.56,171.25,171.39,45422,2023-11-02
2023-11-03 02:45:00,171.35,171.55,171.2,171.4,61275,2023-11-02
2023-11-03 02:50:00,171.4,171.56,171.27,171.41,62439,2023-11-02
2023-11-03 02:55:00,171.4,171.57,171.35,171.57,65797,2023-11-02
2023-11-03 11:00:00,172.08,172.5,172.04,172.41,23195,2023-11-03
2023-11-03 11:05:00,172.4,172.5,172.1,172.1,24380,2023-11-03
2023-11-03 11:10:00,172.11,172.2,171.93,172.13,21684,2023-11-03
2023-11-03 11:15:00,172.23,172.25,172.01,172.01,7527,2023-11-03
2023-11-03 11:20:00,172.23,172.25,172.2,172.2,6680,2023-11-03
2023-11-03 11:25:00,172.28,172.31,172.27,172.27,2967,2023-11-03
2023-11-03 11:30:00,172.3,172.57,172.3,172.57,10916,2023-11-03
2023-11-03 11:35:00,172.59,172.63,172.4,172.4,7112,2023-11-03
2023-11-03 11:40:00,172.39,172.43,172.37,172.4,3356,2023-11-03
2023-11-03 11:45:00,172.51,172.55,171.99,172.1,21925,2023-11-03
2023-11-03 11:50:00,172.3,172.3,171.9,171.9,20230,2023-11-03
2023-11-03 11:55:00,171.9,171.9,171.51,171.6,16391,2023-11-03
2023-11-03 12:00:00,171.52,171.6,171.51,171.6,6548,2023-11-03
2023-11-03 12:05:00,171.74,171.8,171.62,171.8,5541,2023-11-03
2023-11-03 12:10:00,171.8,171.95,171.78,171.95,5546,2023-11-03
2023-11-03 12:15:00,171.99,171.99,171.76,171.8,4870,2023-11-03
2023-11-03 12:20:00,171.73,171.73,171.53,171.54,7020,2023-11-03
2023-11-03 12:25:00,171.52,171.65,171.5,171.6,9553,2023-11-03
2023-11-03 12:30:00,171.6,171.62,171.6,171.62,2292,2023-11-03
2023-11-03 12:35:00,171.62,171.65,171.62,171.65,1507,2023-11-03
2023-11-03 12:40:00,171.64,171.64,171.6,171.6,4240,2023-11-03
2023-11-03 12:45:00,171.6,171.6,171.54,171.6,3519,2023-11-03
2023-11-03 12:50:00,171.64,171.88,171.64,171.85,21424,2023-11-03
2023-11-03 12:55:00,171.88,172.11,171.85,172.02,8910,2023-11-03
2023-11-03 13:00:00,172.09,172.09,172.09,172.09,1042,2023-11-03
2023-11-03 13:05:00,172.19,172.2,172,172.2,6870,2023-11-03
2023-11-03 13:10:00,172.2,172.3,172.15,172.21,4803,2023-11-03
2023-11-03 13:15:00,172.22,172.22,172,172,7795,2023-11-03
2023-11-03 13:20:00,172.01,172.05,172.01,172.05,901,2023-11-03
2023-11-03 13:25:00,172.06,172.06,172.06,172.06,707,2023-11-03
2023-11-03 13:30:00,172.05,172.12,172.05,172.11,6421,2023-11-03
2023-11-03 13:35:00,172.08,172.11,172.07,172.11,2669,2023-11-03
2023-11-03 13:40:00,172.11,172.11,171.88,171.96,21744,2023-11-03
2023-11-03 13:45:00,171.96,172.05,171.9,172.05,6266,2023-11-03
2023-11-03 13:50:00,172.05,172.13,172.05,172.13,1473,2023-11-03
2023-11-03 14:00:00,172.02,172.34,172,172.34,45205,2023-11-03
2023-11-03 14:05:00,172.27,172.4,172.1,172.15,26380,2023-11-03
2023-11-03 14:10:00,172.15,172.2,172.05,172.05,30111,2023-11-03
2023-11-03 14:15:00,172.08,172.55,172.01,172.44,19788,2023-11-03
2023-11-03 14:20:00,172.49,172.7,172.4,172.69,40696,2023-11-03
2023-11-03 14:25:00,172.69,172.79,172.56,172.74,36443,2023-11-03
2023-11-03 14:30:00,172.75,173.3,172.67,173.3,96722,2023-11-03
2023-11-03 14:35:00,173.29,173.49,173.06,173.49,71516,2023-11-03
2023-11-03 14:40:00,173.49,173.82,173.38,173.62,72714,2023-11-03
2023-11-03 14:45:00,173.6,173.62,173.45,173.62,30899,2023-11-03
2023-11-03 14:50:00,173.6,173.75,173.42,173.63,32093,2023-11-03
2023-11-03 14:55:00,173.63,174.53,173.57,174.01,148731,2023-11-03
2023-11-03 15:00:00,172.02,174.5397,171.89,173.55,379924,2023-11-03
2023-11-03 15:05:00,173.55,173.7,173.55,173.6,48961,2023-11-03
2023-11-03 15:10:00,173.6,173.9,173.6,173.85,37712,2023-11-03
2023-11-03 15:15:00,173.85,173.95,173.83,173.83,72233,2023-11-03
2023-11-03 15:20:00,173.85,174.5,173.59,174.25,160223,2023-11-03
2023-11-03 15:25:00,174.25,174.55,174,174.4,214214,2023-11-03
2023-11-03 15:30:00,174.45,175.26,174.4,174.8,439525,2023-11-03
2023-11-03 15:35:00,174.8,174.95,174.7,174.91,221488,2023-11-03
2023-11-03 15:40:00,174.9,175.3,174.62,175.07,220961,2023-11-03
2023-11-03 15:45:00,175.1101,175.22,174.71,174.85,88627,2023-11-03
2023-11-03 15:50:00,174.8,174.85,174.33,174.38,151987,2023-11-03
2023-11-03 15:55:00,174.3993,174.55,173.76,174.06,274183,2023-11-03
2023-11-03 16:00:00,174.11,174.18,173.9,174.04,65560,2023-11-03
2023-11-03 16:05:00,174.1,174.1,173.61,173.7,109378,2023-11-03
2023-11-03 16:10:00,173.75,173.8,173.5,173.75,80032,2023-11-03
2023-11-03 16:15:00,173.8,174,173.57,173.79,77495,2023-11-03
2023-11-03 16:20:00,173.8,173.87,173.33,173.65,76124,2023-11-03
2023-11-03 16:25:00,173.71,174.5,173.71,174.26,124665,2023-11-03
2023-11-03 16:30:00,174.24,175.15,173.35,174.57,4810174.0,2023-11-03
2023-11-03 16:35:00,174.575,174.97,173.75,173.79,2539542.0,2023-11-03
2023-11-03 16:40:00,173.78,175.46,173.78,175.4592,2249389.0,2023-11-03
2023-11-03 16:45:00,175.45,176.15,175.36,175.582,2894375.0,2023-11-03
2023-11-03 16:50:00,175.5701,176.09,175.13,175.5501,2197361.0,2023-11-03
2023-11-03 16:55:00,175.56,176.4,175.35,175.35,2398447.0,2023-11-03
2023-11-03 17:00:00,175.36,175.8,175.02,175.09,1760894.0,2023-11-03
2023-11-03 17:05:00,175.09,175.2299,174.855,175.05,1313712.0,2023-11-03
2023-11-03 17:10:00,175.06,175.1,174.67,174.71,1216579.0,2023-11-03
2023-11-03 17:15:00,174.71,175.28,174.57,175.05,1374893.0,2023-11-03
2023-11-03 17:20:00,175.045,175.125,174.79,174.97,794225,2023-11-03
2023-11-03 17:25:00,174.99,175,174.46,174.71,1177297.0,2023-11-03
2023-11-03 17:30:00,174.7,175.35,174.66,174.9397,1175802.0,2023-11-03
2023-11-03 17:35:00,174.915,175.83,174.91,175.7237,1328369.0,2023-11-03
2023-11-03 17:40:00,175.73,175.82,175.36,175.379,822744,2023-11-03
2023-11-03 17:45:00,175.38,175.94,175.3329,175.8,810686,2023-11-03
2023-11-03 17:50:00,175.79,175.87,175.31,175.4131,858451,2023-11-03
2023-11-03 17:55:00,175.415,175.78,175.4,175.7201,803026,2023-11-03
2023-11-03 18:00:00,175.725,175.79,175.33,175.3599,738647,2023-11-03
2023-11-03 18:05:00,175.355,175.59,175.2787,175.2787,555808,2023-11-03
2023-11-03 18:10:00,175.28,175.45,175.11,175.288,630089,2023-11-03
2023-11-03 18:15:00,175.28,175.39,175.06,175.08,588233,2023-11-03
2023-11-03 18:20:00,175.08,175.2,174.98,175.0171,666040,2023-11-03
2023-11-03 18:25:00,175.0174,175.02,174.75,174.8,734032,2023-11-03
2023-11-03 18:30:00,174.8,175.3,174.6,175.295,861167,2023-11-03
2023-11-03 18:35:00,175.295,175.45,175.135,175.2644,515223,2023-11-03
2023-11-03 18:40:00,175.265,175.36,174.97,175.06,555497,2023-11-03
2023-11-03 18:45:00,175.06,175.35,175,175.282,479755,2023-11-03
2023-11-03 18:50:00,175.28,175.56,175.2799,175.3511,506365,2023-11-03
2023-11-03 18:55:00,175.355,175.68,175.34,175.4301,436843,2023-11-03
2023-11-03 19:00:00,175.44,175.48,175.309,175.34,316797,2023-11-03
2023-11-03 19:05:00,175.34,175.77,175.31,175.65,677413,2023-11-03
2023-11-03 19:10:00,175.6438,175.93,175.595,175.885,602530,2023-11-03
2023-11-03 19:15:00,175.89,176.11,175.83,176.0105,785837,2023-11-03
2023-11-03 19:20:00,176.015,176.39,176.01,176.34,983017,2023-11-03
2023-11-03 19:25:00,176.3413,176.49,176.25,176.34,850474,2023-11-03
2023-11-03 19:30:00,176.35,176.4391,176.23,176.26,619466,2023-11-03
2023-11-03 19:35:00,176.26,176.26,176.05,176.25,551670,2023-11-03
2023-11-03 19:40:00,176.25,176.42,176.2401,176.355,408944,2023-11-03
2023-11-03 19:45:00,176.35,176.45,176.2801,176.29,551766,2023-11-03
2023-11-03 19:50:00,176.29,176.31,175.91,175.9158,590698,2023-11-03
2023-11-03 19:55:00,175.92,176.27,175.89,176.1993,486391,2023-11-03
2023-11-03 20:00:00,176.1803,176.35,176.12,176.285,479877,2023-11-03
2023-11-03 20:05:00,176.29,176.42,176.05,176.0601,374250,2023-11-03
2023-11-03 20:10:00,176.065,176.15,175.97,175.975,362227,2023-11-03
2023-11-03 20:15:00,175.9799,176.17,175.96,176.015,364059,2023-11-03
2023-11-03 20:20:00,176.03,176.11,175.73,175.7501,362781,2023-11-03
2023-11-03 20:25:00,175.76,175.86,175.71,175.7679,381260,2023-11-03
2023-11-03 20:30:00,175.7617,175.89,175.5217,175.61,677836,2023-11-03
2023-11-03 20:35:00,175.615,175.625,175.45,175.54,469380,2023-11-03
2023-11-03 20:40:00,175.54,175.57,175.18,175.235,520437,2023-11-03
2023-11-03 20:45:00,175.235,175.52,175.23,175.51,506709,2023-11-03
2023-11-03 20:50:00,175.505,175.57,175.4,175.5497,403210,2023-11-03
2023-11-03 20:55:00,175.545,175.86,175.545,175.56,657428,2023-11-03
2023-11-03 21:00:00,175.56,175.59,175.28,175.315,353031,2023-11-03
2023-11-03 21:05:00,175.315,175.3564,175.07,175.215,496721,2023-11-03
2023-11-03 21:10:00,175.22,175.53,175.19,175.425,555281,2023-11-03
2023-11-03 21:15:00,175.42,175.6,175.41,175.5,359806,2023-11-03
2023-11-03 21:20:00,175.5079,175.58,175.47,175.54,373760,2023-11-03
2023-11-03 21:25:00,175.55,175.83,175.415,175.7899,649262,2023-11-03
2023-11-03 21:30:00,175.78,175.85,175.68,175.8485,424433,2023-11-03
2023-11-03 21:35:00,175.84,175.9,175.76,175.86,502039,2023-11-03
2023-11-03 21:40:00,175.865,176.08,175.85,176.0301,617299,2023-11-03
2023-11-03 21:45:00,176.04,176.2,176.01,176.1475,491991,2023-11-03
2023-11-03 21:50:00,176.145,176.24,176.04,176.165,506779,2023-11-03
2023-11-03 21:55:00,176.16,176.185,175.94,176.11,442161,2023-11-03
2023-11-03 22:00:00,176.11,176.24,176.01,176.24,421071,2023-11-03
2023-11-03 22:05:00,176.23,176.4675,176.09,176.1,709930,2023-11-03
2023-11-03 22:10:00,176.1,176.37,176.04,176.37,671557,2023-11-03
2023-11-03 22:15:00,176.365,176.39,176.11,176.1247,428860,2023-11-03
2023-11-03 22:20:00,176.125,176.23,176.075,176.085,456480,2023-11-03
2023-11-03 22:25:00,176.08,176.09,175.85,176.0401,789065,2023-11-03
2023-11-03 22:30:00,176.04,176.16,175.95,176.06,596127,2023-11-03
2023-11-03 22:35:00,176.06,176.22,175.9805,176.15,548401,2023-11-03
2023-11-03 22:40:00,176.155,176.3,176.09,176.16,755653,2023-11-03
2023-11-03 22:45:00,176.16,176.34,176.1,176.32,706447,2023-11-03
2023-11-03 22:50:00,176.32,176.71,176.27,176.6601,1805149.0,2023-11-03
2023-11-03 22:55:00,176.66,176.82,176.51,176.63,2672338.0,2023-11-03
2023-11-03 23:00:00,176.65,176.85,176.65,176.75,565515,2023-11-03
2023-11-03 23:05:00,176.73,176.82,176.65,176.65,133923,2023-11-03
2023-11-03 23:10:00,176.65,176.7,176.61,176.65,64616,2023-11-03
2023-11-03 23:15:00,176.66,176.75,176.65,176.73,23769,2023-11-03
2023-11-03 23:20:00,176.65,176.7693,176.65,176.73,85199,2023-11-03
2023-11-03 23:25:00,176.73,176.76,176.7,176.71,14470,2023-11-03
2023-11-03 23:30:00,176.71,176.72,176.65,176.66,35249,2023-11-03
2023-11-03 23:35:00,176.67,176.68,176.65,176.68,28957,2023-11-03
2023-11-03 23:40:00,176.69,176.69,176.66,176.69,5459,2023-11-03
2023-11-03 23:45:00,176.7,176.7,176.7,176.7,3030,2023-11-03
2023-11-03 23:50:00,176.7,176.77,176.65,176.77,26143,2023-11-03
2023-11-03 23:55:00,176.77,176.78,176.65,176.74,12915,2023-11-03
2023-11-04 00:00:00,176.7201,176.76,176.71,176.72,15451,2023-11-03
2023-11-04 00:05:00,176.72,176.78,176.71,176.78,13258,2023-11-03
2023-11-04 00:10:00,176.65,176.77,176.65,176.7406,13112,2023-11-03
2023-11-04 00:15:00,176.74,176.81,176.64,176.64,33612,2023-11-03
2023-11-04 00:20:00,176.68,176.73,176.65,176.65,21593,2023-11-03
2023-11-04 00:25:00,176.65,176.6773,176.64,176.64,10891,2023-11-03
2023-11-04 00:30:00,176.654,176.66,176.62,176.64,9969,2023-11-03
2023-11-04 00:35:00,176.64,176.66,176.62,176.62,5813,2023-11-03
2023-11-04 00:40:00,176.65,176.66,176.65,176.66,1504,2023-11-03
2023-11-04 00:45:00,176.65,176.66,176.65,176.65,3239,2023-11-03
2023-11-04 00:50:00,176.64,176.64,176.63,176.64,3369,2023-11-03
2023-11-04 00:55:00,176.65,176.65,176.64,176.64,302700,2023-11-03
2023-11-04 01:00:00,176.64,176.65,176.64,176.65,2972,2023-11-03
2023-11-04 01:05:00,176.65,176.67,176.65,176.67,1183,2023-11-03
2023-11-04 01:10:00,176.65,176.66,176.65,176.66,491,2023-11-03
2023-11-04 01:15:00,176.65,176.66,176.65,176.65,4378,2023-11-03
2023-11-04 01:20:00,176.65,176.65,176.65,176.65,992,2023-11-03
2023-11-04 01:25:00,176.66,176.67,176.66,176.66,1139,2023-11-03
2023-11-04 01:30:00,176.67,176.67,176.66,176.67,1888,2023-11-03
2023-11-04 01:35:00,176.67,176.68,176.67,176.68,1650,2023-11-03
2023-11-04 01:40:00,176.68,176.69,176.68,176.68,2343,2023-11-03
2023-11-04 01:45:00,176.68,176.68,176.65,176.65,2699,2023-11-03
2023-11-04 01:50:00,176.6918,176.6918,176.6918,176.6918,108,2023-11-03
2023-11-04 01:55:00,176.67,176.69,176.67,176.69,1547,2023-11-03
2023-11-04 02:00:00,176.69,176.69,176.69,176.69,1046,2023-11-03
2023-11-04 02:05:00,176.66,176.66,176.65,176.65,2008,2023-11-03
2023-11-04 02:10:00,176.68,176.68,176.65,176.65,831,2023-11-03
2023-11-04 02:15:00,176.65,176.66,176.65,176.66,1448,2023-11-03
2023-11-04 02:20:00,176.65,176.65,176.65,176.65,1844,2023-11-03
2023-11-04 02:25:00,176.65,176.66,176.61,176.66,14295,2023-11-03
2023-11-04 02:30:00,176.66,176.69,176.66,176.69,2153,2023-11-03
2023-11-04 02:35:00,176.68,176.68,176.66,176.66,563,2023-11-03
2023-11-04 02:40:00,176.66,176.7,176.66,176.66,2633,2023-11-03
2023-11-04 02:45:00,176.66,176.71,176.65,176.71,2388,2023-11-03
2023-11-04 02:50:00,176.7,176.7,176.64,176.66,8821,2023-11-03
2023-11-04 02:55:00,176.65,176.67,176.65,176.66,6002,2023-11-03
2023-11-06 12:00:00,177.03,177.08,177,177,5602,2023-11-06
2023-11-06 12:05:00,177.07,177.2,177.05,177.11,7706,2023-11-06
2023-11-06 12:10:00,177.04,177.11,177,177,9026,2023-11-06
2023-11-06 12:15:00,176.93,176.99,176.93,176.97,3476,2023-11-06
2023-11-06 12:20:00,176.91,176.91,176.75,176.79,10013,2023-11-06
2023-11-06 12:25:00,176.85,176.85,176.84,176.85,1123,2023-11-06
2023-11-06 12:30:00,176.91,176.91,176.91,176.91,280,2023-11-06
2023-11-06 12:35:00,176.9,176.9,176.9,176.9,2037,2023-11-06
2023-11-06 12:40:00,176.95,176.99,176.95,176.99,873,2023-11-06
2023-11-06 12:45:00,177.02,177.05,177,177.04,3454,2023-11-06
2023-11-06 12:50:00,176.99,177,176.94,176.94,1438,2023-11-06
2023-11-06 12:55:00,176.96,176.96,176.96,176.96,320,2023-11-06
2023-11-06 13:00:00,176.95,176.95,176.95,176.95,611,2023-11-06
2023-11-06 13:05:00,176.93,176.94,176.93,176.94,1080,2023-11-06
2023-11-06 13:10:00,176.95,176.98,176.95,176.98,1651,2023-11-06
2023-11-06 13:15:00,176.98,176.98,176.92,176.92,1222,2023-11-06
2023-11-06 13:20:00,176.97,176.97,176.93,176.93,1495,2023-11-06
2023-11-06 13:25:00,176.93,176.93,176.92,176.92,965,2023-11-06
2023-11-06 13:30:00,176.8,176.8,176.8,176.8,730,2023-11-06
2023-11-06 13:35:00,176.84,176.84,176.84,176.84,461,2023-11-06
2023-11-06 13:40:00,176.85,176.85,176.85,176.85,934,2023-11-06
2023-11-06 13:45:00,176.81,176.81,176.81,176.81,416,2023-11-06
2023-11-06 13:55:00,176.84,176.86,176.8,176.86,1348,2023-11-06
2023-11-06 14:00:00,176.79,176.79,176.78,176.78,962,2023-11-06
2023-11-06 14:05:00,176.78,176.82,176.74,176.75,3093,2023-11-06
2023-11-06 14:10:00,176.75,176.75,176.75,176.75,1925,2023-11-06
2023-11-06 14:15:00,176.74,176.74,176.74,176.74,354,2023-11-06
2023-11-06 14:20:00,176.66,176.66,176.66,176.66,760,2023-11-06
2023-11-06 14:25:00,176.68,176.68,176.58,176.6,3556,2023-11-06
2023-11-06 14:30:00,176.67,176.67,176.67,176.67,2409,2023-11-06
2023-11-06 14:35:00,176.69,176.71,176.69,176.71,554,2023-11-06
2023-11-06 14:40:00,176.72,176.75,176.72,176.75,1392,2023-11-06
2023-11-06 14:50:00,176.73,176.8,176.73,176.73,2901,2023-11-06
2023-11-06 14:55:00,176.8,176.83,176.8,176.83,2395,2023-11-06
2023-11-06 15:00:00,176.8,176.83,176.71,176.75,14139,2023-11-06
2023-11-06 15:05:00,176.74,176.76,176.6,176.66,11815,2023-11-06
2023-11-06 15:10:00,176.66,176.66,176.5,176.5,7020,2023-11-06
2023-11-06 15:15:00,176.54,176.57,176.52,176.55,4809,2023-11-06
2023-11-06 15:20:00,176.55,176.58,176.47,176.47,23881,2023-11-06
2023-11-06 15:25:00,176.47,176.47,176.36,176.36,14320,2023-11-06
2023-11-06 15:30:00,176.4,176.47,176.4,176.47,3944,2023-11-06
2023-11-06 15:35:00,176.48,176.66,176.48,176.55,21936,2023-11-06
2023-11-06 15:40:00,176.57,176.58,176.56,176.58,1203,2023-11-06
2023-11-06 15:45:00,176.55,176.56,176.48,176.51,17479,2023-11-06
2023-11-06 15:50:00,176.51,176.51,176.35,176.35,17571,2023-11-06
2023-11-06 15:55:00,176.35,176.41,176.32,176.41,6445,2023-11-06
2023-11-06 16:00:00,176.8,177.2,176.32,176.3201,124984,2023-11-06
2023-11-06 16:05:00,176.32,176.32,176.21,176.25,18760,2023-11-06
2023-11-06 16:10:00,176.24,176.3,176.2,176.25,2195660.0,2023-11-06
2023-11-06 16:15:00,176.25,176.25,176.11,176.15,24837,2023-11-06
2023-11-06 16:20:00,176.17,176.2,176.07,176.18,23531,2023-11-06
2023-11-06 16:25:00,176.1,176.2455,176.0701,176.19,14883,2023-11-06
2023-11-06 16:30:00,176.2499,176.28,176.2,176.24,20475,2023-11-06
2023-11-06 16:35:00,176.25,176.25,176.19,176.21,17856,2023-11-06
2023-11-06 16:40:00,176.2654,176.2669,176.21,176.23,15298,2023-11-06
2023-11-06 16:45:00,176.2499,176.2691,176.2,176.22,18719,2023-11-06
2023-11-06 16:50:00,176.24,176.39,176.23,176.35,11914,2023-11-06
2023-11-06 16:55:00,176.34,176.36,176.22,176.3,18255,2023-11-06
2023-11-06 17:00:00,176.23,176.49,176.23,176.47,16801,2023-11-06
2023-11-06 17:05:00,176.48,176.58,176.34,176.36,29547,2023-11-06
2023-11-06 17:10:00,176.4167,176.4167,176.28,176.32,11990,2023-11-06
2023-11-06 17:15:00,176.35,176.5,176.31,176.46,20660,2023-11-06
2023-11-06 17:20:00,176.46,176.5,176.38,176.4,16199,2023-11-06
2023-11-06 17:25:00,176.34,176.55,176.01,176.35,109527,2023-11-06
2023-11-06 17:30:00,176.38,177.35,176.21,177.15,2953575.0,2023-11-06
2023-11-06 17:35:00,177.185,178.18,176.77,177.835,2230989.0,2023-11-06
2023-11-06 17:40:00,177.84,178.03,177.6,177.74,1609839.0,2023-11-06
2023-11-06 17:45:00,177.75,178.565,177.62,178.355,1813968.0,2023-11-06
2023-11-06 17:50:00,178.36,178.75,178.32,178.625,1434122.0,2023-11-06
2023-11-06 17:55:00,178.6299,178.75,178.27,178.58,1018953.0,2023-11-06
2023-11-06 18:00:00,178.59,178.86,178.1491,178.36,1303011.0,2023-11-06
2023-11-06 18:05:00,178.35,178.58,178.24,178.45,871782,2023-11-06
2023-11-06 18:10:00,178.47,178.47,177.9,178.06,975240,2023-11-06
2023-11-06 18:15:00,178.07,178.28,178.07,178.205,803566,2023-11-06
2023-11-06 18:20:00,178.21,178.345,177.94,177.99,787190,2023-11-06
2023-11-06 18:25:00,177.99,178.435,177.94,178.26,701551,2023-11-06
2023-11-06 18:30:00,178.26,178.5115,178.21,178.32,585383,2023-11-06
2023-11-06 18:35:00,178.32,178.7701,178.3,178.7701,639068,2023-11-06
2023-11-06 18:40:00,178.7701,179.06,178.76,178.767,1159566.0,2023-11-06
2023-11-06 18:45:00,178.77,178.78,178.252,178.4,808113,2023-11-06
2023-11-06 18:50:00,178.4,178.6981,178.39,178.62,536809,2023-11-06
2023-11-06 18:55:00,178.6314,178.78,178.585,178.755,398325,2023-11-06
2023-11-06 19:00:00,178.75,178.97,178.72,178.97,674696,2023-11-06
2023-11-06 19:05:00,178.96,179.29,178.95,179.265,964089,2023-11-06
2023-11-06 19:10:00,179.26,179.33,179.03,179.33,624780,2023-11-06
2023-11-06 19:15:00,179.32,179.42,179.21,179.35,545218,2023-11-06
2023-11-06 19:20:00,179.345,179.43,179.09,179.21,623282,2023-11-06
2023-11-06 19:25:00,179.21,179.2971,179.005,179.09,619636,2023-11-06
2023-11-06 19:30:00,179.09,179.135,178.85,178.9452,559642,2023-11-06
2023-11-06 19:35:00,178.95,178.99,178.8,178.9398,392392,2023-11-06
2023-11-06 19:40:00,178.94,179.06,178.87,178.98,362934,2023-11-06
2023-11-06 19:45:00,178.9778,179.17,178.86,178.955,444579,2023-11-06
2023-11-06 19:50:00,178.96,179.27,178.94,179.2499,469316,2023-11-06
2023-11-06 19:55:00,179.245,179.39,179.18,179.26,519102,2023-11-06
2023-11-06 20:00:00,179.255,179.265,179.09,179.13,405691,2023-11-06
2023-11-06 20:05:00,179.13,179.155,178.93,179.03,569547,2023-11-06
2023-11-06 20:10:00,179.035,179.05,178.81,178.969,374145,2023-11-06
2023-11-06 20:15:00,178.97,179,178.71,178.7483,346155,2023-11-06
2023-11-06 20:20:00,178.7501,178.84,178.73,178.8155,289780,2023-11-06
2023-11-06 20:25:00,178.82,178.92,178.7987,178.8899,292887,2023-11-06
2023-11-06 20:30:00,178.885,178.91,178.64,178.6657,319392,2023-11-06
2023-11-06 20:35:00,178.67,178.9,178.67,178.8999,311248,2023-11-06
2023-11-06 20:40:00,178.9,179.06,178.84,178.975,574747,2023-11-06
2023-11-06 20:45:00,178.97,179.01,178.7571,178.87,353532,2023-11-06
2023-11-06 20:50:00,178.87,178.88,178.65,178.745,448717,2023-11-06
2023-11-06 20:55:00,178.745,178.899,178.745,178.89,320030,2023-11-06
2023-11-06 21:00:00,178.89,178.8936,178.535,178.57,403763,2023-11-06
2023-11-06 21:05:00,178.57,178.67,178.375,178.4,384586,2023-11-06
2023-11-06 21:10:00,178.405,178.49,178.36,178.4501,340696,2023-11-06
2023-11-06 21:15:00,178.4509,178.52,178.145,178.145,572797,2023-11-06
2023-11-06 21:20:00,178.15,178.26,178.01,178.2492,592448,2023-11-06
2023-11-06 21:25:00,178.26,178.3499,178.18,178.33,288663,2023-11-06
2023-11-06 21:30:00,178.325,178.33,178.02,178.2701,389821,2023-11-06
2023-11-06 21:35:00,178.27,178.45,178.24,178.38,416410,2023-11-06
2023-11-06 21:40:00,178.39,178.435,178.255,178.3801,325742,2023-11-06
2023-11-06 21:45:00,178.38,178.3901,178.18,178.2899,258524,2023-11-06
2023-11-06 21:50:00,178.29,178.5,178.285,178.36,524572,2023-11-06
2023-11-06 21:55:00,178.37,178.395,178.26,178.3503,279918,2023-11-06
2023-11-06 22:00:00,178.36,178.48,178.22,178.35,311495,2023-11-06
2023-11-06 22:05:00,178.3439,178.37,178.17,178.2476,416138,2023-11-06
2023-11-06 22:10:00,178.24,178.34,178.1199,178.23,322975,2023-11-06
2023-11-06 22:15:00,178.235,178.45,178.195,178.44,305888,2023-11-06
2023-11-06 22:20:00,178.44,178.58,178.44,178.5401,337854,2023-11-06
2023-11-06 22:25:00,178.54,178.765,178.53,178.7599,366444,2023-11-06
2023-11-06 22:30:00,178.75,178.8448,178.68,178.77,446964,2023-11-06
2023-11-06 22:35:00,178.79,178.87,178.71,178.835,356752,2023-11-06
2023-11-06 22:40:00,178.835,179.06,178.78,178.96,556365,2023-11-06
2023-11-06 22:45:00,178.95,179.13,178.94,178.945,491439,2023-11-06
2023-11-06 22:50:00,178.9499,179.19,178.93,179.135,449543,2023-11-06
2023-11-06 22:55:00,179.135,179.22,179.11,179.2101,463999,2023-11-06
2023-11-06 23:00:00,179.21,179.32,179.0901,179.145,560009,2023-11-06
2023-11-06 23:05:00,179.15,179.24,179.05,179.11,484420,2023-11-06
2023-11-06 23:10:00,179.105,179.28,179.1,179.24,495033,2023-11-06
2023-11-06 23:15:00,179.24,179.25,179.155,179.17,339041,2023-11-06
2023-11-06 23:20:00,179.17,179.18,179.08,179.15,385803,2023-11-06
2023-11-06 23:25:00,179.145,179.17,179.02,179.1,356769,2023-11-06
2023-11-06 23:30:00,179.11,179.18,178.945,179.0777,677978,2023-11-06
2023-11-06 23:35:00,179.07,179.1,178.96,179.09,480712,2023-11-06
2023-11-06 23:40:00,179.09,179.095,178.86,178.86,655297,2023-11-06
2023-11-06 23:45:00,178.86,178.88,178.7,178.79,914725,2023-11-06
2023-11-06 23:50:00,178.78,178.985,178.77,178.8264,1046472.0,2023-11-06
2023-11-06 23:55:00,178.82,179.33,178.81,179.29,2891494.0,2023-11-06
2023-11-07 00:00:00,179.23,179.28,179.1,179.19,3512008.0,2023-11-06
2023-11-07 00:05:00,179.18,179.27,179.15,179.1706,303433,2023-11-06
2023-11-07 00:10:00,179.19,179.23,179.13,179.17,47957,2023-11-06
2023-11-07 00:15:00,179.17,179.18,179.14,179.1401,5691,2023-11-06
2023-11-07 00:20:00,179.23,179.23,179.06,179.06,19033,2023-11-06
2023-11-07 00:25:00,179.06,179.06,179.03,179.0385,14155,2023-11-06
2023-11-07 00:30:00,179.03,179.03,178.9809,178.981,10023,2023-11-06
2023-11-07 00:35:00,178.9805,179.23,178.9706,178.9706,68388,2023-11-06
2023-11-07 00:40:00,178.97,179.09,178.97,179.05,4930,2023-11-06
2023-11-07 00:45:00,179.04,179.07,178.98,178.98,5614,2023-11-06
2023-11-07 00:50:00,179,179.01,179,179.01,1461,2023-11-06
2023-11-07 00:55:00,179,179.09,179,179.09,4610,2023-11-06
2023-11-07 01:00:00,179.09,179.16,179.04,179.04,15070,2023-11-06
2023-11-07 01:05:00,179.05,179.07,179.05,179.06,1813,2023-11-06
2023-11-07 01:10:00,179.05,179.05,179.05,179.05,630,2023-11-06
2023-11-07 01:15:00,179.05,179.08,179.05,179.0794,1209,2023-11-06
2023-11-07 01:20:00,179.08,179.08,179.05,179.0508,2791,2023-11-06
2023-11-07 01:25:00,179.07,179.07,179.05,179.05,4148,2023-11-06
2023-11-07 01:30:00,179.1,179.1,179.07,179.07,2846,2023-11-06
2023-11-07 01:35:00,179.07,179.07,179.05,179.05,806,2023-11-06
2023-11-07 01:40:00,179.05,179.08,179.05,179.08,997,2023-11-06
2023-11-07 01:45:00,179.05,179.1,179.05,179.05,1370,2023-11-06
2023-11-07 01:50:00,179.05,179.1,179.05,179.06,1948,2023-11-06
2023-11-07 01:55:00,179.1,179.1,179.05,179.06,974,2023-11-06
2023-11-07 02:00:00,179.07,179.07,179.05,179.05,392,2023-11-06
2023-11-07 02:05:00,179.06,179.06,179.05,179.05,1945,2023-11-06
2023-11-07 02:15:00,179.0362,179.0362,179,179,4424,2023-11-06
2023-11-07 02:20:00,178.97,178.98,178.92,178.92,3143,2023-11-06
2023-11-07 02:25:00,178.94,178.95,178.91,178.93,1685,2023-11-06
2023-11-07 02:30:00,178.93,178.94,178.91,178.92,2212,2023-11-06
2023-11-07 02:35:00,178.92,178.92,178.92,178.92,137,2023-11-06
2023-11-07 02:40:00,178.93,178.93,178.93,178.93,514,2023-11-06
2023-11-07 02:45:00,178.95,178.95,178.92,178.9203,5344,2023-11-06
2023-11-07 02:50:00,178.99,178.99,178.91,178.91,489,2023-11-06
2023-11-07 02:55:00,178.91,178.98,178.91,178.98,3357,2023-11-06
2023-11-07 03:00:00,178.95,178.95,178.94,178.94,342,2023-11-06
2023-11-07 03:05:00,178.95,178.95,178.9,178.9,3094,2023-11-06
2023-11-07 03:15:00,178.94,178.95,178.94,178.95,350,2023-11-06
2023-11-07 03:20:00,178.96,178.96,178.96,178.96,1064,2023-11-06
2023-11-07 03:25:00,178.97,178.97,178.97,178.97,734,2023-11-06
2023-11-07 03:30:00,178.95,178.95,178.95,178.95,528,2023-11-06
2023-11-07 03:35:00,178.98,178.98,178.98,178.98,515,2023-11-06
2023-11-07 03:40:00,178.96,178.96,178.96,178.96,185,2023-11-06
2023-11-07 03:45:00,178.97,178.97,178.92,178.9499,1901,2023-11-06
2023-11-07 03:50:00,178.93,178.93,178.88,178.9,3705,2023-11-06
2023-11-07 03:55:00,178.9,178.98,178.85,178.98,4524,2023-11-06
2023-11-07 12:00:00,178.88,178.88,178.73,178.79,3510,2023-11-07
2023-11-07 12:05:00,178.8,178.8,178.79,178.79,496,2023-11-07
2023-11-07 12:10:00,178.8,178.8,178.77,178.77,1496,2023-11-07
2023-11-07 12:15:00,178.74,178.74,178.7,178.7,1313,2023-11-07
2023-11-07 12:20:00,178.6,178.6,178.6,178.6,1261,2023-11-07
2023-11-07 12:30:00,178.52,178.52,178.47,178.47,959,2023-11-07
2023-11-07 12:40:00,178.5,178.51,178.5,178.5,911,2023-11-07
2023-11-07 12:45:00,178.5,178.5,178.5,178.5,548,2023-11-07
2023-11-07 13:00:00,178.4,178.4,178.4,178.4,1168,2023-11-07
2023-11-07 13:10:00,178.4,178.4,178.4,178.4,697,2023-11-07
2023-11-07 13:15:00,178.45,178.45,178.43,178.43,2090,2023-11-07
2023-11-07 13:20:00,178.52,178.52,178.52,178.52,347,2023-11-07
2023-11-07 13:25:00,178.55,178.68,178.54,178.68,1120,2023-11-07
2023-11-07 13:40:00,178.55,178.55,178.55,178.55,882,2023-11-07
2023-11-07 13:45:00,178.45,178.45,178.45,178.45,1274,2023-11-07
2023-11-07 13:50:00,178.46,178.49,178.46,178.49,804,2023-11-07
2023-11-07 14:10:00,178.5,178.5,178.47,178.47,1481,2023-11-07
2023-11-07 14:15:00,178.44,178.44,178.41,178.41,944,2023-11-07
2023-11-07 14:20:00,178.39,178.39,178.39,178.39,978,2023-11-07
2023-11-07 14:25:00,178.41,178.41,178.38,178.38,1564,2023-11-07
2023-11-07 14:30:00,178.35,178.35,178.22,178.22,20854,2023-11-07
2023-11-07 14:35:00,178.25,178.33,178.22,178.22,9416,2023-11-07
2023-11-07 14:40:00,178.29,178.33,178.29,178.33,807,2023-11-07
2023-11-07 14:45:00,178.3,178.3,178.3,178.3,463,2023-11-07
2023-11-07 14:50:00,178.3,178.3,178.3,178.3,133,2023-11-07
2023-11-07 14:55:00,178.34,178.41,178.34,178.41,1424,2023-11-07
2023-11-07 15:00:00,178.5,178.5,178.45,178.45,7148,2023-11-07
2023-11-07 15:05:00,178.49,178.49,178.33,178.33,7932,2023-11-07
2023-11-07 15:10:00,178.45,178.53,178.45,178.48,4925,2023-11-07
2023-11-07 15:15:00,178.51,178.64,178.51,178.64,5427,2023-11-07
2023-11-07 15:20:00,178.65,178.66,178.56,178.56,2983,2023-11-07
2023-11-07 15:25:00,178.56,178.6,178.56,178.59,2126,2023-11-07
2023-11-07 15:30:00,178.6,178.6,178.6,178.6,429,2023-11-07
2023-11-07 15:35:00,178.56,178.56,178.53,178.53,1263,2023-11-07
2023-11-07 15:40:00,178.51,178.51,178.5,178.5,2138,2023-11-07
2023-11-07 15:45:00,178.5,178.51,178.47,178.47,1863,2023-11-07
2023-11-07 15:50:00,178.56,178.56,178.52,178.52,2210,2023-11-07
2023-11-07 15:55:00,178.57,178.69,178.56,178.66,4052,2023-11-07
2023-11-07 16:00:00,178.48,178.83,178.36,178.83,50063,2023-11-07
2023-11-07 16:05:00,178.87,178.9,178.84,178.89,2146965.0,2023-11-07
2023-11-07 16:10:00,178.9,178.94,178.83,178.83,12223,2023-11-07
2023-11-07 16:15:00,178.82,178.88,178.82,178.85,3175,2023-11-07
2023-11-07 16:20:00,178.89,178.89,178.71,178.71,8010,2023-11-07
2023-11-07 16:25:00,178.75,178.75,178.6801,178.72,5340,2023-11-07
2023-11-07 16:30:00,178.76,178.87,178.76,178.84,5456,2023-11-07
2023-11-07 16:35:00,178.86,178.97,178.77,178.9,15584,2023-11-07
2023-11-07 16:40:00,178.85,178.86,178.7856,178.8361,9690,2023-11-07
2023-11-07 16:45:00,178.84,178.9,178.79,178.9,10497,2023-11-07
2023-11-07 16:50:00,178.8,178.81,178.74,178.74,3750,2023-11-07
2023-11-07 16:55:00,178.83,178.87,178.8097,178.85,10691,2023-11-07
2023-11-07 17:00:00,178.85,178.87,178.85,178.86,10642,2023-11-07
2023-11-07 17:05:00,178.86,178.86,178.72,178.78,14776,2023-11-07
2023-11-07 17:10:00,178.75,178.8263,178.65,178.819,20483,2023-11-07
2023-11-07 17:15:00,178.82,179.08,178.82,179,59061,2023-11-07
2023-11-07 17:20:00,179,179.1,178.92,178.92,33444,2023-11-07
2023-11-07 17:25:00,178.85,179.23,178.82,179.23,55892,2023-11-07
2023-11-07 17:30:00,179.18,179.71,178.97,179.03,2175242.0,2023-11-07
2023-11-07 17:35:00,179.045,179.8,179.04,179.675,1143791.0,2023-11-07
2023-11-07 17:40:00,179.675,180,179.67,179.7319,1959572.0,2023-11-07
2023-11-07 17:45:00,179.73,179.73,179.08,179.41,999383,2023-11-07
2023-11-07 17:50:00,179.4,180.025,179.38,180.025,909869,2023-11-07
2023-11-07 17:55:00,180.03,180.53,180.02,180.195,1412309.0,2023-11-07
2023-11-07 18:00:00,180.19,180.62,180.19,180.575,960358,2023-11-07
2023-11-07 18:05:00,180.57,180.68,180.23,180.26,877712,2023-11-07
2023-11-07 18:10:00,180.255,180.42,180.2335,180.29,810757,2023-11-07
2023-11-07 18:15:00,180.28,180.44,180.14,180.35,740075,2023-11-07
2023-11-07 18:20:00,180.34,180.55,180.2108,180.545,921530,2023-11-07
2023-11-07 18:25:00,180.54,180.82,180.52,180.71,764233,2023-11-07
2023-11-07 18:30:00,180.695,180.99,180.685,180.92,950389,2023-11-07
2023-11-07 18:35:00,180.91,180.99,180.69,180.76,809524,2023-11-07
2023-11-07 18:40:00,180.765,180.91,180.645,180.795,508270,2023-11-07
2023-11-07 18:45:00,180.805,180.8099,180.53,180.7068,576735,2023-11-07
2023-11-07 18:50:00,180.705,180.92,180.66,180.882,574191,2023-11-07
2023-11-07 18:55:00,180.875,181.27,180.87,181.215,1240132.0,2023-11-07
2023-11-07 19:00:00,181.215,181.34,181.08,181.31,693888,2023-11-07
2023-11-07 19:05:00,181.31,181.44,181.23,181.2914,529247,2023-11-07
2023-11-07 19:10:00,181.295,181.445,181.18,181.4001,498841,2023-11-07
2023-11-07 19:15:00,181.408,181.435,181.175,181.26,450136,2023-11-07
2023-11-07 19:20:00,181.265,181.415,181.255,181.3903,455777,2023-11-07
2023-11-07 19:25:00,181.393,181.595,181.393,181.455,902949,2023-11-07
2023-11-07 19:30:00,181.455,181.56,181.2,181.5521,516501,2023-11-07
2023-11-07 19:35:00,181.55,181.6,181.43,181.5703,484133,2023-11-07
2023-11-07 19:40:00,181.575,181.64,181.35,181.3699,438177,2023-11-07
2023-11-07 19:45:00,181.3612,181.395,181.18,181.29,578025,2023-11-07
2023-11-07 19:50:00,181.3,181.43,181.24,181.42,352023,2023-11-07
2023-11-07 19:55:00,181.4299,181.57,181.3727,181.47,387626,2023-11-07
2023-11-07 20:00:00,181.48,181.49,181.0801,181.14,636119,2023-11-07
2023-11-07 20:05:00,181.15,181.33,181.08,181.285,427614,2023-11-07
2023-11-07 20:10:00,181.29,181.34,181.24,181.335,289369,2023-11-07
2023-11-07 20:15:00,181.34,181.34,180.52,181.1328,2209822.0,2023-11-07
2023-11-07 20:20:00,181.1301,181.4,181.06,181.1401,794997,2023-11-07
2023-11-07 20:25:00,181.14,181.22,181.09,181.175,379004,2023-11-07
2023-11-07 20:30:00,181.175,181.39,180.935,181.2999,694642,2023-11-07
2023-11-07 20:35:00,181.29,181.39,181.25,181.34,317965,2023-11-07
2023-11-07 20:40:00,181.3399,181.36,181.25,181.325,205365,2023-11-07
2023-11-07 20:45:00,181.32,181.49,181.25,181.25,432118,2023-11-07
2023-11-07 20:50:00,181.25,181.4342,181.25,181.4034,317510,2023-11-07
2023-11-07 20:55:00,181.4,181.59,181.35,181.575,416987,2023-11-07
2023-11-07 21:00:00,181.58,181.84,181.525,181.76,646623,2023-11-07
2023-11-07 21:05:00,181.77,181.99,181.71,181.98,614720,2023-11-07
2023-11-07 21:10:00,181.98,182.16,181.93,181.945,1140250.0,2023-11-07
2023-11-07 21:15:00,181.9433,182.04,181.825,181.985,572996,2023-11-07
2023-11-07 21:20:00,181.98,182.0901,181.89,182.0848,480159,2023-11-07
2023-11-07 21:25:00,182.085,182.09,181.94,182.015,368857,2023-11-07
2023-11-07 21:30:00,182.0185,182.18,182.0131,182.0915,527808,2023-11-07
2023-11-07 21:35:00,182.095,182.12,181.99,182.1,409640,2023-11-07
2023-11-07 21:40:00,182.09,182.1,181.93,182,416511,2023-11-07
2023-11-07 21:45:00,182.01,182.1799,181.98,182.1799,415610,2023-11-07
2023-11-07 21:50:00,182.175,182.36,182.175,182.21,728773,2023-11-07
2023-11-07 21:55:00,182.22,182.44,182.1201,182.37,657785,2023-11-07
2023-11-07 22:00:00,182.3702,182.43,182.315,182.33,349675,2023-11-07
2023-11-07 22:05:00,182.31,182.39,182.2,182.3789,413406,2023-11-07
2023-11-07 22:10:00,182.38,182.4,182.25,182.305,306737,2023-11-07
2023-11-07 22:15:00,182.3099,182.395,182.215,182.275,299261,2023-11-07
2023-11-07 22:20:00,182.275,182.3569,182.2245,182.285,295525,2023-11-07
2023-11-07 22:25:00,182.28,182.35,182.171,182.3409,398985,2023-11-07
2023-11-07 22:30:00,182.35,182.43,182.29,182.41,331655,2023-11-07
2023-11-07 22:35:00,182.42,182.43,182.3,182.33,367475,2023-11-07
2023-11-07 22:40:00,182.33,182.34,182.04,182.04,631396,2023-11-07
2023-11-07 22:45:00,182.0499,182.205,181.9601,182.0502,576784,2023-11-07
2023-11-07 22:50:00,182.06,182.13,181.9,181.985,416301,2023-11-07
2023-11-07 22:55:00,181.985,182.08,181.98,182.0401,307282,2023-11-07
2023-11-07 23:00:00,182.05,182.24,181.99,182.0015,470346,2023-11-07
2023-11-07 23:05:00,182.01,182.08,181.905,182.035,506072,2023-11-07
2023-11-07 23:10:00,182.035,182.14,182.01,182.03,348978,2023-11-07
2023-11-07 23:15:00,182.03,182.1,181.99,182.035,412700,2023-11-07
2023-11-07 23:20:00,182.03,182.265,181.9301,182.26,773227,2023-11-07
2023-11-07 23:25:00,182.265,182.29,182.17,182.195,371726,2023-11-07
2023-11-07 23:30:00,182.195,182.29,182.13,182.245,523920,2023-11-07
2023-11-07 23:35:00,182.24,182.3,182.125,182.29,549586,2023-11-07
2023-11-07 23:40:00,182.295,182.34,182.045,182.1,783758,2023-11-07
2023-11-07 23:45:00,182.09,182.14,181.77,181.91,1123016.0,2023-11-07
2023-11-07 23:50:00,181.92,182,181.575,181.62,1472829.0,2023-11-07
2023-11-07 23:55:00,181.615,181.96,181.55,181.88,3689378.0,2023-11-07
2023-11-08 00:00:00,181.87,181.94,181.82,181.89,1903904.0,2023-11-07
2023-11-08 00:05:00,181.89,181.89,181.7398,181.82,474739,2023-11-07
2023-11-08 00:10:00,181.81,181.86,181.7712,181.82,41200,2023-11-07
2023-11-08 00:15:00,181.8,181.82,181.71,181.75,10688,2023-11-07
2023-11-08 00:20:00,181.75,181.7899,181.74,181.7899,1174,2023-11-07
2023-11-08 00:25:00,181.76,181.82,181.73,181.82,489606,2023-11-07
2023-11-08 00:30:00,181.8,181.83,181.77,181.83,5083,2023-11-07
2023-11-08 00:35:00,181.8185,181.82,181.76,181.79,6710,2023-11-07
2023-11-08 00:40:00,181.7733,181.87,181.7733,181.83,4596,2023-11-07
2023-11-08 00:45:00,181.83,181.85,181.76,181.77,6521,2023-11-07
2023-11-08 00:50:00,181.78,181.85,181.77,181.85,3265,2023-11-07
2023-11-08 00:55:00,181.83,181.84,181.83,181.84,3196,2023-11-07
2023-11-08 01:00:00,181.86,181.86,181.86,181.86,379,2023-11-07
2023-11-08 01:05:00,181.84,181.84,181.83,181.84,3153,2023-11-07
2023-11-08 01:10:00,181.85,181.94,181.85,181.93,117313,2023-11-07
2023-11-08 01:15:00,181.9,181.92,181.9,181.9,5879,2023-11-07
2023-11-08 01:20:00,181.9,181.91,181.82,181.86,60080,2023-11-07
2023-11-08 01:25:00,181.86,181.86,181.83,181.85,4888,2023-11-07
2023-11-08 01:30:00,181.83,181.84,181.83,181.84,1113,2023-11-07
2023-11-08 01:35:00,181.83,181.85,181.83,181.85,518,2023-11-07
2023-11-08 01:40:00,181.83,181.89,181.82,181.89,5650,2023-11-07
2023-11-08 01:45:00,181.8301,181.8319,181.83,181.83,1419,2023-11-07
2023-11-08 01:50:00,181.82,181.82,181.82,181.82,254,2023-11-07
2023-11-08 01:55:00,181.83,181.87,181.83,181.83,1336,2023-11-07
2023-11-08 02:00:00,181.83,181.83,181.73,181.8,3813,2023-11-07
2023-11-08 02:05:00,181.82,181.83,181.82,181.82,1004,2023-11-07
2023-11-08 02:10:00,181.82,181.83,181.8,181.8,1113,2023-11-07
2023-11-08 02:15:00,181.8688,181.8699,181.83,181.8699,1013,2023-11-07
2023-11-08 02:20:00,181.87,181.88,181.84,181.87,2178,2023-11-07
2023-11-08 02:25:00,181.8501,181.8501,181.84,181.84,899,2023-11-07
2023-11-08 02:30:00,181.84,181.84,181.81,181.81,2378,2023-11-07
2023-11-08 02:35:00,181.82,181.94,181.82,181.94,5901,2023-11-07
2023-11-08 02:40:00,181.85,181.8844,181.84,181.84,1030,2023-11-07
2023-11-08 02:45:00,181.85,181.89,181.85,181.89,947,2023-11-07
2023-11-08 02:50:00,181.85,181.85,181.84,181.84,1812,2023-11-07
2023-11-08 02:55:00,181.87,181.89,181.85,181.89,2735,2023-11-07
2023-11-08 03:00:00,181.86,181.8999,181.86,181.86,709,2023-11-07
2023-11-08 03:05:00,181.84,181.91,181.84,181.91,876,2023-11-07
2023-11-08 03:10:00,181.88,181.88,181.88,181.88,187,2023-11-07
2023-11-08 03:15:00,181.87,181.95,181.87,181.95,4304,2023-11-07
2023-11-08 03:20:00,181.9,181.9,181.9,181.9,118,2023-11-07
2023-11-08 03:25:00,181.9,181.94,181.9,181.9,814,2023-11-07
2023-11-08 03:35:00,181.94,182,181.94,181.96,2748,2023-11-07
2023-11-08 03:40:00,181.9,181.93,181.8,181.8,4750,2023-11-07
2023-11-08 03:45:00,181.83,182,181.75,182,8041,2023-11-07
2023-11-08 03:50:00,182,182.05,182,182.02,6005,2023-11-07
2023-11-08 03:55:00,182.02,182.3,182.02,182.22,14752,2023-11-07
2023-11-08 12:00:00,181.86,181.86,181.71,181.77,3772,2023-11-08
2023-11-08 12:10:00,181.71,181.74,181.68,181.68,4777,2023-11-08
2023-11-08 12:15:00,181.66,181.66,181.66,181.66,546,2023-11-08
2023-11-08 12:20:00,181.7,181.71,181.68,181.68,2097,2023-11-08
2023-11-08 12:25:00,181.73,181.74,181.67,181.67,1778,2023-11-08
2023-11-08 12:30:00,181.67,181.68,181.67,181.68,322,2023-11-08
2023-11-08 12:35:00,181.74,181.74,181.73,181.73,1145,2023-11-08
2023-11-08 12:40:00,181.7,181.82,181.7,181.82,2557,2023-11-08
2023-11-08 12:45:00,181.84,181.84,181.84,181.84,768,2023-11-08
2023-11-08 12:50:00,181.9,181.93,181.9,181.93,3431,2023-11-08
2023-11-08 12:55:00,181.96,181.96,181.92,181.92,2106,2023-11-08
2023-11-08 13:00:00,181.88,181.88,181.88,181.88,1063,2023-11-08
2023-11-08 13:10:00,181.98,181.98,181.98,181.98,386,2023-11-08
2023-11-08 13:20:00,181.9,181.9,181.83,181.83,2714,2023-11-08
2023-11-08 13:30:00,181.93,181.94,181.91,181.91,7505,2023-11-08
2023-11-08 13:35:00,181.91,181.91,181.91,181.91,293,2023-11-08
2023-11-08 13:40:00,181.94,181.94,181.82,181.87,2106,2023-11-08
2023-11-08 13:45:00,181.94,181.94,181.94,181.94,455,2023-11-08
2023-11-08 13:55:00,181.93,181.93,181.87,181.9,4094,2023-11-08
2023-11-08 14:00:00,181.9,181.9,181.9,181.9,9519,2023-11-08
2023-11-08 14:05:00,181.9,181.9,181.81,181.81,2111,2023-11-08
2023-11-08 14:10:00,181.81,181.81,181.81,181.81,2064,2023-11-08
2023-11-08 14:15:00,181.81,181.83,181.81,181.83,592,2023-11-08
2023-11-08 14:20:00,181.81,181.89,181.81,181.82,1864,2023-11-08
2023-11-08 14:30:00,181.89,181.9,181.89,181.9,1717,2023-11-08
2023-11-08 14:35:00,181.9,181.9,181.83,181.83,2607,2023-11-08
2023-11-08 14:40:00,181.86,181.86,181.86,181.86,923,2023-11-08
2023-11-08 14:45:00,181.84,181.84,181.84,181.84,205,2023-11-08
2023-11-08 15:00:00,181.82,181.85,181.66,181.66,16909,2023-11-08
2023-11-08 15:05:00,181.69,181.71,181.64,181.64,7706,2023-11-08
2023-11-08 15:10:00,181.64,181.64,181.61,181.63,5681,2023-11-08
2023-11-08 15:15:00,181.67,181.69,181.67,181.69,506,2023-11-08
2023-11-08 15:20:00,181.75,181.8,181.74,181.8,4096,2023-11-08
2023-11-08 15:25:00,181.81,181.81,181.8,181.8,709,2023-11-08
2023-11-08 15:30:00,181.81,181.81,181.8,181.8,3905,2023-11-08
2023-11-08 15:35:00,181.78,181.78,181.77,181.77,1809,2023-11-08
2023-11-08 15:40:00,181.76,181.76,181.72,181.72,1504,2023-11-08
2023-11-08 15:45:00,181.78,181.78,181.74,181.74,2157,2023-11-08
2023-11-08 15:50:00,181.71,181.74,181.71,181.74,1419,2023-11-08
2023-11-08 15:55:00,181.74,181.85,181.74,181.85,3415,2023-11-08
2023-11-08 16:00:00,181.7,182.03,181.39,182,42262,2023-11-08
2023-11-08 16:05:00,182.02,182.06,181.93,182,29060,2023-11-08
2023-11-08 16:10:00,181.92,181.98,181.9,181.9499,6767,2023-11-08
2023-11-08 16:15:00,181.9,181.95,181.86,181.86,6796,2023-11-08
2023-11-08 16:20:00,181.93,181.98,181.91,181.95,2233,2023-11-08
2023-11-08 16:25:00,181.95,181.96,181.91,181.91,2609,2023-11-08
2023-11-08 16:30:00,181.96,181.96,181.9,181.9,4395,2023-11-08
2023-11-08 16:35:00,181.9,181.919,181.74,181.77,6594,2023-11-08
2023-11-08 16:40:00,181.76,181.76,181.54,181.6,28631,2023-11-08
2023-11-08 16:45:00,181.61,181.7,181.61,181.7,5544,2023-11-08
2023-11-08 16:50:00,181.7,181.7,181.6,181.61,3752,2023-11-08
2023-11-08 16:55:00,181.6003,181.6295,181.52,181.53,9240,2023-11-08
2023-11-08 17:00:00,181.56,181.69,181.51,181.69,17057,2023-11-08
2023-11-08 17:05:00,181.69,181.8199,181.68,181.8199,16385,2023-11-08
2023-11-08 17:10:00,181.8,181.86,181.8,181.85,17839,2023-11-08
2023-11-08 17:15:00,181.8309,181.97,181.8309,181.91,13087,2023-11-08
2023-11-08 17:20:00,181.91,181.99,181.9,181.9,14509,2023-11-08
2023-11-08 17:25:00,181.9,182.41,181.85,182.41,52150,2023-11-08
2023-11-08 17:30:00,182.35,183.31,182.18,183.21,2669118.0,2023-11-08
2023-11-08 17:35:00,183.22,183.2701,182.86,183.195,1135598.0,2023-11-08
2023-11-08 17:40:00,183.19,183.2,182.632,182.8219,1188408.0,2023-11-08
2023-11-08 17:45:00,182.835,183.26,182.83,183.105,1241790.0,2023-11-08
2023-11-08 17:50:00,183.1184,183.365,182.86,183.275,1098686.0,2023-11-08
2023-11-08 17:55:00,183.28,183.45,182.88,182.96,972207,2023-11-08
2023-11-08 18:00:00,182.98,183,182.2851,182.651,1416721.0,2023-11-08
2023-11-08 18:05:00,182.6501,182.931,182.57,182.86,741902,2023-11-08
2023-11-08 18:10:00,182.86,183.33,182.8101,183.0231,942913,2023-11-08
2023-11-08 18:15:00,183.02,183.03,182.65,182.87,725109,2023-11-08
2023-11-08 18:20:00,182.865,182.8928,182.56,182.74,576052,2023-11-08
2023-11-08 18:25:00,182.76,182.82,182.42,182.4985,673272,2023-11-08
2023-11-08 18:30:00,182.49,182.63,182.41,182.4699,588719,2023-11-08
2023-11-08 18:35:00,182.463,182.7796,182.31,182.5002,862540,2023-11-08
2023-11-08 18:40:00,182.51,182.97,182.48,182.97,623215,2023-11-08
2023-11-08 18:45:00,182.965,182.985,182.7883,182.93,473194,2023-11-08
2023-11-08 18:50:00,182.91,182.965,182.58,182.62,439918,2023-11-08
2023-11-08 18:55:00,182.625,182.82,182.54,182.58,449859,2023-11-08
2023-11-08 19:00:00,182.585,182.85,182.55,182.715,444162,2023-11-08
2023-11-08 19:05:00,182.7103,182.7582,182.43,182.44,391513,2023-11-08
2023-11-08 19:10:00,182.4471,182.6,182.425,182.515,417010,2023-11-08
2023-11-08 19:15:00,182.51,182.7,182.41,182.64,552862,2023-11-08
2023-11-08 19:20:00,182.64,182.645,182.09,182.22,540504,2023-11-08
2023-11-08 19:25:00,182.23,182.337,182,182.15,540223,2023-11-08
2023-11-08 19:30:00,182.15,182.31,182.06,182.175,601751,2023-11-08
2023-11-08 19:35:00,182.18,182.45,182.175,182.27,453353,2023-11-08
2023-11-08 19:40:00,182.27,182.39,182.1502,182.38,342531,2023-11-08
2023-11-08 19:45:00,182.38,182.5,182.23,182.26,344583,2023-11-08
2023-11-08 19:50:00,182.26,182.2699,182.03,182.1605,412061,2023-11-08
2023-11-08 19:55:00,182.165,182.21,182,182.01,400475,2023-11-08
2023-11-08 20:00:00,182.02,182.07,181.855,181.93,607716,2023-11-08
2023-11-08 20:05:00,181.94,182.07,181.59,181.66,563293,2023-11-08
2023-11-08 20:10:00,181.655,181.8902,181.6,181.81,339556,2023-11-08
2023-11-08 20:15:00,181.8,181.96,181.73,181.945,341285,2023-11-08
2023-11-08 20:20:00,181.94,182.08,181.9101,182.025,333710,2023-11-08
2023-11-08 20:25:00,182.01,182.1,181.8696,181.89,290877,2023-11-08
2023-11-08 20:30:00,181.9,181.97,181.74,181.95,395268,2023-11-08
2023-11-08 20:35:00,181.9401,182.18,181.8625,182.155,319391,2023-11-08
2023-11-08 20:40:00,182.15,182.29,182.12,182.22,502789,2023-11-08
2023-11-08 20:45:00,182.23,182.26,182.12,182.1901,237320,2023-11-08
2023-11-08 20:50:00,182.19,182.2099,182.06,182.165,286354,2023-11-08
2023-11-08 20:55:00,182.16,182.17,182.0201,182.1501,200838,2023-11-08
2023-11-08 21:00:00,182.16,182.41,182,182.27,417699,2023-11-08
2023-11-08 21:05:00,182.26,182.39,182.2399,182.365,305766,2023-11-08
2023-11-08 21:10:00,182.365,182.3688,182.22,182.2487,323189,2023-11-08
2023-11-08 21:15:00,182.245,182.36,182.17,182.2795,288454,2023-11-08
2023-11-08 21:20:00,182.28,182.44,182.185,182.335,322988,2023-11-08
2023-11-08 21:25:00,182.34,182.58,182.28,182.51,414806,2023-11-08
2023-11-08 21:30:00,182.51,182.5768,182.46,182.4899,255459,2023-11-08
2023-11-08 21:35:00,182.49,182.625,182.471,182.6089,249137,2023-11-08
2023-11-08 21:40:00,182.6,182.72,182.57,182.675,305792,2023-11-08
2023-11-08 21:45:00,182.68,182.71,182.6,182.7005,188522,2023-11-08
2023-11-08 21:50:00,182.71,182.7475,182.58,182.69,198128,2023-11-08
2023-11-08 21:55:00,182.695,182.695,182.51,182.5933,213406,2023-11-08
2023-11-08 22:00:00,182.59,182.755,182.53,182.6671,287958,2023-11-08
2023-11-08 22:05:00,182.67,182.79,182.652,182.77,279311,2023-11-08
2023-11-08 22:10:00,182.78,182.79,182.715,182.765,231994,2023-11-08
2023-11-08 22:15:00,182.785,182.89,182.76,182.7687,277715,2023-11-08
2023-11-08 22:20:00,182.77,182.79,182.71,182.7203,227644,2023-11-08
2023-11-08 22:25:00,182.72,182.84,182.67,182.775,384936,2023-11-08
2023-11-08 22:30:00,182.78,182.8345,182.65,182.72,331290,2023-11-08
2023-11-08 22:35:00,182.71,182.84,182.61,182.835,312526,2023-11-08
2023-11-08 22:40:00,182.835,182.85,182.6722,182.8,346033,2023-11-08
2023-11-08 22:45:00,182.79,182.8,182.66,182.665,258943,2023-11-08
2023-11-08 22:50:00,182.66,182.67,182.49,182.5701,482527,2023-11-08
2023-11-08 22:55:00,182.58,182.6,182.37,182.43,308552,2023-11-08
2023-11-08 23:00:00,182.43,182.54,182.41,182.53,281259,2023-11-08
2023-11-08 23:05:00,182.53,182.62,182.485,182.5212,357972,2023-11-08
2023-11-08 23:10:00,182.53,182.62,182.4401,182.585,843918,2023-11-08
2023-11-08 23:15:00,182.585,182.63,182.4801,182.565,382535,2023-11-08
2023-11-08 23:20:00,182.56,182.6899,182.5432,182.675,394544,2023-11-08
2023-11-08 23:25:00,182.675,182.79,182.65,182.785,458378,2023-11-08
2023-11-08 23:30:00,182.79,182.79,182.6225,182.655,408213,2023-11-08
2023-11-08 23:35:00,182.66,182.78,182.63,182.76,387302,2023-11-08
2023-11-08 23:40:00,182.7601,182.99,182.755,182.935,816143,2023-11-08
2023-11-08 23:45:00,182.93,183.01,182.7543,182.8,844262,2023-11-08
2023-11-08 23:50:00,182.79,182.9409,182.79,182.94,1059147.0,2023-11-08
2023-11-08 23:55:00,182.93,182.99,182.81,182.89,1816747.0,2023-11-08
2023-11-09 00:00:00,182.89,182.94,182.83,182.83,272310,2023-11-08
2023-11-09 00:05:00,182.85,182.89,182.85,182.87,120198,2023-11-08
2023-11-09 00:10:00,182.87,182.88,182.72,182.7309,11645,2023-11-08
2023-11-09 00:15:00,182.74,182.9,182.7302,182.9,14705,2023-11-08
2023-11-09 00:20:00,182.89,182.9,182.83,182.87,84906,2023-11-08
2023-11-09 00:25:00,182.88,182.88,182.85,182.87,4225,2023-11-08
2023-11-09 00:30:00,182.85,182.85,182.81,182.8299,1808,2023-11-08
2023-11-09 00:35:00,182.83,182.83,182.8,182.8296,2118,2023-11-08
2023-11-09 00:40:00,182.84,182.84,182.78,182.8,4110,2023-11-08
2023-11-09 00:45:00,182.8,182.89,182.72,182.89,24933,2023-11-08
2023-11-09 00:50:00,182.77,182.89,182.76,182.76,2491,2023-11-08
2023-11-09 00:55:00,182.78,182.8,182.76,182.77,2153,2023-11-08
2023-11-09 01:00:00,182.76,182.85,182.76,182.85,5180,2023-11-08
2023-11-09 01:05:00,182.86,182.89,182.84,182.84,2969,2023-11-08
2023-11-09 01:10:00,182.8,182.8,182.79,182.79,11330,2023-11-08
2023-11-09 01:15:00,182.8292,182.85,182.81,182.85,3363,2023-11-08
2023-11-09 01:20:00,182.85,182.86,182.8,182.8,6198,2023-11-08
2023-11-09 01:30:00,182.8,182.8,182.8,182.8,1032,2023-11-08
2023-11-09 01:35:00,182.8,182.81,182.8,182.81,434,2023-11-08
2023-11-09 01:40:00,182.79,182.79,182.79,182.79,305,2023-11-08
2023-11-09 01:45:00,182.77,182.8,182.77,182.78,1719,2023-11-08
2023-11-09 01:50:00,182.78,182.79,182.78,182.79,516,2023-11-08
2023-11-09 01:55:00,182.79,182.79,182.79,182.79,113,2023-11-08
2023-11-09 02:00:00,182.79,182.79,182.33,182.53,22476,2023-11-08
2023-11-09 02:05:00,182.6,182.64,182.5,182.56,4202,2023-11-08
2023-11-09 02:10:00,182.6,182.7,182.6,182.7,4134,2023-11-08
2023-11-09 02:25:00,182.62,182.62,182.51,182.51,836,2023-11-08
2023-11-09 02:30:00,182.6,182.66,182.6,182.66,613,2023-11-08
2023-11-09 02:35:00,182.61,182.64,182.61,182.64,943,2023-11-08
2023-11-09 02:40:00,182.6,182.6,182.55,182.59,5459,2023-11-08
2023-11-09 02:45:00,182.5898,182.59,182.55,182.55,1110,2023-11-08
2023-11-09 02:50:00,182.49,182.6,182.49,182.6,5696,2023-11-08
2023-11-09 02:55:00,182.6,182.6,182.54,182.6,1908,2023-11-08
2023-11-09 03:00:00,182.6,182.72,182.6,182.68,8908,2023-11-08
2023-11-09 03:05:00,182.59,182.59,182.59,182.59,1108,2023-11-08
2023-11-09 03:10:00,182.51,182.52,182.51,182.51,1588,2023-11-08
2023-11-09 03:15:00,182.51,182.51,182.48,182.48,2480,2023-11-08
2023-11-09 03:20:00,182.55,182.55,182.54,182.54,452,2023-11-08
2023-11-09 03:25:00,182.52,182.52,182.52,182.52,334,2023-11-08
2023-11-09 03:30:00,182.53,182.5495,182.53,182.5495,2077,2023-11-08
2023-11-09 03:35:00,182.5399,182.54,182.53,182.53,831,2023-11-08
2023-11-09 03:40:00,182.54,182.63,182.54,182.63,1778,2023-11-08
2023-11-09 03:45:00,182.54,182.54,182.48,182.51,3271,2023-11-08
2023-11-09 03:50:00,182.55,182.55,182.49,182.49,1370,2023-11-08
2023-11-09 03:55:00,182.4904,182.51,182.43,182.43,8678,2023-11-08
2023-11-09 12:00:00,182.69,182.69,182.24,182.32,5492,2023-11-09
2023-11-09 12:05:00,182.34,182.39,182.2,182.27,7481,2023-11-09
2023-11-09 12:10:00,182.27,182.34,182.26,182.32,3183,2023-11-09
2023-11-09 12:15:00,182.42,182.43,181.51,182.23,11388,2023-11-09
2023-11-09 12:20:00,182.15,182.24,182.15,182.17,2473,2023-11-09
2023-11-09 12:25:00,182.16,182.22,182.16,182.22,4324,2023-11-09
2023-11-09 12:30:00,182.26,182.26,182.16,182.16,708,2023-11-09
2023-11-09 12:35:00,182.16,182.16,182,182,4841,2023-11-09
2023-11-09 12:40:00,182.15,182.2,182.15,182.2,3451,2023-11-09
2023-11-09 12:45:00,182.16,182.16,182.15,182.15,507,2023-11-09
2023-11-09 12:50:00,182.1,182.13,182.05,182.05,2369,2023-11-09
2023-11-09 12:55:00,182.14,182.15,182.14,182.15,1550,2023-11-09
2023-11-09 13:05:00,182.11,182.11,182.1,182.1,1625,2023-11-09
2023-11-09 13:20:00,182.24,182.24,182.24,182.24,433,2023-11-09
2023-11-09 13:25:00,182.29,182.3,182.24,182.27,2778,2023-11-09
2023-11-09 13:30:00,182.3,182.3,182.3,182.3,234,2023-11-09
2023-11-09 13:40:00,182.38,182.4,182.34,182.4,3372,2023-11-09
2023-11-09 13:45:00,182.47,182.48,182.4,182.4,4845,2023-11-09
2023-11-09 13:50:00,182.4,182.4,182.4,182.4,774,2023-11-09
2023-11-09 14:00:00,182.34,182.34,182.34,182.34,1765,2023-11-09
2023-11-09 14:05:00,182.3,182.3,182.29,182.29,2110,2023-11-09
2023-11-09 14:10:00,182.21,182.21,182.21,182.21,1135,2023-11-09
2023-11-09 14:15:00,182.21,182.21,182.15,182.15,1566,2023-11-09
2023-11-09 14:20:00,182.14,182.14,182.14,182.14,550,2023-11-09
2023-11-09 14:25:00,182.15,182.15,182.12,182.12,1272,2023-11-09
2023-11-09 14:30:00,182.14,182.14,182.14,182.14,446,2023-11-09
2023-11-09 14:35:00,182.15,182.15,182.15,182.15,440,2023-11-09
2023-11-09 14:40:00,182.2,182.2,182.2,182.2,503,2023-11-09
2023-11-09 14:45:00,182.2,182.2,182.2,182.2,589,2023-11-09
2023-11-09 14:50:00,182.13,182.16,182.13,182.13,1092,2023-11-09
2023-11-09 14:55:00,182.13,182.13,182.11,182.11,295,2023-11-09
2023-11-09 15:00:00,182.22,182.4,182.2,182.3,6920,2023-11-09
2023-11-09 15:05:00,182.5,182.6,182.49,182.55,29725,2023-11-09
2023-11-09 15:10:00,182.5,182.5,182.5,182.5,365,2023-11-09
2023-11-09 15:15:00,182.47,182.47,182.41,182.41,2149,2023-11-09
2023-11-09 15:20:00,182.4,182.41,182.36,182.41,2949,2023-11-09
2023-11-09 15:25:00,182.4,182.4,182.36,182.38,1526,2023-11-09
2023-11-09 15:30:00,182.33,182.38,182.33,182.38,1826,2023-11-09
2023-11-09 15:35:00,182.38,182.38,182.31,182.31,1497,2023-11-09
2023-11-09 15:40:00,182.3,182.31,182.3,182.31,2600,2023-11-09
2023-11-09 15:45:00,182.36,182.36,182.36,182.36,378,2023-11-09
2023-11-09 15:50:00,182.39,182.41,182.39,182.41,1606,2023-11-09
2023-11-09 15:55:00,182.36,182.39,182.29,182.39,12285,2023-11-09
2023-11-09 16:00:00,182.6,182.8,182.16,182.4,32639,2023-11-09
2023-11-09 16:05:00,182.4,182.4,182.3,182.3,3619,2023-11-09
2023-11-09 16:10:00,182.3,182.31,182.25,182.25,7547,2023-11-09
2023-11-09 16:15:00,182.3,182.39,182.26,182.35,15119,2023-11-09
2023-11-09 16:20:00,182.37,182.4637,182.3,182.405,7688,2023-11-09
2023-11-09 16:25:00,182.36,182.49,182.36,182.4,8228,2023-11-09
2023-11-09 16:30:00,182.49,182.49,182.23,182.29,8969,2023-11-09
2023-11-09 16:35:00,182.3,182.43,182.29,182.4,10963,2023-11-09
2023-11-09 16:40:00,182.27,182.35,182.27,182.27,5680,2023-11-09
2023-11-09 16:45:00,182.2562,182.45,182.25,182.45,15089,2023-11-09
2023-11-09 16:50:00,182.39,182.46,182.39,182.46,3337,2023-11-09
2023-11-09 16:55:00,182.47,182.6486,182.47,182.6486,10115,2023-11-09
2023-11-09 17:00:00,182.6,182.62,182.5,182.5,10893,2023-11-09
2023-11-09 17:05:00,182.5,182.5,182.4029,182.46,9810,2023-11-09
2023-11-09 17:10:00,182.43,182.65,182.43,182.65,6656,2023-11-09
2023-11-09 17:15:00,182.6,182.67,182.6,182.67,9349,2023-11-09
2023-11-09 17:20:00,182.65,182.81,182.65,182.8,17392,2023-11-09
2023-11-09 17:25:00,182.78,183.1,182.6,182.98,64793,2023-11-09
2023-11-09 17:30:00,182.96,183.55,182.89,183.3608,1882470.0,2023-11-09
2023-11-09 17:35:00,183.35,183.3973,182.92,182.95,816638,2023-11-09
2023-11-09 17:40:00,182.96,183.24,182.8502,182.92,1006687.0,2023-11-09
2023-11-09 17:45:00,182.925,183.0723,182.74,182.94,781092,2023-11-09
2023-11-09 17:50:00,182.96,183.19,182.72,183.13,636394,2023-11-09
2023-11-09 17:55:00,183.13,183.31,183.042,183.299,608399,2023-11-09
2023-11-09 18:00:00,183.29,183.415,182.8,182.92,729768,2023-11-09
2023-11-09 18:05:00,182.92,183.19,182.6,182.775,684971,2023-11-09
2023-11-09 18:10:00,182.77,183.08,182.6601,183.07,484624,2023-11-09
2023-11-09 18:15:00,183.0626,183.1257,182.8701,182.9,618226,2023-11-09
2023-11-09 18:20:00,182.9,183.0498,182.845,182.99,514718,2023-11-09
2023-11-09 18:25:00,182.98,182.99,182.6,182.63,525525,2023-11-09
2023-11-09 18:30:00,182.635,182.71,182.48,182.54,559353,2023-11-09
2023-11-09 18:35:00,182.55,183.03,182.52,182.815,561281,2023-11-09
2023-11-09 18:40:00,182.81,183.11,182.6801,183.11,445344,2023-11-09
2023-11-09 18:45:00,183.1,183.13,182.98,183.04,377601,2023-11-09
2023-11-09 18:50:00,183.0402,183.34,183.0402,183.26,692949,2023-11-09
2023-11-09 18:55:00,183.2748,183.38,183.19,183.36,504432,2023-11-09
2023-11-09 19:00:00,183.35,183.5,183.325,183.485,573619,2023-11-09
2023-11-09 19:05:00,183.4812,183.73,183.47,183.73,874699,2023-11-09
2023-11-09 19:10:00,183.7238,183.82,183.6499,183.68,495332,2023-11-09
2023-11-09 19:15:00,183.685,183.81,183.64,183.68,588579,2023-11-09
2023-11-09 19:20:00,183.69,183.9797,183.66,183.78,744844,2023-11-09
2023-11-09 19:25:00,183.79,183.7999,183.52,183.535,429894,2023-11-09
2023-11-09 19:30:00,183.54,183.71,183.48,183.63,400060,2023-11-09
2023-11-09 19:35:00,183.635,183.7198,183.56,183.65,414148,2023-11-09
2023-11-09 19:40:00,183.6513,183.66,183.5,183.6046,385484,2023-11-09
2023-11-09 19:45:00,183.605,183.8,183.5528,183.77,505055,2023-11-09
2023-11-09 19:50:00,183.76,184.12,183.74,184.048,939486,2023-11-09
2023-11-09 19:55:00,184.05,184.0693,183.9,183.97,409365,2023-11-09
2023-11-09 20:00:00,183.97,183.99,183.64,183.645,428677,2023-11-09
2023-11-09 20:05:00,183.65,183.94,183.635,183.88,335213,2023-11-09
2023-11-09 20:10:00,183.88,183.895,183.6675,183.755,398475,2023-11-09
2023-11-09 20:15:00,183.75,183.776,183.5801,183.7,320712,2023-11-09
2023-11-09 20:20:00,183.7048,183.73,183.61,183.654,230028,2023-11-09
2023-11-09 20:25:00,183.65,183.6799,183.51,183.57,248471,2023-11-09
2023-11-09 20:30:00,183.58,183.7024,183.52,183.68,287843,2023-11-09
2023-11-09 20:35:00,183.685,183.76,183.54,183.5499,268174,2023-11-09
2023-11-09 20:40:00,183.55,183.75,183.535,183.74,359207,2023-11-09
2023-11-09 20:45:00,183.7399,183.89,183.6832,183.8287,426004,2023-11-09
2023-11-09 20:50:00,183.83,184.015,183.8266,183.97,405339,2023-11-09
2023-11-09 20:55:00,183.975,183.99,183.8301,183.93,282465,2023-11-09
2023-11-09 21:00:00,183.93,183.97,182.9,183.17,1070103.0,2023-11-09
2023-11-09 21:05:00,183.175,183.22,182.69,183.035,742335,2023-11-09
2023-11-09 21:10:00,183.04,183.52,182.96,183.4704,652442,2023-11-09
2023-11-09 21:15:00,183.48,183.48,183.27,183.335,362635,2023-11-09
2023-11-09 21:20:00,183.33,183.84,183.29,183.78,595641,2023-11-09
2023-11-09 21:25:00,183.77,183.83,183.1502,183.7,425191,2023-11-09
2023-11-09 21:30:00,183.7,183.7,183.4,183.6136,394704,2023-11-09
2023-11-09 21:35:00,183.6101,183.73,183.4005,183.4399,342055,2023-11-09
2023-11-09 21:40:00,183.44,183.51,183.165,183.36,360798,2023-11-09
2023-11-09 21:45:00,183.37,183.46,183.23,183.32,402103,2023-11-09
2023-11-09 21:50:00,183.3,183.31,183.08,183.15,1822948.0,2023-11-09
2023-11-09 21:55:00,183.15,183.35,182.99,183.1188,358660,2023-11-09
2023-11-09 22:00:00,183.11,183.11,182.5123,182.72,770866,2023-11-09
2023-11-09 22:05:00,182.7,182.9,182.43,182.89,534148,2023-11-09
2023-11-09 22:10:00,182.87,182.87,182.44,182.6,462025,2023-11-09
2023-11-09 22:15:00,182.6,182.6181,182.34,182.4,537155,2023-11-09
2023-11-09 22:20:00,182.395,182.88,182.39,182.81,477736,2023-11-09
2023-11-09 22:25:00,182.8,182.98,182.7305,182.82,327734,2023-11-09
2023-11-09 22:30:00,182.82,182.83,182.55,182.59,422673,2023-11-09
2023-11-09 22:35:00,182.585,182.7,182.34,182.55,403334,2023-11-09
2023-11-09 22:40:00,182.565,182.57,182.28,182.43,359842,2023-11-09
2023-11-09 22:45:00,182.45,182.6,182.442,182.56,326028,2023-11-09
2023-11-09 22:50:00,182.56,182.56,182.16,182.24,324840,2023-11-09
2023-11-09 22:55:00,182.2413,182.43,182.17,182.375,301319,2023-11-09
2023-11-09 23:00:00,182.37,182.38,182.02,182.11,543274,2023-11-09
2023-11-09 23:05:00,182.11,182.2,182.0201,182.165,414672,2023-11-09
2023-11-09 23:10:00,182.16,182.27,182.1,182.21,425519,2023-11-09
2023-11-09 23:15:00,182.21,182.24,181.87,182.09,1060132.0,2023-11-09
2023-11-09 23:20:00,182.0963,182.11,181.81,181.96,444885,2023-11-09
2023-11-09 23:25:00,181.96,182.14,181.82,181.86,480705,2023-11-09
2023-11-09 23:30:00,181.85,182.04,181.83,182.01,444922,2023-11-09
2023-11-09 23:35:00,182,182.13,181.88,181.935,515628,2023-11-09
2023-11-09 23:40:00,181.9377,182,181.845,181.92,500378,2023-11-09
2023-11-09 23:45:00,181.92,182.03,181.8399,181.9899,616625,2023-11-09
2023-11-09 23:50:00,181.99,182.22,181.99,182.16,1095708.0,2023-11-09
2023-11-09 23:55:00,182.16,182.48,182.13,182.44,1929056.0,2023-11-09
2023-11-10 00:00:00,182.4,182.5,182.21,182.4,278065,2023-11-09
2023-11-10 00:05:00,182.41,182.5,182.38,182.5,78143,2023-11-09
2023-11-10 00:10:00,182.5,182.64,182.41,182.58,24255,2023-11-09
2023-11-10 00:15:00,182.58,182.63,182.37,182.4,24185,2023-11-09
2023-11-10 00:20:00,182.41,182.55,182.33,182.49,60077,2023-11-09
2023-11-10 00:25:00,182.5,182.55,182.5,182.55,5025,2023-11-09
2023-11-10 00:30:00,182.53,182.6,182.41,182.48,195150,2023-11-09
2023-11-10 00:35:00,182.44,182.54,182.41,182.53,17168,2023-11-09
2023-11-10 00:40:00,182.53,182.58,182.5,182.5,3866,2023-11-09
2023-11-10 00:45:00,182.4701,182.55,182.46,182.53,8760,2023-11-09
2023-11-10 00:50:00,182.5,182.57,182.41,182.47,11565,2023-11-09
2023-11-10 00:55:00,182.5,182.56,182.47,182.49,908278,2023-11-09
2023-11-10 01:00:00,182.47,182.51,182.46,182.5,2065,2023-11-09
2023-11-10 01:05:00,182.45,182.55,182.45,182.55,6216,2023-11-09
2023-11-10 01:10:00,182.56,182.6,182.47,182.5,21581,2023-11-09
2023-11-10 01:15:00,182.45,182.5,182.45,182.45,1145,2023-11-09
2023-11-10 01:20:00,182.4506,182.5,182.4501,182.48,1669,2023-11-09
2023-11-10 01:25:00,182.5,182.55,182.5,182.55,922,2023-11-09
2023-11-10 01:30:00,182.52,182.52,182.46,182.46,1909,2023-11-09
2023-11-10 01:35:00,182.48,182.48,182.47,182.47,1764,2023-11-09
2023-11-10 01:40:00,182.47,182.48,182.45,182.48,6512,2023-11-09
2023-11-10 01:45:00,182.45,182.45,182.43,182.43,2954,2023-11-09
2023-11-10 01:50:00,182.4,182.41,182.34,182.35,6148,2023-11-09
2023-11-10 01:55:00,182.32,182.32,182.28,182.29,8936,2023-11-09
2023-11-10 02:00:00,182.28,182.4,182.24,182.24,6054,2023-11-09
2023-11-10 02:05:00,182.25,182.39,182.21,182.29,6594,2023-11-09
2023-11-10 02:10:00,182.2699,182.32,182.25,182.3,4623,2023-11-09
2023-11-10 02:15:00,182.2901,182.42,182.2901,182.33,27055,2023-11-09
2023-11-10 02:20:00,182.31,182.39,182.31,182.35,2829,2023-11-09
2023-11-10 02:25:00,182.35,182.39,182.3,182.39,8694,2023-11-09
2023-11-10 02:30:00,182.39,182.4,182.35,182.4,3126,2023-11-09
2023-11-10 02:35:00,182.4,182.4,182.33,182.38,1875,2023-11-09
2023-11-10 02:40:00,182.36,182.37,182.35,182.37,4753,2023-11-09
2023-11-10 02:45:00,182.4,182.43,182.32,182.39,6979,2023-11-09
2023-11-10 02:50:00,182.35,182.38,182.35,182.36,2442,2023-11-09
2023-11-10 02:55:00,182.37,182.38,182.35,182.35,7629,2023-11-09
2023-11-10 03:00:00,182.39,182.39,182.36,182.36,1221,2023-11-09
2023-11-10 03:05:00,182.34,182.34,182.34,182.34,308,2023-11-09
2023-11-10 03:10:00,182.37,182.37,182.35,182.35,1201,2023-11-09
2023-11-10 03:15:00,182.35,182.35,182.23,182.23,3431,2023-11-09
2023-11-10 03:20:00,182.23,182.23,182.23,182.23,1478,2023-11-09
2023-11-10 03:25:00,182.25,182.28,182.25,182.26,1736,2023-11-09
2023-11-10 03:30:00,182.26,182.26,182.12,182.17,2294,2023-11-09
2023-11-10 03:35:00,182.15,182.21,182.15,182.2,1301,2023-11-09
2023-11-10 03:40:00,182.21,182.29,182.21,182.24,1388,2023-11-09
2023-11-10 03:45:00,182.2,182.2,182.2,182.2,446,2023-11-09
2023-11-10 03:50:00,182.16,182.34,182.15,182.3,2732,2023-11-09
2023-11-10 03:55:00,182.49,182.49,182.35,182.38,1612,2023-11-09
2023-11-10 12:00:00,182.08,182.3,182.08,182.2,3722,2023-11-10
2023-11-10 12:05:00,182.23,182.24,182.21,182.24,1331,2023-11-10
2023-11-10 12:10:00,182.24,182.32,182.2,182.2,3290,2023-11-10
2023-11-10 12:15:00,181.99,181.99,181.91,181.91,1380,2023-11-10
2023-11-10 12:20:00,182,182,181.9,181.9,8558,2023-11-10
2023-11-10 12:25:00,181.83,181.87,181.83,181.87,1752,2023-11-10
2023-11-10 12:30:00,181.86,181.86,181.78,181.81,5391,2023-11-10
2023-11-10 12:35:00,181.87,181.87,181.87,181.87,1183,2023-11-10
2023-11-10 12:40:00,181.83,181.86,181.83,181.86,637,2023-11-10
2023-11-10 12:45:00,182,182.1,182,182.1,1942,2023-11-10
2023-11-10 12:50:00,182.17,182.29,182.17,182.29,1577,2023-11-10
2023-11-10 12:55:00,182.26,182.32,182.26,182.32,1697,2023-11-10
2023-11-10 13:00:00,182.17,182.17,182.17,182.17,638,2023-11-10
2023-11-10 13:05:00,182.1,182.1,182.1,182.1,549,2023-11-10
2023-11-10 13:10:00,182.12,182.12,182.12,182.12,1189,2023-11-10
2023-11-10 13:20:00,182.04,182.04,182,182,2057,2023-11-10
2023-11-10 13:30:00,181.94,181.94,181.92,181.92,522,2023-11-10
2023-11-10 13:35:00,181.96,181.96,181.92,181.92,1056,2023-11-10
2023-11-10 13:40:00,181.96,182.01,181.96,182.01,619,2023-11-10
2023-11-10 13:45:00,182,182.08,182,182.08,6135,2023-11-10
2023-11-10 13:55:00,182.16,182.16,182.16,182.16,1244,2023-11-10
2023-11-10 14:00:00,182.1,182.1,182.1,182.1,1006,2023-11-10
2023-11-10 14:05:00,182.17,182.17,182.17,182.17,506,2023-11-10
2023-11-10 14:10:00,182.1,182.1,182.08,182.08,4224,2023-11-10
2023-11-10 14:15:00,182.1,182.13,182.1,182.13,668,2023-11-10
2023-11-10 14:20:00,182.03,182.13,182.01,182.13,2526,2023-11-10
2023-11-10 14:30:00,182.02,182.02,181.96,181.96,1587,2023-11-10
2023-11-10 14:35:00,181.9,181.9,181.89,181.9,1089,2023-11-10
2023-11-10 14:40:00,181.89,181.91,181.89,181.91,310,2023-11-10
2023-11-10 14:45:00,181.92,181.93,181.92,181.93,905,2023-11-10
2023-11-10 14:50:00,181.95,181.95,181.95,181.95,265,2023-11-10
2023-11-10 14:55:00,181.94,182.04,181.94,182.04,810,2023-11-10
2023-11-10 15:00:00,182.05,182.15,182.04,182.15,2720,2023-11-10
2023-11-10 15:05:00,182.16,182.19,182.16,182.19,1503,2023-11-10
2023-11-10 15:10:00,182.19,182.21,182.19,182.2,3359,2023-11-10
2023-11-10 15:15:00,182.15,182.34,182.15,182.34,3862,2023-11-10
2023-11-10 15:20:00,182.31,182.33,182.28,182.28,6446,2023-11-10
2023-11-10 15:25:00,182.32,182.49,182.32,182.49,2022,2023-11-10
2023-11-10 15:30:00,182.48,182.55,182.45,182.55,3018,2023-11-10
2023-11-10 15:35:00,182.58,182.7,182.58,182.7,5375,2023-11-10
2023-11-10 15:40:00,182.72,182.8,182.72,182.8,11801,2023-11-10
2023-11-10 15:45:00,182.8,182.87,182.75,182.75,9490,2023-11-10
2023-11-10 15:50:00,182.74,182.75,182.74,182.75,2459,2023-11-10
2023-11-10 15:55:00,182.74,183,182.71,182.99,10981,2023-11-10
2023-11-10 16:00:00,182.07,182.9,181.71,182.78,39523,2023-11-10
2023-11-10 16:05:00,182.86,182.98,182.86,182.95,7484,2023-11-10
2023-11-10 16:10:00,182.95,182.98,182.9,182.98,1631,2023-11-10
2023-11-10 16:15:00,183,183.07,182.97,183,10663,2023-11-10
2023-11-10 16:20:00,183,183,182.85,183,5925,2023-11-10
2023-11-10 16:25:00,182.9798,182.98,182.8624,182.95,4523,2023-11-10
2023-11-10 16:30:00,182.9,183.01,182.882,183,7932,2023-11-10
2023-11-10 16:35:00,183,183.2,182.93,183.2,27419,2023-11-10
2023-11-10 16:40:00,183.18,183.3,183.06,183.29,24460,2023-11-10
2023-11-10 16:45:00,183.31,183.31,183.2,183.27,2702,2023-11-10
2023-11-10 16:50:00,183.25,183.45,183.25,183.4,25557,2023-11-10
2023-11-10 16:55:00,183.44,183.45,183.3,183.37,16800,2023-11-10
2023-11-10 17:00:00,183.3603,183.3603,183.26,183.3,12028,2023-11-10
2023-11-10 17:05:00,183.25,183.36,183.25,183.25,5810,2023-11-10
2023-11-10 17:10:00,183.3,183.44,183.28,183.44,17333,2023-11-10
2023-11-10 17:15:00,183.43,183.47,183.28,183.38,16261,2023-11-10
2023-11-10 17:20:00,183.35,183.42,183.33,183.4,12352,2023-11-10
2023-11-10 17:25:00,183.35,183.97,183.21,183.97,135961,2023-11-10
2023-11-10 17:30:00,183.97,184.46,183.67,184.2197,2558410.0,2023-11-10
2023-11-10 17:35:00,184.2112,184.56,184.0601,184.4837,1252689.0,2023-11-10
2023-11-10 17:40:00,184.49,184.75,184.32,184.74,1158259.0,2023-11-10
2023-11-10 17:45:00,184.74,184.79,184.39,184.565,989680,2023-11-10
2023-11-10 17:50:00,184.57,184.6969,184.295,184.31,854109,2023-11-10
2023-11-10 17:55:00,184.3,184.34,184.11,184.18,1003896.0,2023-11-10
2023-11-10 18:00:00,184.17,184.39,183.57,183.72,1163029.0,2023-11-10
2023-11-10 18:05:00,183.715,184.08,183.53,183.985,729035,2023-11-10
2023-11-10 18:10:00,183.98,184.18,183.885,184.06,609705,2023-11-10
2023-11-10 18:15:00,184.075,184.47,184.03,184.46,750426,2023-11-10
2023-11-10 18:20:00,184.45,184.49,184.05,184.215,758830,2023-11-10
2023-11-10 18:25:00,184.21,184.26,183.7,183.7799,685685,2023-11-10
2023-11-10 18:30:00,183.78,183.96,183.69,183.7,537984,2023-11-10
2023-11-10 18:35:00,183.71,183.93,183.615,183.865,528567,2023-11-10
2023-11-10 18:40:00,183.86,184.05,183.78,184.02,417440,2023-11-10
2023-11-10 18:45:00,184.03,184.29,183.97,184.042,606880,2023-11-10
2023-11-10 18:50:00,184.0422,184.275,183.93,184.185,425723,2023-11-10
2023-11-10 18:55:00,184.19,184.32,184.1234,184.32,691674,2023-11-10
2023-11-10 19:00:00,184.33,184.71,184.3,184.6917,841958,2023-11-10
2023-11-10 19:05:00,184.69,184.87,184.68,184.771,746687,2023-11-10
2023-11-10 19:10:00,184.775,184.94,184.695,184.905,546963,2023-11-10
2023-11-10 19:15:00,184.91,184.94,184.765,184.89,493271,2023-11-10
2023-11-10 19:20:00,184.89,184.91,184.76,184.825,448514,2023-11-10
2023-11-10 19:25:00,184.825,184.85,184.67,184.75,441562,2023-11-10
2023-11-10 19:30:00,184.76,184.77,184.59,184.59,352565,2023-11-10
2023-11-10 19:35:00,184.5939,184.66,184.43,184.565,422783,2023-11-10
2023-11-10 19:40:00,184.57,184.7499,184.52,184.7499,334329,2023-11-10
2023-11-10 19:45:00,184.75,184.7699,184.47,184.495,321743,2023-11-10
2023-11-10 19:50:00,184.4901,184.72,184.49,184.67,277578,2023-11-10
2023-11-10 19:55:00,184.67,184.75,184.62,184.73,260779,2023-11-10
2023-11-10 20:00:00,184.73,184.8361,184.66,184.805,420052,2023-11-10
2023-11-10 20:05:00,184.81,184.94,184.7801,184.91,401370,2023-11-10
2023-11-10 20:10:00,184.9101,184.96,184.855,184.9076,379331,2023-11-10
2023-11-10 20:15:00,184.9,184.97,184.8001,184.91,304670,2023-11-10
2023-11-10 20:20:00,184.905,184.97,184.87,184.96,417299,2023-11-10
2023-11-10 20:25:00,184.9603,185,184.9,184.94,376811,2023-11-10
2023-11-10 20:30:00,184.9401,185.18,184.88,185.0947,1429909.0,2023-11-10
2023-11-10 20:35:00,185.0856,185.31,185.08,185.3,738483,2023-11-10
2023-11-10 20:40:00,185.3,185.38,185.24,185.245,518214,2023-11-10
2023-11-10 20:45:00,185.24,185.2901,185.18,185.25,408194,2023-11-10
2023-11-10 20:50:00,185.25,185.42,185.22,185.35,558198,2023-11-10
2023-11-10 20:55:00,185.35,185.43,185.2837,185.2837,403589,2023-11-10
2023-11-10 21:00:00,185.28,185.4,185.24,185.389,345094,2023-11-10
2023-11-10 21:05:00,185.4,185.4,185.26,185.27,358891,2023-11-10
2023-11-10 21:10:00,185.26,185.38,185.215,185.29,420498,2023-11-10
2023-11-10 21:15:00,185.29,185.38,185.16,185.3661,327790,2023-11-10
2023-11-10 21:20:00,185.3626,185.5,185.3626,185.47,554711,2023-11-10
2023-11-10 21:25:00,185.48,185.51,185.4,185.405,415804,2023-11-10
2023-11-10 21:30:00,185.405,185.51,185.4,185.505,408547,2023-11-10
2023-11-10 21:35:00,185.5,185.6317,185.46,185.6,534142,2023-11-10
2023-11-10 21:40:00,185.6,185.82,185.6,185.7701,747843,2023-11-10
2023-11-10 21:45:00,185.77,185.83,185.7023,185.77,453548,2023-11-10
2023-11-10 21:50:00,185.77,185.7701,185.57,185.705,385903,2023-11-10
2023-11-10 21:55:00,185.705,185.81,185.665,185.7401,317462,2023-11-10
2023-11-10 22:00:00,185.75,185.8,185.7,185.735,265207,2023-11-10
2023-11-10 22:05:00,185.74,185.85,185.72,185.8431,415782,2023-11-10
2023-11-10 22:10:00,185.845,185.945,185.7631,185.8841,633432,2023-11-10
2023-11-10 22:15:00,185.88,185.93,185.79,185.9156,350778,2023-11-10
2023-11-10 22:20:00,185.915,185.975,185.88,185.8901,324010,2023-11-10
2023-11-10 22:25:00,185.9,185.92,185.835,185.85,321396,2023-11-10
2023-11-10 22:30:00,185.85,185.87,185.635,185.64,1293130.0,2023-11-10
2023-11-10 22:35:00,185.6365,185.73,185.58,185.705,486038,2023-11-10
2023-11-10 22:40:00,185.7091,185.82,185.67,185.7,446574,2023-11-10
2023-11-10 22:45:00,185.7,185.7299,185.6,185.6653,390067,2023-11-10
2023-11-10 22:50:00,185.68,185.76,185.66,185.7,246613,2023-11-10
2023-11-10 22:55:00,185.705,185.708,185.555,185.5801,366992,2023-11-10
2023-11-10 23:00:00,185.585,185.82,185.58,185.785,393681,2023-11-10
2023-11-10 23:05:00,185.785,185.81,185.68,185.73,348673,2023-11-10
2023-11-10 23:10:00,185.725,185.79,185.66,185.755,360113,2023-11-10
2023-11-10 23:15:00,185.75,186,185.73,185.98,678688,2023-11-10
2023-11-10 23:20:00,185.98,186.085,185.93,186.08,1224134.0,2023-11-10
2023-11-10 23:25:00,186.08,186.13,185.99,186.11,623830,2023-11-10
2023-11-10 23:30:00,186.11,186.1312,185.955,186.0422,700121,2023-11-10
2023-11-10 23:35:00,186.045,186.17,186.035,186.07,801563,2023-11-10
2023-11-10 23:40:00,186.075,186.12,185.972,186.12,782687,2023-11-10
2023-11-10 23:45:00,186.11,186.33,186.0925,186.275,1181119.0,2023-11-10
2023-11-10 23:50:00,186.28,186.5,186.25,186.37,1576184.0,2023-11-10
2023-11-10 23:55:00,186.37,186.565,186.33,186.34,4414260.0,2023-11-10
2023-11-11 00:00:00,186.32,186.51,186.3,186.32,790621,2023-11-10
2023-11-11 00:05:00,186.36,186.45,186.28,186.3,47549,2023-11-10
2023-11-11 00:10:00,186.31,186.41,186.26,186.34,72175,2023-11-10
2023-11-11 00:15:00,186.38,186.4,186.31,186.31,28549,2023-11-10
2023-11-11 00:20:00,186.4,186.4,186.28,186.28,24153,2023-11-10
2023-11-11 00:25:00,186.3,186.37,186.26,186.26,16483,2023-11-10
2023-11-11 00:30:00,186.25,186.32,186.2,186.2501,36917,2023-11-10
2023-11-11 00:35:00,186.25,186.4,186.01,186.22,126630,2023-11-10
2023-11-11 00:40:00,186.23,186.4,186.04,186.14,165569,2023-11-10
2023-11-11 00:45:00,186.13,186.2,186.03,186.12,25514,2023-11-10
2023-11-11 00:50:00,186.1,186.13,186.02,186.08,615130,2023-11-10
2023-11-11 00:55:00,186.08,186.15,186.02,186.11,23852,2023-11-10
2023-11-11 01:00:00,186.11,186.4,186.02,186.05,17926,2023-11-10
2023-11-11 01:05:00,186.06,186.1,186.02,186.1,65145,2023-11-10
2023-11-11 01:10:00,186.05,186.1,186.02,186.07,14780,2023-11-10
2023-11-11 01:15:00,186.04,186.09,186.0101,186.05,14810,2023-11-10
2023-11-11 01:20:00,186.09,186.1,186.02,186.02,4604,2023-11-10
2023-11-11 01:25:00,186.08,186.09,186,186,35024,2023-11-10
2023-11-11 01:30:00,186,186.07,185.94,186,9174,2023-11-10
2023-11-11 01:35:00,186.01,186.01,185.94,185.96,4730,2023-11-10
2023-11-11 01:40:00,186,186.01,185.95,185.99,3871,2023-11-10
2023-11-11 01:45:00,185.99,186.01,185.95,185.95,1168,2023-11-10
2023-11-11 01:50:00,185.96,186.01,185.96,185.99,10977,2023-11-10
2023-11-11 01:55:00,185.99,186.01,185.97,186.01,2816,2023-11-10
2023-11-11 02:00:00,186,186,186,186,902,2023-11-10
2023-11-11 02:05:00,185.9606,185.9897,185.95,185.9897,8503,2023-11-10
2023-11-11 02:10:00,185.97,186.02,185.97,186.02,3313,2023-11-10
2023-11-11 02:15:00,186.02,186.02,186,186.02,1294,2023-11-10
2023-11-11 02:20:00,186.04,186.08,186.02,186.07,5835,2023-11-10
2023-11-11 02:25:00,186.06,186.1,186.06,186.1,1043,2023-11-10
2023-11-11 02:30:00,186.08,186.08,186.04,186.04,723,2023-11-10
2023-11-11 02:40:00,186.06,186.06,186,186,1464,2023-11-10
2023-11-11 02:45:00,186,186,186,186,1779,2023-11-10
2023-11-11 02:50:00,186.03,186.07,186.03,186.07,1365,2023-11-10
2023-11-11 02:55:00,186,186.03,186,186.03,1057,2023-11-10
2023-11-11 03:00:00,186.03,186.03,186.03,186.03,179,2023-11-10
2023-11-11 03:05:00,186.01,186.01,186,186.01,1241,2023-11-10
2023-11-11 03:10:00,186,186.02,186,186.02,819,2023-11-10
2023-11-11 03:15:00,186.02,186.06,186.02,186.06,1975,2023-11-10
2023-11-11 03:20:00,186.07,186.11,186.06,186.11,3450,2023-11-10
2023-11-11 03:30:00,186.06,186.06,186.06,186.06,1221,2023-11-10
2023-11-11 03:35:00,186.06,186.06,186.04,186.04,3511,2023-11-10
2023-11-11 03:40:00,186.03,186.03,186,186.0299,3357,2023-11-10
2023-11-11 03:45:00,186,186.02,186,186.02,582,2023-11-10
2023-11-11 03:50:00,186.05,186.05,186.05,186.05,1157,2023-11-10
2023-11-11 03:55:00,186.02,186.26,186.02,186.26,6316,2023-11-10
2023-11-13 12:00:00,185.35,185.63,185.35,185.63,4829,2023-11-13
2023-11-13 12:05:00,185.56,185.58,185.48,185.58,6884,2023-11-13
2023-11-13 12:15:00,185.51,185.63,185.51,185.63,2811,2023-11-13
2023-11-13 12:20:00,185.66,185.7,185.66,185.7,1304,2023-11-13
2023-11-13 12:25:00,185.66,185.66,185.5,185.51,4056,2023-11-13
2023-11-13 12:50:00,185.59,185.61,185.59,185.61,1141,2023-11-13
2023-11-13 13:00:00,185.6,185.6,185.55,185.55,762,2023-11-13
2023-11-13 13:20:00,185.55,185.55,185.55,185.55,166,2023-11-13
2023-11-13 13:25:00,185.59,185.65,185.59,185.65,1633,2023-11-13
2023-11-13 13:30:00,185.64,185.65,185.64,185.65,785,2023-11-13
2023-11-13 13:35:00,185.65,185.7,185.64,185.64,1318,2023-11-13
2023-11-13 13:40:00,185.65,185.65,185.65,185.65,474,2023-11-13
2023-11-13 13:50:00,185.6,185.6,185.6,185.6,423,2023-11-13
2023-11-13 13:55:00,185.6,185.75,185.6,185.75,6330,2023-11-13
2023-11-13 14:00:00,185.74,185.75,185.69,185.7,3121,2023-11-13
2023-11-13 14:10:00,185.65,185.68,185.62,185.68,3954,2023-11-13
2023-11-13 14:15:00,185.61,185.61,185.58,185.58,1441,2023-11-13
2023-11-13 14:20:00,185.56,185.56,185.56,185.56,570,2023-11-13
2023-11-13 14:30:00,185.54,185.54,185.47,185.47,2081,2023-11-13
2023-11-13 14:35:00,185.54,185.6,185.52,185.54,4757,2023-11-13
2023-11-13 14:40:00,185.52,185.52,185.52,185.52,361,2023-11-13
2023-11-13 14:45:00,185.58,185.58,185.53,185.53,1097,2023-11-13
2023-11-13 14:50:00,185.6,185.62,185.6,185.62,1077,2023-11-13
2023-11-13 14:55:00,185.64,185.7,185.64,185.7,2592,2023-11-13
2023-11-13 15:00:00,185.7,186,185.7,186,43232,2023-11-13
2023-11-13 15:05:00,186.01,186.15,186.01,186.15,19145,2023-11-13
2023-11-13 15:10:00,186.17,186.2,186.07,186.15,22254,2023-11-13
2023-11-13 15:15:00,186.18,186.26,186.16,186.2,16021,2023-11-13
2023-11-13 15:20:00,186.16,186.21,186.06,186.06,5358,2023-11-13
2023-11-13 15:25:00,186.07,186.1,186.06,186.1,3375,2023-11-13
2023-11-13 15:30:00,186.13,186.18,186.1,186.18,6779,2023-11-13
2023-11-13 15:35:00,186.23,186.4,186.22,186.35,11627,2023-11-13
2023-11-13 15:40:00,186.35,186.39,186.24,186.27,8867,2023-11-13
2023-11-13 15:45:00,186.29,186.38,186.25,186.38,5656,2023-11-13
2023-11-13 15:50:00,186.25,186.3,186.1,186.1,6840,2023-11-13
2023-11-13 15:55:00,186.08,186.13,186.08,186.13,3513,2023-11-13
2023-11-13 16:00:00,185.7519,186.39,185.03,186.08,49458,2023-11-13
2023-11-13 16:05:00,186.06,186.19,186.05,186.19,5119,2023-11-13
2023-11-13 16:10:00,186.19,186.19,186.05,186.05,9719,2023-11-13
2023-11-13 16:15:00,186.01,186.06,185.95,186.06,12671,2023-11-13
2023-11-13 16:20:00,186.05,186.09,185.95,186.0792,15256,2023-11-13
2023-11-13 16:25:00,186.06,186.08,186,186,3274,2023-11-13
2023-11-13 16:30:00,186.09,186.16,186,186,15694,2023-11-13
2023-11-13 16:35:00,186,186,185.65,185.7,29315,2023-11-13
2023-11-13 16:40:00,185.72,185.76,185.63,185.64,13417,2023-11-13
2023-11-13 16:45:00,185.66,185.79,185.62,185.73,10872,2023-11-13
2023-11-13 16:50:00,185.74,185.77,185.65,185.65,15214,2023-11-13
2023-11-13 16:55:00,185.64,185.7,185.64,185.69,7836,2023-11-13
2023-11-13 17:00:00,185.7,185.82,185.7,185.7809,14771,2023-11-13
2023-11-13 17:05:00,185.7,185.7,185.64,185.65,10774,2023-11-13
2023-11-13 17:10:00,185.65,185.664,185.56,185.61,9998,2023-11-13
2023-11-13 17:15:00,185.63,185.63,185.6,185.6,7313,2023-11-13
2023-11-13 17:20:00,185.57,185.66,185.56,185.62,8515,2023-11-13
2023-11-13 17:25:00,185.61,185.93,185.52,185.77,35398,2023-11-13
2023-11-13 17:30:00,185.82,186.03,185.32,185.36,1687781.0,2023-11-13
2023-11-13 17:35:00,185.38,185.54,185.06,185.06,1057921.0,2023-11-13
2023-11-13 17:40:00,185.06,185.17,184.53,184.63,1280251.0,2023-11-13
2023-11-13 17:45:00,184.635,184.75,184.405,184.7,968312,2023-11-13
2023-11-13 17:50:00,184.695,184.8,184.27,184.415,956522,2023-11-13
2023-11-13 17:55:00,184.42,184.62,184.285,184.6,783850,2023-11-13
2023-11-13 18:00:00,184.6,184.6499,184.21,184.55,905562,2023-11-13
2023-11-13 18:05:00,184.55,184.82,184.525,184.755,675974,2023-11-13
2023-11-13 18:10:00,184.755,184.86,184.6599,184.805,671782,2023-11-13
2023-11-13 18:15:00,184.8,184.8,184.425,184.76,673659,2023-11-13
2023-11-13 18:20:00,184.75,184.785,184.55,184.57,507564,2023-11-13
2023-11-13 18:25:00,184.59,184.84,184.55,184.7661,414667,2023-11-13
2023-11-13 18:30:00,184.77,184.825,184.59,184.729,602085,2023-11-13
2023-11-13 18:35:00,184.72,184.735,184.39,184.459,610193,2023-11-13
2023-11-13 18:40:00,184.45,184.59,184.42,184.5386,377320,2023-11-13
2023-11-13 18:45:00,184.53,184.69,184.43,184.56,432619,2023-11-13
2023-11-13 18:50:00,184.56,184.93,184.52,184.87,504714,2023-11-13
2023-11-13 18:55:00,184.88,184.97,184.63,184.645,498475,2023-11-13
2023-11-13 19:00:00,184.64,184.97,184.64,184.8301,432524,2023-11-13
2023-11-13 19:05:00,184.82,184.95,184.78,184.91,405285,2023-11-13
2023-11-13 19:10:00,184.9,185.14,184.865,185.13,510917,2023-11-13
2023-11-13 19:15:00,185.12,185.125,184.77,184.94,637689,2023-11-13
2023-11-13 19:20:00,184.95,185.09,184.84,184.975,418408,2023-11-13
2023-11-13 19:25:00,184.985,185.07,184.92,184.96,318486,2023-11-13
2023-11-13 19:30:00,184.96,184.98,184.77,184.9001,338553,2023-11-13
2023-11-13 19:35:00,184.9,185.0388,184.84,184.97,455178,2023-11-13
2023-11-13 19:40:00,184.965,185.07,184.94,184.95,380549,2023-11-13
2023-11-13 19:45:00,184.94,185.135,184.9,184.95,439814,2023-11-13
2023-11-13 19:50:00,184.94,184.9487,184.73,184.755,334018,2023-11-13
2023-11-13 19:55:00,184.7502,184.865,184.74,184.79,318844,2023-11-13
2023-11-13 20:00:00,184.79,184.8961,184.72,184.82,1338637.0,2023-11-13
2023-11-13 20:05:00,184.82,184.88,184.66,184.665,285189,2023-11-13
2023-11-13 20:10:00,184.665,184.85,184.5,184.64,367169,2023-11-13
2023-11-13 20:15:00,184.63,184.69,184.56,184.56,241136,2023-11-13
2023-11-13 20:20:00,184.565,184.85,184.56,184.8,252094,2023-11-13
2023-11-13 20:25:00,184.81,184.82,184.525,184.565,328102,2023-11-13
2023-11-13 20:30:00,184.57,184.67,184.39,184.6599,344463,2023-11-13
2023-11-13 20:35:00,184.65,184.71,184.59,184.66,171164,2023-11-13
2023-11-13 20:40:00,184.661,184.78,184.6,184.7534,205598,2023-11-13
2023-11-13 20:45:00,184.75,184.7798,184.645,184.7,309094,2023-11-13
2023-11-13 20:50:00,184.7,184.85,184.695,184.82,214079,2023-11-13
2023-11-13 20:55:00,184.81,184.9,184.74,184.82,208114,2023-11-13
2023-11-13 21:00:00,184.82,184.82,184.65,184.66,186667,2023-11-13
2023-11-13 21:05:00,184.68,184.7403,184.63,184.65,148232,2023-11-13
2023-11-13 21:10:00,184.6494,184.835,184.6,184.825,185263,2023-11-13
2023-11-13 21:15:00,184.8,184.9299,184.8,184.8324,262270,2023-11-13
2023-11-13 21:20:00,184.839,184.8591,184.5486,184.74,241765,2023-11-13
2023-11-13 21:25:00,184.73,184.745,184.56,184.56,189207,2023-11-13
2023-11-13 21:30:00,184.57,184.63,184.46,184.5125,382439,2023-11-13
2023-11-13 21:35:00,184.5163,184.74,184.515,184.7201,198970,2023-11-13
2023-11-13 21:40:00,184.7299,184.86,184.68,184.85,249673,2023-11-13
2023-11-13 21:45:00,184.8517,184.98,184.85,184.925,283750,2023-11-13
2023-11-13 21:50:00,184.925,184.99,184.745,184.75,270502,2023-11-13
2023-11-13 21:55:00,184.755,184.8,184.68,184.7228,242458,2023-11-13
2023-11-13 22:00:00,184.7275,184.8,184.6,184.7579,272831,2023-11-13
2023-11-13 22:05:00,184.76,184.8,184.6759,184.76,180731,2023-11-13
2023-11-13 22:10:00,184.75,184.9,184.7,184.895,212126,2023-11-13
2023-11-13 22:15:00,184.895,184.95,184.86,184.9369,196003,2023-11-13
2023-11-13 22:20:00,184.935,185.01,184.91,184.99,294980,2023-11-13
2023-11-13 22:25:00,184.99,185.005,184.935,184.9901,197925,2023-11-13
2023-11-13 22:30:00,184.99,185,184.85,184.885,259111,2023-11-13
2023-11-13 22:35:00,184.8806,184.925,184.83,184.835,233221,2023-11-13
2023-11-13 22:40:00,184.83,184.98,184.78,184.94,307916,2023-11-13
2023-11-13 22:45:00,184.94,185,184.915,184.955,193490,2023-11-13
2023-11-13 22:50:00,184.95,184.9669,184.845,184.925,225077,2023-11-13
2023-11-13 22:55:00,184.93,185,184.92,184.95,330265,2023-11-13
2023-11-13 23:00:00,184.94,184.94,184.7299,184.87,268777,2023-11-13
2023-11-13 23:05:00,184.86,184.91,184.8,184.9079,371447,2023-11-13
2023-11-13 23:10:00,184.9,184.97,184.84,184.94,442559,2023-11-13
2023-11-13 23:15:00,184.9301,184.975,184.83,184.955,319727,2023-11-13
2023-11-13 23:20:00,184.955,185.05,184.95,185.04,477476,2023-11-13
2023-11-13 23:25:00,185.04,185.08,184.92,184.95,448829,2023-11-13
2023-11-13 23:30:00,184.96,184.965,184.7613,184.7915,347456,2023-11-13
2023-11-13 23:35:00,184.795,184.81,184.67,184.755,318180,2023-11-13
2023-11-13 23:40:00,184.755,184.975,184.72,184.92,568486,2023-11-13
2023-11-13 23:45:00,184.91,185.01,184.7312,184.845,494237,2023-11-13
2023-11-13 23:50:00,184.85,184.9,184.6105,184.7,882019,2023-11-13
2023-11-13 23:55:00,184.7,184.79,184.62,184.77,1812568.0,2023-11-13
2023-11-14 00:00:00,184.8,184.84,184.7203,184.81,375021,2023-11-13
2023-11-14 00:05:00,184.78,184.8,184.66,184.66,146095,2023-11-13
2023-11-14 00:10:00,184.65,184.8,184.6,184.78,33487,2023-11-13
2023-11-14 00:15:00,184.78,184.8,184.7401,184.75,6119,2023-11-13
2023-11-14 00:20:00,184.8,184.8,184.71,184.73,32419,2023-11-13
2023-11-14 00:25:00,184.71,184.81,184.71,184.81,6456,2023-11-13
2023-11-14 00:30:00,184.8198,184.83,184.77,184.77,5593,2023-11-13
2023-11-14 00:35:00,184.76,184.83,184.66,184.82,8456,2023-11-13
2023-11-14 00:40:00,184.82,184.82,184.78,184.8,2402,2023-11-13
2023-11-14 00:45:00,184.81,184.82,184.79,184.8,27405,2023-11-13
2023-11-14 00:50:00,184.8,184.81,184.77,184.78,1518316.0,2023-11-13
2023-11-14 00:55:00,184.75,184.75,184.72,184.72,2562,2023-11-13
2023-11-14 01:00:00,184.69,184.73,184.69,184.73,923,2023-11-13
2023-11-14 01:05:00,184.75,184.75,184.71,184.71,2534,2023-11-13
2023-11-14 01:10:00,184.73,184.75,184.73,184.73,1121,2023-11-13
2023-11-14 01:15:00,184.73,184.73,184.73,184.73,372,2023-11-13
2023-11-14 01:20:00,184.75,184.75,184.75,184.75,2513,2023-11-13
2023-11-14 01:25:00,184.75,184.7868,184.75,184.77,3454,2023-11-13
2023-11-14 01:30:00,184.75,184.7799,184.75,184.7799,2349,2023-11-13
2023-11-14 01:35:00,184.78,184.79,184.75,184.79,1640,2023-11-13
2023-11-14 01:40:00,184.76,184.76,184.75,184.75,1104,2023-11-13
2023-11-14 01:45:00,184.75,184.75,184.75,184.75,139,2023-11-13
2023-11-14 01:50:00,184.75,184.77,184.75,184.77,812,2023-11-13
2023-11-14 01:55:00,184.77,184.77,184.77,184.77,543,2023-11-13
2023-11-14 02:00:00,184.71,184.71,184.71,184.71,514,2023-11-13
2023-11-14 02:05:00,184.74,184.74,184.74,184.74,231,2023-11-13
2023-11-14 02:20:00,184.7201,184.75,184.7201,184.74,400,2023-11-13
2023-11-14 02:25:00,184.75,184.75,184.74,184.74,287,2023-11-13
2023-11-14 02:30:00,184.75,184.75,184.75,184.75,793,2023-11-13
2023-11-14 02:40:00,184.76,184.85,184.73,184.73,6303,2023-11-13
2023-11-14 02:45:00,184.8,184.85,184.78,184.85,3365,2023-11-13
2023-11-14 02:50:00,184.82,184.95,184.81,184.95,3909,2023-11-13
2023-11-14 02:55:00,184.81,184.95,184.81,184.8999,2223,2023-11-13
2023-11-14 03:00:00,184.83,184.83,184.83,184.83,180,2023-11-13
2023-11-14 03:05:00,184.88,184.89,184.88,184.89,1152,2023-11-13
2023-11-14 03:10:00,184.89,184.89,184.89,184.89,1335,2023-11-13
2023-11-14 03:15:00,184.9,184.9,184.9,184.9,455,2023-11-13
2023-11-14 03:20:00,184.9,184.96,184.9,184.95,2777,2023-11-13
2023-11-14 03:25:00,184.97,185,184.95,184.99,3827,2023-11-13
2023-11-14 03:30:00,184.99,185.02,184.99,185.02,4656,2023-11-13
2023-11-14 03:40:00,184.97,184.97,184.95,184.95,683,2023-11-13
2023-11-14 03:45:00,184.9,184.9,184.9,184.9,772,2023-11-13
2023-11-14 03:50:00,184.95,184.95,184.95,184.95,121,2023-11-13
2023-11-14 03:55:00,184.95,185.02,184.95,185.02,1994,2023-11-13
2023-11-14 12:00:00,184.99,185.3,184.99,185.28,3485,2023-11-14
2023-11-14 12:05:00,185.28,185.3,185.28,185.3,1521,2023-11-14
2023-11-14 12:10:00,185.4,185.47,185.32,185.47,2826,2023-11-14
2023-11-14 12:20:00,185.44,185.44,185.44,185.44,601,2023-11-14
2023-11-14 12:25:00,185.4,185.4,185.39,185.39,376,2023-11-14
2023-11-14 12:35:00,185.33,185.35,185.33,185.35,1752,2023-11-14
2023-11-14 12:40:00,185.26,185.26,185.08,185.08,2490,2023-11-14
2023-11-14 12:45:00,185.15,185.15,185.15,185.15,581,2023-11-14
2023-11-14 13:00:00,185.12,185.12,185.12,185.12,174,2023-11-14
2023-11-14 13:05:00,185.1,185.1,185.04,185.05,8147,2023-11-14
2023-11-14 13:10:00,185.1,185.1,185.1,185.1,986,2023-11-14
2023-11-14 13:15:00,185.14,185.14,185.14,185.14,156,2023-11-14
2023-11-14 13:25:00,185.28,185.28,185.27,185.27,1409,2023-11-14
2023-11-14 13:30:00,185.22,185.22,185.2,185.2,1823,2023-11-14
2023-11-14 13:35:00,185.18,185.18,185.15,185.15,831,2023-11-14
2023-11-14 13:40:00,185.1,185.1,185.08,185.08,671,2023-11-14
2023-11-14 13:45:00,185.01,185.01,185.01,185.01,540,2023-11-14
2023-11-14 13:50:00,185,185.05,185,185.05,1635,2023-11-14
2023-11-14 13:55:00,185,185,185,185,291,2023-11-14
2023-11-14 14:00:00,185.05,185.05,185.05,185.05,503,2023-11-14
2023-11-14 14:05:00,185,185,185,185,1036,2023-11-14
2023-11-14 14:10:00,185.03,185.03,185.03,185.03,529,2023-11-14
2023-11-14 14:15:00,185.05,185.07,185.05,185.05,946,2023-11-14
2023-11-14 15:00:00,185.15,185.2,185,185,6466,2023-11-14
2023-11-14 15:05:00,185.06,185.06,185.06,185.06,1908,2023-11-14
2023-11-14 15:10:00,185.02,185.03,185.01,185.03,1880,2023-11-14
2023-11-14 15:15:00,185.09,185.1,185.07,185.1,1571,2023-11-14
2023-11-14 15:20:00,185.1,185.1,185.04,185.04,972,2023-11-14
2023-11-14 15:35:00,185.05,185.09,185.05,185.08,4242,2023-11-14
2023-11-14 15:40:00,185.05,185.13,185.05,185.1,4333,2023-11-14
2023-11-14 15:45:00,185.1,185.1,185.05,185.05,2191,2023-11-14
2023-11-14 15:50:00,185.03,185.03,185.03,185.03,1071,2023-11-14
2023-11-14 15:55:00,185.05,185.05,185.05,185.05,776,2023-11-14
2023-11-14 16:00:00,185.06,185.2,184.97,185.15,33737,2023-11-14
2023-11-14 16:05:00,185.1,185.21,185.1,185.21,7590,2023-11-14
2023-11-14 16:10:00,185.15,185.2,185.15,185.18,3697,2023-11-14
2023-11-14 16:15:00,185.18,185.3179,185.16,185.29,2591173.0,2023-11-14
2023-11-14 16:20:00,185.27,185.42,185.27,185.3999,8111,2023-11-14
2023-11-14 16:25:00,185.38,185.4,185.28,185.3,7994,2023-11-14
2023-11-14 16:30:00,185.28,187.76,185.1,187.01,206210,2023-11-14
2023-11-14 16:35:00,187.09,187.25,187,187.15,54858,2023-11-14
2023-11-14 16:40:00,187.1968,187.8,187.15,187.53,91773,2023-11-14
2023-11-14 16:45:00,187.57,187.68,187.44,187.68,67686,2023-11-14
2023-11-14 16:50:00,187.68,188.1,187.5426,187.62,89604,2023-11-14
2023-11-14 16:55:00,187.89,187.89,187.6,187.8,49942,2023-11-14
2023-11-14 17:00:00,187.75,187.75,187.4,187.57,107157,2023-11-14
2023-11-14 17:05:00,187.5748,187.62,187.52,187.62,43423,2023-11-14
2023-11-14 17:10:00,187.66,187.75,187.64,187.64,50411,2023-11-14
2023-11-14 17:15:00,187.68,187.78,187.56,187.71,38435,2023-11-14
2023-11-14 17:20:00,187.74,187.9,187.73,187.9,31671,2023-11-14
2023-11-14 17:25:00,187.89,187.96,187.2,187.7,159652,2023-11-14
2023-11-14 17:30:00,187.7,187.73,186.3,186.6,3424239.0,2023-11-14
2023-11-14 17:35:00,186.605,186.93,186.54,186.71,1047700.0,2023-11-14
2023-11-14 17:40:00,186.7186,187.225,186.56,187.1776,1100460.0,2023-11-14
2023-11-14 17:45:00,187.18,187.3,186.62,186.725,1140406.0,2023-11-14
2023-11-14 17:50:00,186.73,187.1588,186.54,187.05,1158591.0,2023-11-14
2023-11-14 17:55:00,187.04,187.32,187.035,187.26,1019359.0,2023-11-14
2023-11-14 18:00:00,187.265,187.51,187.26,187.471,947189,2023-11-14
2023-11-14 18:05:00,187.48,187.52,187.02,187.025,824898,2023-11-14
2023-11-14 18:10:00,187.03,187.41,187,187.35,660931,2023-11-14
2023-11-14 18:15:00,187.34,187.46,187.2,187.31,702012,2023-11-14
2023-11-14 18:20:00,187.3101,187.36,187.075,187.2873,658461,2023-11-14
2023-11-14 18:25:00,187.2926,187.4701,187.17,187.45,532825,2023-11-14
2023-11-14 18:30:00,187.44,187.48,187.34,187.41,490866,2023-11-14
2023-11-14 18:35:00,187.415,187.43,187.195,187.28,463367,2023-11-14
2023-11-14 18:40:00,187.28,187.365,187.1,187.285,508625,2023-11-14
2023-11-14 18:45:00,187.28,187.38,187.22,187.325,423347,2023-11-14
2023-11-14 18:50:00,187.33,187.34,187.085,187.14,421574,2023-11-14
2023-11-14 18:55:00,187.13,187.18,186.85,187.025,573107,2023-11-14
2023-11-14 19:00:00,187.03,187.135,186.98,186.99,470150,2023-11-14
2023-11-14 19:05:00,186.99,187.01,186.895,186.99,354607,2023-11-14
2023-11-14 19:10:00,186.995,187.16,186.89,187.12,438645,2023-11-14
2023-11-14 19:15:00,187.12,187.16,186.89,186.91,384003,2023-11-14
2023-11-14 19:20:00,186.915,186.92,186.68,186.78,398633,2023-11-14
2023-11-14 19:25:00,186.775,186.93,186.72,186.9259,392750,2023-11-14
2023-11-14 19:30:00,186.925,186.93,186.61,186.75,418172,2023-11-14
2023-11-14 19:35:00,186.74,186.79,186.41,186.63,595380,2023-11-14
2023-11-14 19:40:00,186.635,186.85,186.6209,186.77,333735,2023-11-14
2023-11-14 19:45:00,186.765,186.8,186.6,186.755,335217,2023-11-14
2023-11-14 19:50:00,186.75,186.83,186.59,186.8,298105,2023-11-14
2023-11-14 19:55:00,186.79,186.815,186.63,186.66,354619,2023-11-14
2023-11-14 20:00:00,186.66,186.99,186.62,186.85,468626,2023-11-14
2023-11-14 20:05:00,186.855,187.0203,186.61,187.005,733820,2023-11-14
2023-11-14 20:10:00,187.01,187.13,186.9,187.12,349989,2023-11-14
2023-11-14 20:15:00,187.13,187.195,187.0882,187.16,320767,2023-11-14
2023-11-14 20:20:00,187.16,187.22,186.965,187.0561,374177,2023-11-14
2023-11-14 20:25:00,187.055,187.17,187.04,187.055,285730,2023-11-14
2023-11-14 20:30:00,187.06,187.27,187.01,187.255,306022,2023-11-14
2023-11-14 20:35:00,187.25,187.35,187.16,187.35,314994,2023-11-14
2023-11-14 20:40:00,187.35,187.37,187.21,187.33,316576,2023-11-14
2023-11-14 20:45:00,187.335,187.46,187.33,187.42,289178,2023-11-14
2023-11-14 20:50:00,187.42,187.45,187.35,187.375,245986,2023-11-14
2023-11-14 20:55:00,187.38,187.45,187.35,187.4301,263282,2023-11-14
2023-11-14 21:00:00,187.44,187.46,187.385,187.44,302751,2023-11-14
2023-11-14 21:05:00,187.445,187.5,187.395,187.4003,323329,2023-11-14
2023-11-14 21:10:00,187.4,187.44,187.25,187.2701,281804,2023-11-14
2023-11-14 21:15:00,187.275,187.28,187.11,187.16,499506,2023-11-14
2023-11-14 21:20:00,187.1632,187.36,187.14,187.3531,233114,2023-11-14
2023-11-14 21:25:00,187.355,187.4699,187.34,187.46,286357,2023-11-14
2023-11-14 21:30:00,187.46,187.49,187.35,187.363,345157,2023-11-14
2023-11-14 21:35:00,187.37,187.49,187.36,187.4801,500253,2023-11-14
2023-11-14 21:40:00,187.485,187.49,187.26,187.3401,330703,2023-11-14
2023-11-14 21:45:00,187.34,187.3401,187.175,187.28,300227,2023-11-14
2023-11-14 21:50:00,187.27,187.4,187.27,187.35,233053,2023-11-14
2023-11-14 21:55:00,187.355,187.36,187.18,187.1901,322278,2023-11-14
2023-11-14 22:00:00,187.2,187.22,186.97,186.9882,372074,2023-11-14
2023-11-14 22:05:00,186.985,187.05,186.82,187.0327,375354,2023-11-14
2023-11-14 22:10:00,187.035,187.1697,186.97,187.12,784725,2023-11-14
2023-11-14 22:15:00,187.125,187.24,187.02,187.21,291218,2023-11-14
2023-11-14 22:20:00,187.215,187.31,187.18,187.295,283888,2023-11-14
2023-11-14 22:25:00,187.29,187.44,187.23,187.4137,419902,2023-11-14
2023-11-14 22:30:00,187.415,187.59,187.415,187.545,945730,2023-11-14
2023-11-14 22:35:00,187.55,187.63,187.52,187.58,443454,2023-11-14
2023-11-14 22:40:00,187.575,187.68,187.57,187.68,351970,2023-11-14
2023-11-14 22:45:00,187.685,187.95,187.685,187.91,653733,2023-11-14
2023-11-14 22:50:00,187.91,187.98,187.87,187.925,627008,2023-11-14
2023-11-14 22:55:00,187.93,187.99,187.85,187.905,572280,2023-11-14
2023-11-14 23:00:00,187.9,187.92,187.815,187.854,426690,2023-11-14
2023-11-14 23:05:00,187.86,187.97,187.8,187.935,488769,2023-11-14
2023-11-14 23:10:00,187.935,188.09,187.93,188.0201,1025853.0,2023-11-14
2023-11-14 23:15:00,188.025,188.105,187.98,188.025,534650,2023-11-14
2023-11-14 23:20:00,188.03,188.11,187.91,187.9112,716017,2023-11-14
2023-11-14 23:25:00,187.915,187.95,187.76,187.92,531495,2023-11-14
2023-11-14 23:30:00,187.925,187.97,187.77,187.77,532889,2023-11-14
2023-11-14 23:35:00,187.77,187.91,187.72,187.9024,591929,2023-11-14
2023-11-14 23:40:00,187.905,188.03,187.86,187.86,663028,2023-11-14
2023-11-14 23:45:00,187.86,187.945,187.61,187.615,799745,2023-11-14
2023-11-14 23:50:00,187.6,187.73,187.28,187.315,1754360.0,2023-11-14
2023-11-14 23:55:00,187.315,187.54,187.21,187.44,2541638.0,2023-11-14
2023-11-15 00:00:00,187.44,187.57,187.21,187.51,1481831.0,2023-11-14
2023-11-15 00:05:00,187.47,187.56,187.44,187.53,290859,2023-11-14
2023-11-15 00:10:00,187.52,187.54,187.44,187.4979,12405,2023-11-14
2023-11-15 00:15:00,187.47,187.5,187.44,187.495,9211,2023-11-14
2023-11-15 00:20:00,187.44,187.53,187.29,187.42,105118,2023-11-14
2023-11-15 00:25:00,187.43,187.45,187.381,187.41,5766,2023-11-14
2023-11-15 00:30:00,187.4,187.44,187.3609,187.3609,4010,2023-11-14
2023-11-15 00:35:00,187.44,187.44,187.2,187.23,43024,2023-11-14
2023-11-15 00:40:00,187.26,187.34,187.23,187.34,9552,2023-11-14
2023-11-15 00:45:00,187.29,187.31,187.24,187.2982,3438,2023-11-14
2023-11-15 00:50:00,187.26,187.3,187.2,187.2,17827,2023-11-14
2023-11-15 00:55:00,187.2,187.44,187.13,187.2,20983,2023-11-14
2023-11-15 01:00:00,187.2,187.26,187.13,187.18,184824,2023-11-14
2023-11-15 01:05:00,187.2,187.24,187.18,187.24,2499,2023-11-14
2023-11-15 01:10:00,187.24,187.24,187.16,187.22,5105,2023-11-14
2023-11-15 01:15:00,187.21,187.21,187.16,187.17,5952,2023-11-14
2023-11-15 01:20:00,187.17,187.2,187.15,187.15,5173,2023-11-14
2023-11-15 01:25:00,187.15,187.17,187.15,187.15,1340,2023-11-14
2023-11-15 01:30:00,187.18,187.25,187.18,187.25,2395,2023-11-14
2023-11-15 01:35:00,187.25,187.25,187.25,187.25,273,2023-11-14
2023-11-15 01:40:00,187.2068,187.2068,187.2068,187.2068,158,2023-11-14
2023-11-15 01:45:00,187.23,187.25,187.18,187.25,4293,2023-11-14
2023-11-15 01:50:00,187.22,187.25,187.21,187.25,5768,2023-11-14
2023-11-15 01:55:00,187.32,187.32,187.24,187.25,4080,2023-11-14
2023-11-15 02:00:00,187.24,187.3,187.21,187.3,2395,2023-11-14
2023-11-15 02:05:00,187.27,187.32,187.27,187.32,2110,2023-11-14
2023-11-15 02:10:00,187.3,187.4309,187.2922,187.2922,7126,2023-11-14
2023-11-15 02:15:00,187.35,187.35,187.34,187.34,1048,2023-11-14
2023-11-15 02:20:00,187.3898,187.3898,187.3508,187.389,1227,2023-11-14
2023-11-15 02:25:00,187.35,187.39,187.33,187.39,1656,2023-11-14
2023-11-15 02:30:00,187.4,187.4,187.35,187.35,6536,2023-11-14
2023-11-15 02:35:00,187.35,187.35,187.3034,187.31,1079,2023-11-14
2023-11-15 02:40:00,187.34,187.34,187.34,187.34,224,2023-11-14
2023-11-15 02:45:00,187.36,187.37,187.35,187.35,784,2023-11-14
2023-11-15 02:50:00,187.31,187.31,187.27,187.28,2635,2023-11-14
2023-11-15 02:55:00,187.28,187.35,187.25,187.33,3666,2023-11-14
2023-11-15 03:00:00,187.31,187.34,187.23,187.34,3254,2023-11-14
2023-11-15 03:05:00,187.21,187.29,187.21,187.22,2242,2023-11-14
2023-11-15 03:10:00,187.25,187.25,187.18,187.18,2790,2023-11-14
2023-11-15 03:15:00,187.21,187.21,187.2,187.2,852,2023-11-14
2023-11-15 03:20:00,187.22,187.28,187.2,187.2,2459,2023-11-14
2023-11-15 03:25:00,187.21,187.21,187.19,187.19,512,2023-11-14
2023-11-15 03:30:00,187.24,187.28,187.24,187.26,1699,2023-11-14
2023-11-15 03:35:00,187.25,187.4,187.25,187.35,3145,2023-11-14
2023-11-15 03:40:00,187.3101,187.38,187.3,187.38,2862,2023-11-14
2023-11-15 03:45:00,187.3,187.37,187.3,187.37,1090,2023-11-14
2023-11-15 03:50:00,187.37,187.37,187.35,187.35,615,2023-11-14
2023-11-15 03:55:00,187.37,187.37,187.25,187.3301,3709,2023-11-14
2023-11-15 12:00:00,187.82,187.83,187.82,187.83,1614,2023-11-15
2023-11-15 12:05:00,187.86,187.86,187.86,187.86,567,2023-11-15
2023-11-15 12:10:00,187.82,187.85,187.8,187.85,1687,2023-11-15
2023-11-15 12:15:00,187.82,187.83,187.79,187.79,1308,2023-11-15
2023-11-15 12:20:00,187.82,187.82,187.82,187.82,381,2023-11-15
2023-11-15 12:25:00,187.83,187.83,187.8,187.8,4591,2023-11-15
2023-11-15 12:35:00,187.8,187.8,187.8,187.8,854,2023-11-15
2023-11-15 12:40:00,187.7,187.7,187.7,187.7,185,2023-11-15
2023-11-15 12:50:00,187.75,187.75,187.75,187.75,221,2023-11-15
2023-11-15 12:55:00,187.77,187.78,187.77,187.78,1925,2023-11-15
2023-11-15 13:10:00,187.8,187.88,187.8,187.88,2886,2023-11-15
2023-11-15 13:15:00,187.88,187.88,187.88,187.88,1108,2023-11-15
2023-11-15 13:30:00,187.9,187.95,187.9,187.95,1848,2023-11-15
2023-11-15 13:35:00,187.95,188,187.95,188,972,2023-11-15
2023-11-15 13:45:00,187.98,187.98,187.98,187.98,222,2023-11-15
2023-11-15 13:50:00,187.96,188,187.94,188,3036,2023-11-15
2023-11-15 13:55:00,188.05,188.05,188.01,188.01,1048,2023-11-15
2023-11-15 14:15:00,187.95,187.95,187.95,187.95,1662,2023-11-15
2023-11-15 14:20:00,187.95,187.96,187.95,187.96,788,2023-11-15
2023-11-15 14:30:00,188,188,188,188,821,2023-11-15
2023-11-15 14:35:00,188.09,188.09,188.07,188.07,330,2023-11-15
2023-11-15 14:40:00,188.05,188.05,188,188,1381,2023-11-15
2023-11-15 14:55:00,188,188,188,188,1635,2023-11-15
2023-11-15 15:00:00,187.97,188.38,187.97,188.38,20361,2023-11-15
2023-11-15 15:05:00,188.37,188.4,188.29,188.29,6064,2023-11-15
2023-11-15 15:10:00,188.36,188.52,188.34,188.46,10117,2023-11-15
2023-11-15 15:15:00,188.46,188.46,188.39,188.4,19095,2023-11-15
2023-11-15 15:20:00,188.4,188.4,188.21,188.29,9273,2023-11-15
2023-11-15 15:25:00,188.25,188.25,188.25,188.25,4227,2023-11-15
2023-11-15 15:30:00,188.27,188.32,188.25,188.32,6392,2023-11-15
2023-11-15 15:35:00,188.32,188.32,188.27,188.27,1558,2023-11-15
2023-11-15 15:40:00,188.22,188.25,188.22,188.25,4487,2023-11-15
2023-11-15 15:45:00,188.27,188.3,188.25,188.29,14477,2023-11-15
2023-11-15 15:50:00,188.22,188.23,188.15,188.22,18280,2023-11-15
2023-11-15 15:55:00,188.22,188.3,188.22,188.3,5241,2023-11-15
2023-11-15 16:00:00,188.1009,188.5,187.48,188.27,1219211.0,2023-11-15
2023-11-15 16:05:00,188.27,188.27,188.194,188.21,4142,2023-11-15
2023-11-15 16:10:00,188.2,188.2,188.15,188.15,6029,2023-11-15
2023-11-15 16:15:00,188.19,188.22,188.13,188.22,4244,2023-11-15
2023-11-15 16:20:00,188.23,188.38,188.23,188.38,12799,2023-11-15
2023-11-15 16:25:00,188.36,188.4,188.32,188.3599,7152,2023-11-15
2023-11-15 16:30:00,188.36,188.88,188.065,188.15,51544,2023-11-15
2023-11-15 16:35:00,188.15,188.2,187.61,187.73,54219,2023-11-15
2023-11-15 16:40:00,187.78,187.98,187.65,187.73,21062,2023-11-15
2023-11-15 16:45:00,187.7,187.9,187.44,187.9,23312,2023-11-15
2023-11-15 16:50:00,187.92,187.94,187.742,187.91,10640,2023-11-15
2023-11-15 16:55:00,187.9,187.9099,187.75,187.86,9979,2023-11-15
2023-11-15 17:00:00,187.89,187.98,187.84,187.91,16340,2023-11-15
2023-11-15 17:05:00,187.96,187.99,187.88,187.93,10553,2023-11-15
2023-11-15 17:10:00,187.92,187.96,187.8,187.8,13922,2023-11-15
2023-11-15 17:15:00,187.81,187.85,187.75,187.82,12857,2023-11-15
2023-11-15 17:20:00,187.82,187.85,187.44,187.8,307248,2023-11-15
2023-11-15 17:25:00,187.74,187.92,187.5,187.81,54994,2023-11-15
2023-11-15 17:30:00,187.845,188.62,187.8,188.565,1960609.0,2023-11-15
2023-11-15 17:35:00,188.565,188.7,188.39,188.47,1078723.0,2023-11-15
2023-11-15 17:40:00,188.46,188.615,188.01,188.2564,831025,2023-11-15
2023-11-15 17:45:00,188.255,188.48,188.025,188.43,879716,2023-11-15
2023-11-15 17:50:00,188.44,188.625,188.06,188.3609,922443,2023-11-15
2023-11-15 17:55:00,188.365,188.39,188.095,188.24,541522,2023-11-15
2023-11-15 18:00:00,188.225,188.26,187.92,188.085,722451,2023-11-15
2023-11-15 18:05:00,188.085,188.22,187.9301,188.11,534213,2023-11-15
2023-11-15 18:10:00,188.11,188.17,187.91,188,446642,2023-11-15
2023-11-15 18:15:00,187.995,188.18,187.85,188.1072,713874,2023-11-15
2023-11-15 18:20:00,188.115,188.28,188.05,188.275,554857,2023-11-15
2023-11-15 18:25:00,188.27,188.3625,188.12,188.15,588917,2023-11-15
2023-11-15 18:30:00,188.16,188.36,188.11,188.315,628530,2023-11-15
2023-11-15 18:35:00,188.32,188.525,188.27,188.36,536288,2023-11-15
2023-11-15 18:40:00,188.35,188.57,188.35,188.545,428227,2023-11-15
2023-11-15 18:45:00,188.55,188.87,188.545,188.85,744656,2023-11-15
2023-11-15 18:50:00,188.855,189.19,188.84,189.14,1135697.0,2023-11-15
2023-11-15 18:55:00,189.145,189.24,189.03,189.175,695130,2023-11-15
2023-11-15 19:00:00,189.175,189.31,189.052,189.075,780664,2023-11-15
2023-11-15 19:05:00,189.07,189.295,188.88,189.21,711937,2023-11-15
2023-11-15 19:10:00,189.215,189.44,189.09,189.13,738723,2023-11-15
2023-11-15 19:15:00,189.135,189.46,189.12,189.455,610916,2023-11-15
2023-11-15 19:20:00,189.455,189.5,189.35,189.465,580061,2023-11-15
2023-11-15 19:25:00,189.465,189.4701,189.28,189.415,460269,2023-11-15
2023-11-15 19:30:00,189.415,189.4499,189.081,189.1502,479760,2023-11-15
2023-11-15 19:35:00,189.1608,189.165,188.93,189.0668,570744,2023-11-15
2023-11-15 19:40:00,189.08,189.08,188.68,188.745,495210,2023-11-15
2023-11-15 19:45:00,188.74,188.95,188.7301,188.86,529940,2023-11-15
2023-11-15 19:50:00,188.85,188.93,188.61,188.6983,448912,2023-11-15
2023-11-15 19:55:00,188.69,188.8387,188.645,188.759,277799,2023-11-15
2023-11-15 20:00:00,188.76,188.89,188.75,188.83,324368,2023-11-15
2023-11-15 20:05:00,188.84,188.99,188.7629,188.7629,381338,2023-11-15
2023-11-15 20:10:00,188.76,188.76,188.53,188.69,477289,2023-11-15
2023-11-15 20:15:00,188.6801,188.7928,188.62,188.79,380185,2023-11-15
2023-11-15 20:20:00,188.8,189.05,188.75,189.0386,457900,2023-11-15
2023-11-15 20:25:00,189.03,189.14,189.02,189.12,501528,2023-11-15
2023-11-15 20:30:00,189.11,189.17,189.035,189.1223,256177,2023-11-15
2023-11-15 20:35:00,189.125,189.13,188.9275,188.995,262647,2023-11-15
2023-11-15 20:40:00,188.99,189.015,188.7599,188.82,253386,2023-11-15
2023-11-15 20:45:00,188.82,188.98,188.72,188.98,542791,2023-11-15
2023-11-15 20:50:00,188.98,189.015,188.85,188.9602,220908,2023-11-15
2023-11-15 20:55:00,188.97,188.97,188.76,188.7997,233735,2023-11-15
2023-11-15 21:00:00,188.79,188.935,188.7,188.775,364926,2023-11-15
2023-11-15 21:05:00,188.78,188.79,188.51,188.6,502783,2023-11-15
2023-11-15 21:10:00,188.5931,188.65,188.465,188.601,443504,2023-11-15
2023-11-15 21:15:00,188.6012,188.75,188.48,188.74,350110,2023-11-15
2023-11-15 21:20:00,188.7423,188.98,188.7423,188.9512,388962,2023-11-15
2023-11-15 21:25:00,188.95,189.05,188.901,189.035,344860,2023-11-15
2023-11-15 21:30:00,189.031,189.0419,188.9,189.0419,265555,2023-11-15
2023-11-15 21:35:00,189.0427,189.08,188.9,188.9501,284490,2023-11-15
2023-11-15 21:40:00,188.95,189,188.87,188.915,262164,2023-11-15
2023-11-15 21:45:00,188.915,188.94,188.845,188.87,201842,2023-11-15
2023-11-15 21:50:00,188.875,188.98,188.85,188.915,249683,2023-11-15
2023-11-15 21:55:00,188.92,189.02,188.92,188.94,238009,2023-11-15
2023-11-15 22:00:00,188.95,188.96,188.77,188.86,289472,2023-11-15
2023-11-15 22:05:00,188.865,188.89,188.76,188.79,252944,2023-11-15
2023-11-15 22:10:00,188.8,188.86,188.7,188.7,263292,2023-11-15
2023-11-15 22:15:00,188.7,188.74,188.5102,188.555,299145,2023-11-15
2023-11-15 22:20:00,188.56,188.63,188.4,188.595,371785,2023-11-15
2023-11-15 22:25:00,188.59,188.79,188.58,188.77,348335,2023-11-15
2023-11-15 22:30:00,188.77,188.78,188.67,188.675,310068,2023-11-15
2023-11-15 22:35:00,188.665,188.69,188.57,188.66,232504,2023-11-15
2023-11-15 22:40:00,188.665,188.75,188.5,188.5541,263848,2023-11-15
2023-11-15 22:45:00,188.56,188.57,188.35,188.36,340987,2023-11-15
2023-11-15 22:50:00,188.365,188.39,188.17,188.23,418034,2023-11-15
2023-11-15 22:55:00,188.225,188.35,188.19,188.3126,326743,2023-11-15
2023-11-15 23:00:00,188.32,188.44,188.26,188.3,293528,2023-11-15
2023-11-15 23:05:00,188.31,188.36,188.085,188.09,330503,2023-11-15
2023-11-15 23:10:00,188.09,188.285,188.08,188.27,358283,2023-11-15
2023-11-15 23:15:00,188.265,188.36,188.16,188.3499,320955,2023-11-15
2023-11-15 23:20:00,188.34,188.45,188.15,188.155,361021,2023-11-15
2023-11-15 23:25:00,188.15,188.205,187.955,188.195,512948,2023-11-15
2023-11-15 23:30:00,188.2,188.46,188.195,188.445,486985,2023-11-15
2023-11-15 23:35:00,188.44,188.56,188.41,188.43,443337,2023-11-15
2023-11-15 23:40:00,188.43,188.43,188.13,188.19,582287,2023-11-15
2023-11-15 23:45:00,188.19,188.23,187.95,188.025,604969,2023-11-15
2023-11-15 23:50:00,188.03,188.03,187.78,187.91,1003875.0,2023-11-15
2023-11-15 23:55:00,187.91,188.17,187.84,188.09,2780547.0,2023-11-15
2023-11-16 00:00:00,188.12,188.28,188.01,188.14,1887112.0,2023-11-15
2023-11-16 00:05:00,188.14,188.24,187.88,188.13,273993,2023-11-15
2023-11-16 00:10:00,188.13,188.19,187.92,187.95,37356,2023-11-15
2023-11-16 00:15:00,187.95,188.06,187.84,187.98,23102,2023-11-15
2023-11-16 00:20:00,188.02,188.15,188.02,188.14,7898,2023-11-15
2023-11-16 00:25:00,188.09,188.13,188.04,188.11,21390,2023-11-15
2023-11-16 00:30:00,188.11,188.18,187.96,187.99,35201,2023-11-15
2023-11-16 00:35:00,188,188.01,187.9,187.99,37521,2023-11-15
2023-11-16 00:40:00,188,188.09,187.95,188.09,9397,2023-11-15
2023-11-16 00:45:00,188.05,188.11,188.01,188.03,16604,2023-11-15
2023-11-16 00:50:00,188.01,188.09,187.94,188.06,12847,2023-11-15
2023-11-16 00:55:00,188.05,188.14,188.01,188.1,17710,2023-11-15
2023-11-16 01:00:00,188.1,188.15,188.05,188.05,7468,2023-11-15
2023-11-16 01:05:00,188.07,188.14,188.06,188.11,143525,2023-11-15
2023-11-16 01:10:00,188.11,188.18,188.04,188.04,17173,2023-11-15
2023-11-16 01:15:00,188.04,188.14,188.04,188.14,2687,2023-11-15
2023-11-16 01:20:00,188.14,188.14,188.08,188.08,1724,2023-11-15
2023-11-16 01:25:00,188.07,188.1,188.01,188.0203,5692,2023-11-15
2023-11-16 01:30:00,188.05,188.05,188.02,188.03,2300,2023-11-15
2023-11-16 01:35:00,188.06,188.13,188.0403,188.0403,1839,2023-11-15
2023-11-16 01:40:00,188.08,188.13,188.0408,188.09,1682,2023-11-15
2023-11-16 01:45:00,188.05,188.1,188.02,188.05,3869,2023-11-15
2023-11-16 01:50:00,188.13,188.14,188.04,188.09,1379,2023-11-15
2023-11-16 01:55:00,188.0309,188.07,188.0217,188.0217,1862,2023-11-15
2023-11-16 02:00:00,188.07,188.34,188.07,188.33,6076,2023-11-15
2023-11-16 02:05:00,188.33,188.33,188.16,188.27,4122,2023-11-15
2023-11-16 02:10:00,188.25,188.33,188.25,188.26,1288,2023-11-15
2023-11-16 02:15:00,188.25,188.25,188.21,188.21,515,2023-11-15
2023-11-16 02:20:00,188.25,188.34,188.25,188.2997,1011,2023-11-15
2023-11-16 02:25:00,188.26,188.35,188.25,188.35,1634,2023-11-15
2023-11-16 02:30:00,188.25,188.4,188.25,188.4,5865,2023-11-15
2023-11-16 02:35:00,188.45,188.46,188.35,188.44,3110,2023-11-15
2023-11-16 02:40:00,188.4,188.59,188.4,188.58,8650,2023-11-15
2023-11-16 02:45:00,188.52,188.75,188.52,188.67,14177,2023-11-15
2023-11-16 02:50:00,188.65,188.65,188.59,188.59,3471,2023-11-15
2023-11-16 02:55:00,188.61,189.64,188.61,189,29729,2023-11-15
2023-11-16 03:00:00,188.85,188.95,188.71,188.78,6632,2023-11-15
2023-11-16 03:05:00,188.72,188.83,188.7,188.7,2132,2023-11-15
2023-11-16 03:10:00,188.71,188.75,188.63,188.75,1260,2023-11-15
2023-11-16 03:15:00,188.75,188.95,188.7,188.95,3954,2023-11-15
2023-11-16 03:20:00,188.88,189,188.77,188.87,7924,2023-11-15
2023-11-16 03:25:00,188.87,188.91,188.8,188.8,6868,2023-11-15
2023-11-16 03:30:00,188.81,188.87,188.8,188.86,2151,2023-11-15
2023-11-16 03:35:00,188.81,188.83,188.81,188.82,733,2023-11-15
2023-11-16 03:40:00,188.81,189,188.81,188.82,3387,2023-11-15
2023-11-16 03:45:00,188.81,188.81,188.68,188.68,4110,2023-11-15
2023-11-16 03:50:00,188.8,188.87,188.73,188.84,1875,2023-11-15
2023-11-16 03:55:00,188.83,188.83,188.7,188.7,2408,2023-11-15
2023-11-16 12:00:00,188.2,188.43,188.2,188.43,4033,2023-11-16
2023-11-16 12:05:00,188.33,188.33,188.32,188.32,561,2023-11-16
2023-11-16 12:10:00,188.31,188.31,188.31,188.31,218,2023-11-16
2023-11-16 12:15:00,188.42,188.42,188.42,188.42,603,2023-11-16
2023-11-16 12:20:00,188.51,188.6,188.51,188.6,1182,2023-11-16
2023-11-16 12:25:00,188.46,188.46,188.46,188.46,1891,2023-11-16
2023-11-16 12:30:00,188.46,188.46,188.46,188.46,556,2023-11-16
2023-11-16 12:35:00,188.55,188.55,188.51,188.51,1004,2023-11-16
2023-11-16 12:40:00,188.45,188.45,188.45,188.45,644,2023-11-16
2023-11-16 12:50:00,188.35,188.36,188.35,188.36,1079,2023-11-16
2023-11-16 13:10:00,188.22,188.27,188.21,188.27,3521,2023-11-16
2023-11-16 13:20:00,188.28,188.28,188.28,188.28,324,2023-11-16
2023-11-16 13:25:00,188.37,188.37,188.37,188.37,2248,2023-11-16
2023-11-16 13:30:00,188.37,188.4,188.35,188.35,1591,2023-11-16
2023-11-16 13:45:00,188.35,188.4,188.3,188.3,3668,2023-11-16
2023-11-16 14:05:00,188.26,188.3,188.26,188.3,1089,2023-11-16
2023-11-16 14:10:00,188.13,188.13,188.11,188.13,2265,2023-11-16
2023-11-16 14:15:00,188.13,188.16,188.1,188.1,3695,2023-11-16
2023-11-16 14:20:00,188.16,188.24,188.1,188.2,4100,2023-11-16
2023-11-16 14:25:00,188.21,188.21,188.15,188.19,1329,2023-11-16
2023-11-16 14:30:00,188.19,188.22,188.11,188.11,5417,2023-11-16
2023-11-16 14:35:00,188.02,188.02,187.9,187.99,6217,2023-11-16
2023-11-16 14:40:00,187.99,187.99,187.92,187.99,3623,2023-11-16
2023-11-16 14:45:00,188,188,188,188,1271,2023-11-16
2023-11-16 14:50:00,188.05,188.05,188.05,188.05,566,2023-11-16
2023-11-16 15:00:00,188.21,188.3,188.2,188.26,3924,2023-11-16
2023-11-16 15:05:00,188.25,188.25,187.87,187.9,15190,2023-11-16
2023-11-16 15:10:00,187.94,188,187.91,188,5451,2023-11-16
2023-11-16 15:15:00,188.03,188.14,188.01,188.01,4869,2023-11-16
2023-11-16 15:20:00,188.08,188.08,187.8,187.9,6813,2023-11-16
2023-11-16 15:25:00,187.89,187.96,187.75,187.75,16443,2023-11-16
2023-11-16 15:30:00,187.74,188.1,187.7,188.1,14786,2023-11-16
2023-11-16 15:35:00,188.08,188.24,188.05,188.17,7988,2023-11-16
2023-11-16 15:40:00,188.13,188.18,188.13,188.14,3531,2023-11-16
2023-11-16 15:45:00,188.1,188.23,188.1,188.23,5702,2023-11-16
2023-11-16 15:50:00,188.23,188.25,188.23,188.25,2480,2023-11-16
2023-11-16 15:55:00,188.17,188.22,188.17,188.2,4590,2023-11-16
2023-11-16 16:00:00,188.15,188.58,187.81,188.3,58282,2023-11-16
2023-11-16 16:05:00,188.27,188.27,188.1,188.23,3333,2023-11-16
2023-11-16 16:10:00,188.1499,188.2939,188.1,188.15,16811,2023-11-16
2023-11-16 16:15:00,188.1,188.27,188.1,188.21,13051,2023-11-16
2023-11-16 16:20:00,188.164,188.3499,188.164,188.3,10733,2023-11-16
2023-11-16 16:25:00,188.35,188.4,188.17,188.28,30264,2023-11-16
2023-11-16 16:30:00,188.44,188.75,188.2501,188.65,38351,2023-11-16
2023-11-16 16:35:00,188.6,188.85,188.5,188.75,57114,2023-11-16
2023-11-16 16:40:00,188.76,188.9,188.67,188.9,24195,2023-11-16
2023-11-16 16:45:00,188.9,189.01,188.81,188.81,27535,2023-11-16
2023-11-16 16:50:00,188.89,188.95,188.81,188.9,9125,2023-11-16
2023-11-16 16:55:00,188.92,189.18,188.92,189.12,37890,2023-11-16
2023-11-16 17:00:00,189.13,189.15,189,189,31332,2023-11-16
2023-11-16 17:05:00,189,189.1,188.96,189.1,18392,2023-11-16
2023-11-16 17:10:00,189.11,189.22,189.1,189.13,26796,2023-11-16
2023-11-16 17:15:00,189.13,189.13,188.92,188.96,40367,2023-11-16
2023-11-16 17:20:00,188.98,189.0299,188.92,189.02,27240,2023-11-16
2023-11-16 17:25:00,189.04,189.69,188.94,189.55,103919,2023-11-16
2023-11-16 17:30:00,189.57,190.21,189.52,190.08,5000456.0,2023-11-16
2023-11-16 17:35:00,190.08,190.11,189.89,190.0199,1472309.0,2023-11-16
2023-11-16 17:40:00,190.0174,190.74,189.85,190.64,2925575.0,2023-11-16
2023-11-16 17:45:00,190.635,190.9375,190.08,190.2,1875991.0,2023-11-16
2023-11-16 17:50:00,190.2,190.6403,190.05,190.585,1051946.0,2023-11-16
2023-11-16 17:55:00,190.59,190.96,190.5,190.69,977236,2023-11-16
2023-11-16 18:00:00,190.685,190.85,190.35,190.4,872786,2023-11-16
2023-11-16 18:05:00,190.41,190.61,190.19,190.2799,699721,2023-11-16
2023-11-16 18:10:00,190.275,190.45,190.1799,190.2401,608363,2023-11-16
2023-11-16 18:15:00,190.231,190.27,189.64,189.71,1059769.0,2023-11-16
2023-11-16 18:20:00,189.7114,190.05,189.71,190.04,696600,2023-11-16
2023-11-16 18:25:00,190.04,190.23,189.81,190.0854,725537,2023-11-16
2023-11-16 18:30:00,190.1,190.21,189.78,189.85,607129,2023-11-16
2023-11-16 18:35:00,189.86,189.87,189.3,189.49,789668,2023-11-16
2023-11-16 18:40:00,189.4799,189.691,189.32,189.52,732619,2023-11-16
2023-11-16 18:45:00,189.53,189.835,189.465,189.685,481855,2023-11-16
2023-11-16 18:50:00,189.69,189.77,189.25,189.26,590977,2023-11-16
2023-11-16 18:55:00,189.25,189.455,189.01,189.455,565034,2023-11-16
2023-11-16 19:00:00,189.46,189.54,189.3,189.43,405249,2023-11-16
2023-11-16 19:05:00,189.425,189.57,189.2,189.3418,505500,2023-11-16
2023-11-16 19:10:00,189.35,189.43,189.095,189.365,564983,2023-11-16
2023-11-16 19:15:00,189.3699,189.445,188.9015,189.1424,706924,2023-11-16
2023-11-16 19:20:00,189.15,189.19,188.81,188.85,438422,2023-11-16
2023-11-16 19:25:00,188.85,189.135,188.85,189.01,505070,2023-11-16
2023-11-16 19:30:00,189.01,189.1699,188.85,189.0301,473249,2023-11-16
2023-11-16 19:35:00,189.02,189.046,188.72,188.87,636544,2023-11-16
2023-11-16 19:40:00,188.8799,188.99,188.83,188.99,289986,2023-11-16
2023-11-16 19:45:00,188.99,189.29,188.98,189.25,406999,2023-11-16
2023-11-16 19:50:00,189.245,189.405,189.1601,189.285,352203,2023-11-16
2023-11-16 19:55:00,189.28,189.32,189.1227,189.29,345366,2023-11-16
2023-11-16 20:00:00,189.29,189.42,189.19,189.3475,520022,2023-11-16
2023-11-16 20:05:00,189.345,189.57,189.31,189.55,457573,2023-11-16
2023-11-16 20:10:00,189.55,189.585,189.36,189.455,434129,2023-11-16
2023-11-16 20:15:00,189.4536,189.52,189.33,189.47,347531,2023-11-16
2023-11-16 20:20:00,189.47,189.5895,189.32,189.54,258740,2023-11-16
2023-11-16 20:25:00,189.53,189.66,189.49,189.645,299556,2023-11-16
2023-11-16 20:30:00,189.64,189.7299,189.5831,189.6601,322732,2023-11-16
2023-11-16 20:35:00,189.665,189.86,189.6,189.8201,349111,2023-11-16
2023-11-16 20:40:00,189.825,189.98,189.81,189.905,442326,2023-11-16
2023-11-16 20:45:00,189.9012,189.95,189.815,189.84,269292,2023-11-16
2023-11-16 20:50:00,189.86,189.865,189.655,189.7499,264631,2023-11-16
2023-11-16 20:55:00,189.74,189.805,189.71,189.755,192517,2023-11-16
2023-11-16 21:00:00,189.76,189.78,189.63,189.6651,277092,2023-11-16
2023-11-16 21:05:00,189.66,189.735,189.5,189.5176,222504,2023-11-16
2023-11-16 21:10:00,189.5198,189.55,189.4,189.54,364701,2023-11-16
2023-11-16 21:15:00,189.54,189.61,189.4,189.47,237548,2023-11-16
2023-11-16 21:20:00,189.47,189.47,189.19,189.2601,346721,2023-11-16
2023-11-16 21:25:00,189.27,189.545,188.65,189.33,554471,2023-11-16
2023-11-16 21:30:00,189.325,189.33,189.04,189.095,442741,2023-11-16
2023-11-16 21:35:00,189.1,189.45,189.1,189.325,351051,2023-11-16
2023-11-16 21:40:00,189.325,189.35,189.12,189.275,234629,2023-11-16
2023-11-16 21:45:00,189.275,189.275,188.98,189.17,317374,2023-11-16
2023-11-16 21:50:00,189.17,189.37,189.16,189.3201,324247,2023-11-16
2023-11-16 21:55:00,189.325,189.36,189.16,189.28,203135,2023-11-16
2023-11-16 22:00:00,189.285,189.39,189.215,189.3601,258169,2023-11-16
2023-11-16 22:05:00,189.36,189.44,189.27,189.36,346106,2023-11-16
2023-11-16 22:10:00,189.36,189.57,189.32,189.49,270209,2023-11-16
2023-11-16 22:15:00,189.485,189.53,189.35,189.47,260195,2023-11-16
2023-11-16 22:20:00,189.4699,189.48,189.336,189.37,218446,2023-11-16
2023-11-16 22:25:00,189.36,189.42,189.26,189.355,225287,2023-11-16
2023-11-16 22:30:00,189.35,189.4,189.22,189.24,253674,2023-11-16
2023-11-16 22:35:00,189.24,189.361,189.23,189.26,228174,2023-11-16
2023-11-16 22:40:00,189.26,189.43,189.2312,189.42,349868,2023-11-16
2023-11-16 22:45:00,189.42,189.6891,189.42,189.6831,545853,2023-11-16
2023-11-16 22:50:00,189.685,189.735,189.34,189.37,489379,2023-11-16
2023-11-16 22:55:00,189.37,189.58,189.32,189.575,441282,2023-11-16
2023-11-16 23:00:00,189.57,189.63,189.47,189.4803,321361,2023-11-16
2023-11-16 23:05:00,189.49,189.545,189.4,189.49,280227,2023-11-16
2023-11-16 23:10:00,189.49,189.56,189.39,189.396,323225,2023-11-16
2023-11-16 23:15:00,189.39,189.51,189.3303,189.51,333539,2023-11-16
2023-11-16 23:20:00,189.5099,189.5999,189.36,189.475,525380,2023-11-16
2023-11-16 23:25:00,189.475,189.52,189.42,189.425,344311,2023-11-16
2023-11-16 23:30:00,189.425,189.61,189.34,189.605,422130,2023-11-16
2023-11-16 23:35:00,189.605,189.6799,189.505,189.5448,508104,2023-11-16
2023-11-16 23:40:00,189.54,189.815,189.53,189.76,692001,2023-11-16
2023-11-16 23:45:00,189.76,189.87,189.66,189.692,1030090.0,2023-11-16
2023-11-16 23:50:00,189.69,189.85,189.57,189.63,926277,2023-11-16
2023-11-16 23:55:00,189.63,189.85,189.52,189.77,2251394.0,2023-11-16
2023-11-17 00:00:00,189.73,189.76,189.67,189.71,432768,2023-11-16
2023-11-17 00:05:00,189.71,189.77,189.68,189.75,45536,2023-11-16
2023-11-17 00:10:00,189.77,189.87,189.71,189.86,31836,2023-11-16
2023-11-17 00:15:00,189.86,189.98,189.85,189.95,17088,2023-11-16
2023-11-17 00:20:00,189.94,190.16,189.94,190.05,37776,2023-11-16
2023-11-17 00:25:00,190.08,190.09,190.02,190.04,12806,2023-11-16
2023-11-17 00:30:00,190.03,190.06,190,190.05,12772,2023-11-16
2023-11-17 00:35:00,190.0783,190.1,189.71,190.07,59610,2023-11-16
2023-11-17 00:40:00,190,190.1,190,190.04,128337,2023-11-16
2023-11-17 00:45:00,190.03,190.15,190.03,190.15,16767,2023-11-16
2023-11-17 00:50:00,190.1,190.16,189.71,190.15,9419,2023-11-16
2023-11-17 00:55:00,190.08,190.15,190.04,190.1,7771,2023-11-16
2023-11-17 01:00:00,190.14,190.16,190.04,190.05,11844,2023-11-16
2023-11-17 01:05:00,190.07,190.11,190.04,190.11,10978,2023-11-16
2023-11-17 01:10:00,190.05,190.14,190.04,190.09,3442,2023-11-16
2023-11-17 01:15:00,190.09,190.15,190.06,190.06,4856,2023-11-16
2023-11-17 01:20:00,190.05,190.15,190.05,190.15,2733,2023-11-16
2023-11-17 01:25:00,190.0768,190.1499,190.0768,190.1499,23049,2023-11-16
2023-11-17 01:30:00,190.1,190.1,190.01,190.01,3823,2023-11-16
2023-11-17 01:35:00,190.013,190.04,190.01,190.01,1625,2023-11-16
2023-11-17 01:40:00,190.01,190.14,190.01,190.14,5341,2023-11-16
2023-11-17 01:45:00,190.05,190.05,190.02,190.03,3061,2023-11-16
2023-11-17 01:50:00,190.01,190.02,189.95,189.96,4679,2023-11-16
2023-11-17 01:55:00,189.96,189.96,189.96,189.96,492,2023-11-16
2023-11-17 02:00:00,190.03,190.03,189.91,189.96,3693,2023-11-16
2023-11-17 02:05:00,189.9,189.9,189.8229,189.84,6496,2023-11-16
2023-11-17 02:10:00,189.8214,189.9287,189.82,189.86,2253,2023-11-16
2023-11-17 02:15:00,189.87,189.8788,189.82,189.82,4047,2023-11-16
2023-11-17 02:20:00,189.8715,189.88,189.81,189.88,1118,2023-11-16
2023-11-17 02:25:00,189.85,189.87,189.81,189.81,933,2023-11-16
2023-11-17 02:30:00,189.85,189.85,189.73,189.79,3759,2023-11-16
2023-11-17 02:40:00,189.87,189.89,189.87,189.89,1210,2023-11-16
2023-11-17 02:45:00,189.89,189.89,189.89,189.89,571,2023-11-16
2023-11-17 02:50:00,189.9,189.9199,189.9,189.91,1450,2023-11-16
2023-11-17 02:55:00,189.92,190.04,189.92,190.04,9046,2023-11-16
2023-11-17 03:00:00,190.05,190.11,190.05,190.11,2709,2023-11-16
2023-11-17 03:05:00,190.13,190.33,190.11,190.33,12554,2023-11-16
2023-11-17 03:10:00,190.33,190.5,190.3,190.38,7234,2023-11-16
2023-11-17 03:15:00,190.35,190.38,190.3,190.3,1614,2023-11-16
2023-11-17 03:20:00,190.3,190.33,190.3,190.3,1712,2023-11-16
2023-11-17 03:25:00,190.3,190.3,190.2,190.2,1871,2023-11-16
2023-11-17 03:30:00,190.25,190.25,190.15,190.25,3324,2023-11-16
2023-11-17 03:35:00,190.22,190.3,190.22,190.3,1904,2023-11-16
2023-11-17 03:40:00,190.35,190.45,190.3,190.35,2500,2023-11-16
2023-11-17 03:45:00,190.35,190.43,190.35,190.43,1790,2023-11-16
2023-11-17 03:50:00,190.43,190.43,190.38,190.4,6144,2023-11-16
2023-11-17 03:55:00,190.36,190.52,190.29,190.51,19490,2023-11-16
2023-11-17 12:00:00,189.8,190.21,189.8,190.1,8009,2023-11-17
2023-11-17 12:05:00,190.29,190.3,190.29,190.3,2841,2023-11-17
2023-11-17 12:10:00,190.28,190.28,190.28,190.28,588,2023-11-17
2023-11-17 12:15:00,190.28,190.28,190.19,190.2,2618,2023-11-17
2023-11-17 12:20:00,190.12,190.15,190.11,190.15,1225,2023-11-17
2023-11-17 12:25:00,190.05,190.1,190.05,190.1,1772,2023-11-17
2023-11-17 12:30:00,190.1,190.16,190.1,190.11,3758,2023-11-17
2023-11-17 12:35:00,190.17,190.17,190.15,190.17,1017,2023-11-17
2023-11-17 12:40:00,190.19,190.21,190.19,190.21,961,2023-11-17
2023-11-17 12:45:00,190.17,190.17,190.15,190.15,717,2023-11-17
2023-11-17 12:50:00,190.14,190.14,190.11,190.11,864,2023-11-17
2023-11-17 12:55:00,190.06,190.06,190.05,190.05,846,2023-11-17
2023-11-17 13:05:00,190.06,190.17,190.06,190.17,1554,2023-11-17
2023-11-17 13:10:00,190.19,190.19,190.15,190.15,402,2023-11-17
2023-11-17 13:15:00,190.13,190.13,190.13,190.13,791,2023-11-17
2023-11-17 13:20:00,190.16,190.16,190.16,190.16,623,2023-11-17
2023-11-17 13:25:00,190.13,190.21,190.11,190.21,1711,2023-11-17
2023-11-17 13:30:00,190.22,190.3,190.22,190.3,7885,2023-11-17
2023-11-17 13:35:00,190.31,190.31,190.19,190.2,2139,2023-11-17
2023-11-17 13:40:00,190.25,190.25,190.25,190.25,1006,2023-11-17
2023-11-17 13:45:00,190.25,190.25,190.2,190.2,2320,2023-11-17
2023-11-17 13:55:00,190.15,190.15,190.15,190.15,893,2023-11-17
2023-11-17 14:00:00,190.15,190.18,190.12,190.18,777,2023-11-17
2023-11-17 14:10:00,190.14,190.14,190.1,190.1,1766,2023-11-17
2023-11-17 14:15:00,190.1,190.11,190.08,190.08,2926,2023-11-17
2023-11-17 14:20:00,190.15,190.15,190.08,190.08,1451,2023-11-17
2023-11-17 14:25:00,190.09,190.1,190.09,190.1,492,2023-11-17
2023-11-17 14:30:00,190.06,190.06,190,190,3141,2023-11-17
2023-11-17 14:35:00,189.92,189.92,189.92,189.92,659,2023-11-17
2023-11-17 14:40:00,189.92,189.92,189.82,189.82,1764,2023-11-17
2023-11-17 14:45:00,189.88,189.88,189.88,189.88,159,2023-11-17
2023-11-17 14:55:00,189.98,190,189.98,190,769,2023-11-17
2023-11-17 15:00:00,190.08,190.14,190.06,190.14,8394,2023-11-17
2023-11-17 15:05:00,190.18,190.19,190.12,190.12,4032,2023-11-17
2023-11-17 15:10:00,190.02,190.13,190.02,190.1,4509,2023-11-17
2023-11-17 15:15:00,190.1,190.13,190.07,190.08,2307,2023-11-17
2023-11-17 15:20:00,190.01,190.05,190,190,7014,2023-11-17
2023-11-17 15:25:00,190,190.08,190,190.05,5894,2023-11-17
2023-11-17 15:30:00,190.08,190.09,190.08,190.09,1296,2023-11-17
2023-11-17 15:35:00,190.09,190.18,190.09,190.18,3360,2023-11-17
2023-11-17 15:40:00,190.19,190.29,190.19,190.24,7951,2023-11-17
2023-11-17 15:45:00,190.23,190.23,190.2,190.2,1468,2023-11-17
2023-11-17 15:50:00,190.2,190.2,190.12,190.12,2041,2023-11-17
2023-11-17 15:55:00,190.09,190.12,190.09,190.1,2550,2023-11-17
2023-11-17 16:00:00,190.15,190.2983,189.63,190.15,59628,2023-11-17
2023-11-17 16:05:00,190.18,190.2116,190.11,190.2,1448,2023-11-17
2023-11-17 16:10:00,190.18,190.23,190.1623,190.23,4271,2023-11-17
2023-11-17 16:15:00,190.28,190.32,190.24,190.24,8878,2023-11-17
2023-11-17 16:20:00,190.26,190.39,190.2,190.38,7908,2023-11-17
2023-11-17 16:25:00,190.3401,190.3401,190.21,190.28,9148,2023-11-17
2023-11-17 16:30:00,190.24,190.33,190.23,190.2999,6757,2023-11-17
2023-11-17 16:35:00,190.27,190.27,190.05,190.05,23935,2023-11-17
2023-11-17 16:40:00,190.11,190.15,189.87,189.95,30655,2023-11-17
2023-11-17 16:45:00,189.95,190.03,189.94,189.99,11599,2023-11-17
2023-11-17 16:50:00,189.9735,189.9735,189.91,189.95,6273,2023-11-17
2023-11-17 16:55:00,189.91,190,189.87,189.95,21316,2023-11-17
2023-11-17 17:00:00,189.91,190.05,189.91,190,28634,2023-11-17
2023-11-17 17:05:00,189.99,189.99,189.71,189.89,267830,2023-11-17
2023-11-17 17:10:00,189.89,189.95,189.84,189.92,4335,2023-11-17
2023-11-17 17:15:00,189.91,190,189.88,189.98,15948,2023-11-17
2023-11-17 17:20:00,189.99,189.99,189.846,189.96,20518,2023-11-17
2023-11-17 17:25:00,189.87,190.4,189.52,190.29,292955,2023-11-17
2023-11-17 17:30:00,190.25,190.38,189.77,189.868,4730587.0,2023-11-17
2023-11-17 17:35:00,189.86,189.86,189.28,189.295,836060,2023-11-17
2023-11-17 17:40:00,189.2986,189.48,189.14,189.24,616519,2023-11-17
2023-11-17 17:45:00,189.235,189.68,189.17,189.6616,823841,2023-11-17
2023-11-17 17:50:00,189.665,190.07,189.481,189.77,733461,2023-11-17
2023-11-17 17:55:00,189.772,189.8635,189.55,189.77,599552,2023-11-17
2023-11-17 18:00:00,189.77,189.78,189.37,189.3813,660178,2023-11-17
2023-11-17 18:05:00,189.3813,189.45,188.95,188.9524,776844,2023-11-17
2023-11-17 18:10:00,188.95,188.96,188.57,188.9137,1295973.0,2023-11-17
2023-11-17 18:15:00,188.91,189.23,188.83,189.18,1064957.0,2023-11-17
2023-11-17 18:20:00,189.1777,189.41,189.0002,189.39,909267,2023-11-17
2023-11-17 18:25:00,189.4,189.6,189.2,189.58,746191,2023-11-17
2023-11-17 18:30:00,189.585,189.585,189.3,189.42,545001,2023-11-17
2023-11-17 18:35:00,189.42,189.63,189.3,189.35,568240,2023-11-17
2023-11-17 18:40:00,189.37,189.5735,189.3,189.48,448914,2023-11-17
2023-11-17 18:45:00,189.49,189.5299,189.26,189.5101,396514,2023-11-17
2023-11-17 18:50:00,189.51,189.665,189.32,189.6301,379204,2023-11-17
2023-11-17 18:55:00,189.63,189.76,189.535,189.5709,432128,2023-11-17
2023-11-17 19:00:00,189.57,189.6,189.07,189.1802,635201,2023-11-17
2023-11-17 19:05:00,189.1809,189.2597,189.0057,189.2589,459566,2023-11-17
2023-11-17 19:10:00,189.2551,189.29,189.05,189.055,417289,2023-11-17
2023-11-17 19:15:00,189.05,189.0769,188.91,188.99,476359,2023-11-17
2023-11-17 19:20:00,188.99,189.105,188.93,189.06,359419,2023-11-17
2023-11-17 19:25:00,189.05,189.11,188.87,189.0515,345502,2023-11-17
2023-11-17 19:30:00,189.06,189.1657,188.9601,189.0921,305506,2023-11-17
2023-11-17 19:35:00,189.1,189.1099,188.8901,188.9901,380050,2023-11-17
2023-11-17 19:40:00,188.99,189.14,188.82,189.08,336548,2023-11-17
2023-11-17 19:45:00,189.09,189.15,188.97,188.985,299708,2023-11-17
2023-11-17 19:50:00,188.9868,189.19,188.91,189.07,289243,2023-11-17
2023-11-17 19:55:00,189.07,189.27,189.03,189.245,226900,2023-11-17
2023-11-17 20:00:00,189.245,189.38,189.186,189.2857,311876,2023-11-17
2023-11-17 20:05:00,189.28,189.44,189.25,189.44,352748,2023-11-17
2023-11-17 20:10:00,189.445,189.46,189.34,189.4,241541,2023-11-17
2023-11-17 20:15:00,189.41,189.43,189.2,189.2314,217900,2023-11-17
2023-11-17 20:20:00,189.231,189.24,189.065,189.08,233830,2023-11-17
2023-11-17 20:25:00,189.08,189.08,188.89,188.9676,403085,2023-11-17
2023-11-17 20:30:00,188.965,189.0599,188.9,189.0228,328959,2023-11-17
2023-11-17 20:35:00,189.035,189.135,189.015,189.06,194838,2023-11-17
2023-11-17 20:40:00,189.06,189.23,189.04,189.21,282028,2023-11-17
2023-11-17 20:45:00,189.22,189.25,189.06,189.14,267314,2023-11-17
2023-11-17 20:50:00,189.14,189.25,189.11,189.2444,199917,2023-11-17
2023-11-17 20:55:00,189.2437,189.2778,189.1025,189.25,183660,2023-11-17
2023-11-17 21:00:00,189.25,189.3299,189.1228,189.16,214346,2023-11-17
2023-11-17 21:05:00,189.17,189.215,189.085,189.16,210736,2023-11-17
2023-11-17 21:10:00,189.15,189.31,189.0901,189.3,265437,2023-11-17
2023-11-17 21:15:00,189.3011,189.3797,189.2726,189.365,271182,2023-11-17
2023-11-17 21:20:00,189.3699,189.61,189.33,189.565,371405,2023-11-17
2023-11-17 21:25:00,189.57,189.595,189.44,189.485,303726,2023-11-17
2023-11-17 21:30:00,189.49,189.72,189.49,189.695,359875,2023-11-17
2023-11-17 21:35:00,189.7,189.7401,189.56,189.6203,391080,2023-11-17
2023-11-17 21:40:00,189.63,189.63,189.5,189.5,237706,2023-11-17
2023-11-17 21:45:00,189.5032,189.555,189.4,189.41,239369,2023-11-17
2023-11-17 21:50:00,189.405,189.45,189.35,189.4429,207951,2023-11-17
2023-11-17 21:55:00,189.44,189.56,189.4,189.5386,177191,2023-11-17
2023-11-17 22:00:00,189.54,189.805,189.535,189.79,423578,2023-11-17
2023-11-17 22:05:00,189.7912,189.9,189.745,189.89,511699,2023-11-17
2023-11-17 22:10:00,189.89,189.895,189.74,189.755,317425,2023-11-17
2023-11-17 22:15:00,189.7536,189.9,189.7502,189.825,324261,2023-11-17
2023-11-17 22:20:00,189.825,189.83,189.6701,189.729,271216,2023-11-17
2023-11-17 22:25:00,189.725,189.805,189.69,189.735,212712,2023-11-17
2023-11-17 22:30:00,189.735,189.7799,189.67,189.76,237202,2023-11-17
2023-11-17 22:35:00,189.765,189.85,189.71,189.74,284016,2023-11-17
2023-11-17 22:40:00,189.74,189.8,189.58,189.7899,312936,2023-11-17
2023-11-17 22:45:00,189.79,189.86,189.71,189.7323,294099,2023-11-17
2023-11-17 22:50:00,189.7319,189.8,189.7,189.7522,226905,2023-11-17
2023-11-17 22:55:00,189.76,189.97,189.75,189.97,357201,2023-11-17
2023-11-17 23:00:00,189.97,189.99,189.8102,189.84,465510,2023-11-17
2023-11-17 23:05:00,189.86,189.989,189.83,189.97,375907,2023-11-17
2023-11-17 23:10:00,189.9799,189.99,189.89,189.9427,459019,2023-11-17
2023-11-17 23:15:00,189.9499,189.95,189.82,189.895,453014,2023-11-17
2023-11-17 23:20:00,189.895,190.04,189.87,190.025,584567,2023-11-17
2023-11-17 23:25:00,190.02,190.18,189.88,189.888,724767,2023-11-17
2023-11-17 23:30:00,189.885,189.939,189.61,189.74,771064,2023-11-17
2023-11-17 23:35:00,189.75,189.96,189.7201,189.91,636894,2023-11-17
2023-11-17 23:40:00,189.92,189.94,189.7,189.7087,630807,2023-11-17
2023-11-17 23:45:00,189.71,189.88,189.6901,189.691,637967,2023-11-17
2023-11-17 23:50:00,189.71,189.86,189.64,189.66,978107,2023-11-17
2023-11-17 23:55:00,189.63,189.92,189.52,189.71,1726873.0,2023-11-17
2023-11-18 00:00:00,189.7,189.72,189.65,189.66,1159025.0,2023-11-17
2023-11-18 00:05:00,189.65,189.71,189.63,189.63,300703,2023-11-17
2023-11-18 00:10:00,189.63,189.69,189.6,189.62,394543,2023-11-17
2023-11-18 00:15:00,189.65,189.69,189.64,189.67,5951,2023-11-17
2023-11-18 00:20:00,189.68,189.9,189.68,189.82,32452,2023-11-17
2023-11-18 00:25:00,189.78,189.78,189.77,189.78,1546,2023-11-17
2023-11-18 00:30:00,189.77,189.77,189.68,189.68,4496,2023-11-17
2023-11-18 00:35:00,189.71,189.86,189.69,189.86,165198,2023-11-17
2023-11-18 00:40:00,189.85,189.9,189.82,189.86,11488,2023-11-17
2023-11-18 00:45:00,189.86,189.89,189.84,189.88,10310,2023-11-17
2023-11-18 00:50:00,189.91,189.97,189.91,189.96,10929,2023-11-17
2023-11-18 00:55:00,189.95,189.96,189.69,189.95,87441,2023-11-17
2023-11-18 01:00:00,189.88,190.04,189.69,189.95,18955,2023-11-17
2023-11-18 01:05:00,189.97,190.02,189.95,190.0199,565474,2023-11-17
2023-11-18 01:10:00,190.02,190.03,190,190.01,4819,2023-11-17
2023-11-18 01:15:00,190,190.01,189.97,189.97,13633,2023-11-17
2023-11-18 01:20:00,189.96,189.96,189.96,189.96,442,2023-11-17
2023-11-18 01:25:00,189.95,189.95,189.87,189.87,7107,2023-11-17
2023-11-18 01:30:00,189.82,189.83,189.82,189.83,2560,2023-11-17
2023-11-18 01:40:00,189.85,189.87,189.85,189.87,493,2023-11-17
2023-11-18 01:45:00,189.97,190,189.97,189.97,2070,2023-11-17
2023-11-18 01:50:00,190,190.02,190,190,7654,2023-11-17
2023-11-18 01:55:00,190.01,190.01,189.93,189.93,3475,2023-11-17
2023-11-18 02:00:00,189.9,189.9,189.9,189.9,154,2023-11-17
2023-11-18 02:05:00,189.97,189.97,189.97,189.97,318,2023-11-17
2023-11-18 02:10:00,189.95,189.95,189.95,189.95,882,2023-11-17
2023-11-18 02:15:00,189.95,189.95,189.9,189.9,1052,2023-11-17
2023-11-18 02:20:00,189.95,189.95,189.9,189.9,1285,2023-11-17
2023-11-18 02:25:00,189.88,189.88,189.88,189.88,131,2023-11-17
2023-11-18 02:30:00,189.78,189.82,189.78,189.82,224,2023-11-17
2023-11-18 02:40:00,189.8,189.8,189.8,189.8,208,2023-11-17
2023-11-18 02:45:00,189.81,189.85,189.81,189.85,401,2023-11-17
2023-11-18 02:50:00,189.89,189.89,189.89,189.89,354,2023-11-17
2023-11-18 02:55:00,189.95,189.95,189.95,189.95,479,2023-11-17
2023-11-18 03:00:00,189.9,189.9,189.85,189.85,253,2023-11-17
2023-11-18 03:05:00,189.85,189.85,189.85,189.85,108,2023-11-17
2023-11-18 03:10:00,189.9,189.9,189.9,189.9,1550,2023-11-17
2023-11-18 03:15:00,189.84,189.84,189.83,189.83,652,2023-11-17
2023-11-18 03:20:00,189.85,189.85,189.85,189.85,437,2023-11-17
2023-11-18 03:30:00,189.85,189.88,189.85,189.88,587,2023-11-17
2023-11-18 03:35:00,189.89,189.9,189.86,189.86,717,2023-11-17
2023-11-18 03:45:00,189.7606,189.7606,189.76,189.7601,1764,2023-11-17
2023-11-18 03:50:00,189.76,189.78,189.71,189.78,2475,2023-11-17
2023-11-18 03:55:00,189.72,189.75,189.69,189.69,1431,2023-11-17
2023-11-20 12:00:00,189.52,189.52,188.92,189,12972,2023-11-20
2023-11-20 12:05:00,189.1,189.23,189.01,189.22,7216,2023-11-20
2023-11-20 12:10:00,189.2,189.3,189.2,189.3,1574,2023-11-20
2023-11-20 12:15:00,189.38,189.4,189.3,189.4,4345,2023-11-20
2023-11-20 12:20:00,189.5,189.5,189.36,189.5,3032,2023-11-20
2023-11-20 12:25:00,189.5,189.55,189.45,189.55,4419,2023-11-20
2023-11-20 12:30:00,189.55,189.6,189.5,189.57,2886,2023-11-20
2023-11-20 12:35:00,189.53,189.54,189.5,189.54,1951,2023-11-20
2023-11-20 12:40:00,189.5,189.5,189.5,189.5,605,2023-11-20
2023-11-20 12:45:00,189.54,189.54,189.54,189.54,454,2023-11-20
2023-11-20 12:50:00,189.55,189.56,189.5,189.56,3262,2023-11-20
2023-11-20 12:55:00,189.52,189.6,189.52,189.57,1791,2023-11-20
2023-11-20 13:00:00,189.55,189.55,189.55,189.55,1398,2023-11-20
2023-11-20 13:05:00,189.64,189.64,189.6,189.6,836,2023-11-20
2023-11-20 13:10:00,189.65,189.68,189.65,189.68,2012,2023-11-20
2023-11-20 13:15:00,189.68,189.68,189.68,189.68,724,2023-11-20
2023-11-20 13:20:00,189.68,189.68,189.61,189.61,2758,2023-11-20
2023-11-20 13:25:00,189.5,189.51,189.5,189.51,1915,2023-11-20
2023-11-20 13:30:00,189.59,189.62,189.59,189.62,1901,2023-11-20
2023-11-20 13:35:00,189.52,189.52,189.5,189.5,5430,2023-11-20
2023-11-20 13:40:00,189.55,189.55,189.55,189.55,213,2023-11-20
2023-11-20 13:45:00,189.57,189.57,189.55,189.55,1315,2023-11-20
2023-11-20 13:50:00,189.56,189.57,189.56,189.57,1459,2023-11-20
2023-11-20 13:55:00,189.57,189.67,189.57,189.67,1927,2023-11-20
2023-11-20 14:00:00,189.67,189.8,189.66,189.8,3586,2023-11-20
2023-11-20 14:10:00,189.85,189.85,189.81,189.81,1063,2023-11-20
2023-11-20 14:25:00,189.88,189.88,189.87,189.87,1016,2023-11-20
2023-11-20 14:35:00,189.68,189.68,189.68,189.68,451,2023-11-20
2023-11-20 14:40:00,189.66,189.67,189.6,189.63,4468,2023-11-20
2023-11-20 14:45:00,189.61,189.64,189.61,189.64,612,2023-11-20
2023-11-20 14:50:00,189.66,189.66,189.61,189.61,945,2023-11-20
2023-11-20 14:55:00,189.67,189.67,189.58,189.59,2978,2023-11-20
2023-11-20 15:00:00,189.67,189.67,189.58,189.67,4514,2023-11-20
2023-11-20 15:10:00,189.68,189.68,189.6,189.6,3166,2023-11-20
2023-11-20 15:15:00,189.62,189.62,189.62,189.62,711,2023-11-20
2023-11-20 15:20:00,189.64,189.64,189.59,189.59,4334,2023-11-20
2023-11-20 15:25:00,189.57,189.57,189.5,189.5,6219,2023-11-20
2023-11-20 15:30:00,189.46,189.46,189.45,189.45,1982,2023-11-20
2023-11-20 15:35:00,189.48,189.51,189.45,189.51,3022,2023-11-20
2023-11-20 15:40:00,189.5,189.5,189.45,189.45,4016,2023-11-20
2023-11-20 15:45:00,189.44,189.44,189.44,189.44,1085,2023-11-20
2023-11-20 15:50:00,189.47,189.47,189.47,189.47,250,2023-11-20
2023-11-20 15:55:00,189.4,189.5,189.4,189.5,4183,2023-11-20
2023-11-20 16:00:00,189.68,189.69,189.13,189.59,35086,2023-11-20
2023-11-20 16:05:00,189.65,189.79,189.5677,189.78,15596,2023-11-20
2023-11-20 16:10:00,189.82,189.97,189.79,189.92,20125,2023-11-20
2023-11-20 16:15:00,189.92,190.08,189.86,189.96,21367,2023-11-20
2023-11-20 16:20:00,189.96,190.02,189.95,190.02,6627,2023-11-20
2023-11-20 16:25:00,189.98,190.1,189.98,190.05,13264,2023-11-20
2023-11-20 16:30:00,189.99,190.1,189.99,190.1,30831,2023-11-20
2023-11-20 16:35:00,190.05,190.23,190.05,190.12,36274,2023-11-20
2023-11-20 16:40:00,190.1687,190.22,190.13,190.2,8395,2023-11-20
2023-11-20 16:45:00,190.23,190.25,190.15,190.1699,11049,2023-11-20
2023-11-20 16:50:00,190.15,190.1799,190.01,190.1,11601,2023-11-20
2023-11-20 16:55:00,190.07,190.15,190.0203,190.15,7870,2023-11-20
2023-11-20 17:00:00,190.13,190.3,190.12,190.27,21387,2023-11-20
2023-11-20 17:05:00,190.21,190.21,190.1279,190.18,9058,2023-11-20
2023-11-20 17:10:00,190.18,190.22,190.15,190.16,9428,2023-11-20
2023-11-20 17:15:00,190.17,190.24,190.09,190.14,18680,2023-11-20
2023-11-20 17:20:00,190.1,190.17,190.1,190.15,16122,2023-11-20
2023-11-20 17:25:00,190.1,190.16,189.55,189.86,71393,2023-11-20
2023-11-20 17:30:00,189.89,191.52,189.88,191.315,2793715.0,2023-11-20
2023-11-20 17:35:00,191.315,191.669,191.26,191.38,1161503.0,2023-11-20
2023-11-20 17:40:00,191.3892,191.39,190.8,191.22,791182,2023-11-20
2023-11-20 17:45:00,191.225,191.3195,191.05,191.1716,760245,2023-11-20
2023-11-20 17:50:00,191.17,191.5,191.07,191.104,734931,2023-11-20
2023-11-20 17:55:00,191.095,191.25,190.98,191.22,520653,2023-11-20
2023-11-20 18:00:00,191.22,191.3687,191.04,191.1626,674576,2023-11-20
2023-11-20 18:05:00,191.175,191.2258,190.71,190.712,830274,2023-11-20
2023-11-20 18:10:00,190.72,190.97,190.66,190.73,522085,2023-11-20
2023-11-20 18:15:00,190.775,190.97,190.68,190.9099,492630,2023-11-20
2023-11-20 18:20:00,190.905,191.01,190.5314,190.5853,592248,2023-11-20
2023-11-20 18:25:00,190.5803,190.75,190.43,190.715,506806,2023-11-20
2023-11-20 18:30:00,190.72,190.82,190.55,190.63,437401,2023-11-20
2023-11-20 18:35:00,190.63,190.76,190.53,190.66,476683,2023-11-20
2023-11-20 18:40:00,190.655,190.89,190.65,190.8359,473821,2023-11-20
2023-11-20 18:45:00,190.83,190.89,190.7,190.8785,386037,2023-11-20
2023-11-20 18:50:00,190.87,191.02,190.735,190.97,635161,2023-11-20
2023-11-20 18:55:00,190.97,191.12,190.95,191.1121,359505,2023-11-20
2023-11-20 19:00:00,191.12,191.21,191.06,191.1877,437623,2023-11-20
2023-11-20 19:05:00,191.19,191.255,191.0101,191.0628,446460,2023-11-20
2023-11-20 19:10:00,191.065,191.2182,191.02,191.15,395345,2023-11-20
2023-11-20 19:15:00,191.165,191.24,191.09,191.1112,301383,2023-11-20
2023-11-20 19:20:00,191.11,191.37,191.1,191.27,448752,2023-11-20
2023-11-20 19:25:00,191.27,191.31,191.095,191.165,414672,2023-11-20
2023-11-20 19:30:00,191.17,191.24,191.09,191.23,431915,2023-11-20
2023-11-20 19:35:00,191.21,191.29,191.12,191.24,275917,2023-11-20
2023-11-20 19:40:00,191.25,191.31,191.18,191.27,221316,2023-11-20
2023-11-20 19:45:00,191.27,191.275,191.1,191.12,215799,2023-11-20
2023-11-20 19:50:00,191.1203,191.27,191.11,191.1803,208736,2023-11-20
2023-11-20 19:55:00,191.18,191.3199,191.17,191.3199,204963,2023-11-20
2023-11-20 20:00:00,191.32,191.38,191.2,191.35,315938,2023-11-20
2023-11-20 20:05:00,191.34,191.46,191.315,191.42,358262,2023-11-20
2023-11-20 20:10:00,191.42,191.49,191.415,191.46,237572,2023-11-20
2023-11-20 20:15:00,191.47,191.55,191.26,191.315,429768,2023-11-20
2023-11-20 20:20:00,191.32,191.33,191.2,191.3099,306175,2023-11-20
2023-11-20 20:25:00,191.3,191.37,191.205,191.23,246990,2023-11-20
2023-11-20 20:30:00,191.25,191.355,191.1426,191.295,243820,2023-11-20
2023-11-20 20:35:00,191.295,191.33,191.2,191.235,211745,2023-11-20
2023-11-20 20:40:00,191.24,191.245,191.08,191.215,213645,2023-11-20
2023-11-20 20:45:00,191.2,191.3,191.16,191.28,224651,2023-11-20
2023-11-20 20:50:00,191.27,191.35,191.21,191.265,312256,2023-11-20
2023-11-20 20:55:00,191.2675,191.3,191.13,191.15,253997,2023-11-20
2023-11-20 21:00:00,191.16,191.57,191.13,191.56,538591,2023-11-20
2023-11-20 21:05:00,191.56,191.755,191.48,191.715,688666,2023-11-20
2023-11-20 21:10:00,191.715,191.8,191.66,191.71,553849,2023-11-20
2023-11-20 21:15:00,191.7087,191.72,191.47,191.485,441222,2023-11-20
2023-11-20 21:20:00,191.4957,191.51,191.35,191.39,348482,2023-11-20
2023-11-20 21:25:00,191.39,191.65,191.38,191.625,796562,2023-11-20
2023-11-20 21:30:00,191.62,191.77,191.575,191.76,337989,2023-11-20
2023-11-20 21:35:00,191.76,191.76,191.53,191.56,244580,2023-11-20
2023-11-20 21:40:00,191.56,191.665,191.51,191.6345,251169,2023-11-20
2023-11-20 21:45:00,191.63,191.67,191.5539,191.6669,182840,2023-11-20
2023-11-20 21:50:00,191.675,191.68,191.57,191.6,188395,2023-11-20
2023-11-20 21:55:00,191.6,191.73,191.59,191.6825,201546,2023-11-20
2023-11-20 22:00:00,191.685,191.755,191.63,191.63,346794,2023-11-20
2023-11-20 22:05:00,191.63,191.77,191.63,191.68,223184,2023-11-20
2023-11-20 22:10:00,191.6812,191.7,191.405,191.465,264546,2023-11-20
2023-11-20 22:15:00,191.4601,191.57,191.43,191.54,237230,2023-11-20
2023-11-20 22:20:00,191.54,191.57,191.33,191.405,374080,2023-11-20
2023-11-20 22:25:00,191.42,191.54,191.37,191.5199,320698,2023-11-20
2023-11-20 22:30:00,191.51,191.67,191.51,191.6272,368807,2023-11-20
2023-11-20 22:35:00,191.625,191.72,191.5742,191.6501,312122,2023-11-20
2023-11-20 22:40:00,191.66,191.67,191.58,191.595,259675,2023-11-20
2023-11-20 22:45:00,191.59,191.7099,191.55,191.57,243802,2023-11-20
2023-11-20 22:50:00,191.57,191.61,191.5,191.53,239419,2023-11-20
2023-11-20 22:55:00,191.525,191.6199,191.52,191.59,255293,2023-11-20
2023-11-20 23:00:00,191.59,191.73,191.54,191.7,408628,2023-11-20
2023-11-20 23:05:00,191.7078,191.7391,191.64,191.7391,237704,2023-11-20
2023-11-20 23:10:00,191.735,191.87,191.7101,191.865,449160,2023-11-20
2023-11-20 23:15:00,191.865,191.9,191.8,191.875,495581,2023-11-20
2023-11-20 23:20:00,191.88,191.885,191.715,191.73,314133,2023-11-20
2023-11-20 23:25:00,191.73,191.905,191.72,191.875,395898,2023-11-20
2023-11-20 23:30:00,191.875,191.875,191.7,191.755,391835,2023-11-20
2023-11-20 23:35:00,191.755,191.7851,191.67,191.71,338830,2023-11-20
2023-11-20 23:40:00,191.7003,191.86,191.66,191.845,843981,2023-11-20
2023-11-20 23:45:00,191.845,191.845,191.63,191.6401,584878,2023-11-20
2023-11-20 23:50:00,191.65,191.65,191.24,191.26,1073698.0,2023-11-20
2023-11-20 23:55:00,191.255,191.52,191.16,191.5,2086242.0,2023-11-20
2023-11-21 00:00:00,191.48,191.52,191.45,191.48,362133,2023-11-20
2023-11-21 00:05:00,191.48,191.48,191.45,191.45,60998,2023-11-20
2023-11-21 00:10:00,191.45,191.48,191.41,191.44,10942,2023-11-20
2023-11-21 00:15:00,191.44,191.48,191.44,191.46,5229,2023-11-20
2023-11-21 00:20:00,191.45,191.5,191.45,191.5,40977,2023-11-20
2023-11-21 00:25:00,191.4998,191.4998,191.45,191.48,3722,2023-11-20
2023-11-21 00:30:00,191.47,191.48,191.47,191.47,1806,2023-11-20
2023-11-21 00:35:00,191.45,191.47,191.45,191.45,53668,2023-11-20
2023-11-21 00:40:00,191.48,191.5,191.48,191.49,4354,2023-11-20
2023-11-21 00:45:00,191.45,191.47,191.45,191.47,551,2023-11-20
2023-11-21 00:50:00,191.5,191.5,191.46,191.46,1694,2023-11-20
2023-11-21 00:55:00,191.46,191.5,191.45,191.5,7204,2023-11-20
2023-11-21 01:05:00,191.45,191.48,191.45,191.478,1328,2023-11-20
2023-11-21 01:10:00,191.5,191.5359,191.5,191.5359,5829,2023-11-20
2023-11-21 01:15:00,191.54,191.54,191.51,191.51,6810,2023-11-20
2023-11-21 01:20:00,191.5398,191.54,191.5,191.5,12050,2023-11-20
2023-11-21 01:25:00,191.5,191.53,191.5,191.53,1785,2023-11-20
2023-11-21 01:30:00,191.49,191.51,191.49,191.51,880,2023-11-20
2023-11-21 01:35:00,191.51,191.52,191.5,191.52,936,2023-11-20
2023-11-21 01:40:00,191.53,191.54,191.53,191.54,1166,2023-11-20
2023-11-21 01:45:00,191.51,191.51,191.51,191.51,178,2023-11-20
2023-11-21 01:50:00,191.54,191.54,191.462,191.51,1507,2023-11-20
2023-11-21 01:55:00,191.5,191.5,191.5,191.5,117,2023-11-20
2023-11-21 02:00:00,191.53,191.55,191.53,191.55,2576,2023-11-20
2023-11-21 02:05:00,191.53,191.59,191.5148,191.59,1641,2023-11-20
2023-11-21 02:10:00,191.5899,191.5899,191.53,191.5394,993,2023-11-20
2023-11-21 02:15:00,191.5899,191.5899,191.57,191.57,729,2023-11-20
2023-11-21 02:20:00,191.59,191.62,191.52,191.61,4712,2023-11-20
2023-11-21 02:25:00,191.61,191.61,191.53,191.53,1848,2023-11-20
2023-11-21 02:30:00,191.52,191.52,191.52,191.52,2224,2023-11-20
2023-11-21 02:35:00,191.51,191.5393,191.48,191.5393,2400,2023-11-20
2023-11-21 02:40:00,191.51,191.52,191.51,191.5195,809,2023-11-20
2023-11-21 02:45:00,191.53,191.53,191.47,191.53,2220,2023-11-20
2023-11-21 02:50:00,191.51,191.54,191.51,191.54,874,2023-11-20
2023-11-21 02:55:00,191.5,191.54,191.5,191.51,788,2023-11-20
2023-11-21 03:00:00,191.54,191.54,191.54,191.54,196,2023-11-20
2023-11-21 03:05:00,191.5,191.51,191.5,191.51,1037,2023-11-20
2023-11-21 03:10:00,191.48,191.48,191.46,191.46,822,2023-11-20
2023-11-21 03:15:00,191.54,191.57,191.54,191.57,4677,2023-11-20
2023-11-21 03:25:00,191.56,191.56,191.56,191.56,313,2023-11-20
2023-11-21 03:30:00,191.6,191.6,191.6,191.6,369,2023-11-20
2023-11-21 03:35:00,191.58,191.59,191.58,191.59,259,2023-11-20
2023-11-21 03:40:00,191.59,191.6,191.59,191.6,863,2023-11-20
2023-11-21 03:45:00,191.6,191.6,191.58,191.58,731,2023-11-20
2023-11-21 03:55:00,191.6,191.65,191.5501,191.65,3420,2023-11-20
2023-11-21 12:05:00,191.41,191.41,191.41,191.41,326,2023-11-21
2023-11-21 12:15:00,191.34,191.35,191.34,191.35,556,2023-11-21
2023-11-21 12:20:00,191.4,191.4,191.4,191.4,494,2023-11-21
2023-11-21 12:30:00,191.32,191.32,191.32,191.32,521,2023-11-21
2023-11-21 12:35:00,191.33,191.33,191.33,191.33,141,2023-11-21
2023-11-21 12:40:00,191.3,191.3,191.1,191.1,4514,2023-11-21
2023-11-21 12:45:00,191.13,191.13,191.12,191.12,717,2023-11-21
2023-11-21 13:10:00,191.2,191.2,191.2,191.2,318,2023-11-21
2023-11-21 13:30:00,191.18,191.18,191.18,191.18,359,2023-11-21
2023-11-21 14:00:00,191.2,191.2,191.17,191.17,1763,2023-11-21
2023-11-21 14:05:00,191.2,191.2,191.15,191.15,684,2023-11-21
2023-11-21 14:10:00,191.12,191.12,191.02,191.11,3037,2023-11-21
2023-11-21 14:15:00,191.01,191.01,190.92,190.92,4125,2023-11-21
2023-11-21 14:20:00,191,191,191,191,1679,2023-11-21
2023-11-21 14:35:00,191.05,191.06,191,191.02,4873,2023-11-21
2023-11-21 14:40:00,191.1,191.13,191.1,191.13,2274,2023-11-21
2023-11-21 14:45:00,191.18,191.18,191.13,191.16,1885,2023-11-21
2023-11-21 14:50:00,191.08,191.25,191.08,191.25,909,2023-11-21
2023-11-21 14:55:00,191.25,191.25,191.13,191.13,3236,2023-11-21
2023-11-21 15:00:00,191.15,191.23,191.05,191.22,4244,2023-11-21
2023-11-21 15:05:00,191.23,191.29,191.21,191.21,3437,2023-11-21
2023-11-21 15:10:00,191.21,191.21,191.21,191.21,436,2023-11-21
2023-11-21 15:15:00,191.21,191.27,191.21,191.27,4654,2023-11-21
2023-11-21 15:20:00,191.26,191.26,191.26,191.26,1762,2023-11-21
2023-11-21 15:25:00,191.33,191.36,191.27,191.27,2995,2023-11-21
2023-11-21 15:30:00,191.31,191.36,191.24,191.36,7644,2023-11-21
2023-11-21 15:35:00,191.44,191.44,191.33,191.37,3990,2023-11-21
2023-11-21 15:40:00,191.4,191.4,191.33,191.33,2574,2023-11-21
2023-11-21 15:45:00,191.3,191.31,191.26,191.26,902,2023-11-21
2023-11-21 15:50:00,191.21,191.21,191.2,191.2,1199,2023-11-21
2023-11-21 15:55:00,191.25,191.25,191.15,191.15,3128,2023-11-21
2023-11-21 16:00:00,191.15,191.54,191.05,191.1,43474,2023-11-21
2023-11-21 16:05:00,191.1,191.12,191.052,191.052,4160,2023-11-21
2023-11-21 16:10:00,191.06,191.0988,191.01,191.0988,7544,2023-11-21
2023-11-21 16:15:00,191.06,191.07,190.85,190.9542,15483,2023-11-21
2023-11-21 16:20:00,190.96,191.14,190.9594,191.05,15139,2023-11-21
2023-11-21 16:25:00,191.0009,191.0811,190.9405,191,6912,2023-11-21
2023-11-21 16:30:00,191,191.095,191,191,13277,2023-11-21
2023-11-21 16:35:00,191,191,190.8292,190.87,12672,2023-11-21
2023-11-21 16:40:00,190.81,190.87,190.7121,190.8,25302,2023-11-21
2023-11-21 16:45:00,190.7707,190.85,190.77,190.77,8897,2023-11-21
2023-11-21 16:50:00,190.75,190.87,190.71,190.86,16978,2023-11-21
2023-11-21 16:55:00,190.84,190.84,190.59,190.6,27997,2023-11-21
2023-11-21 17:00:00,190.58,190.7,190.57,190.62,17713,2023-11-21
2023-11-21 17:05:00,190.62,190.8,190.6,190.79,22199,2023-11-21
2023-11-21 17:10:00,190.8,190.94,190.8,190.86,14497,2023-11-21
2023-11-21 17:15:00,190.86,190.87,190.75,190.8,11083,2023-11-21
2023-11-21 17:20:00,190.7994,190.84,190.79,190.8,12277,2023-11-21
2023-11-21 17:25:00,190.8,191.49,190.61,191.47,113743,2023-11-21
2023-11-21 17:30:00,191.41,191.52,190.92,191.21,1670363.0,2023-11-21
2023-11-21 17:35:00,191.22,191.29,190.918,190.92,739056,2023-11-21
2023-11-21 17:40:00,190.9271,191.02,190.68,190.765,575453,2023-11-21
2023-11-21 17:45:00,190.76,190.9564,190.495,190.92,876240,2023-11-21
2023-11-21 17:50:00,190.92,191.13,190.835,191.0212,703419,2023-11-21
2023-11-21 17:55:00,191.02,191.0288,190.76,190.82,545019,2023-11-21
2023-11-21 18:00:00,190.835,191.04,190.805,190.8574,653379,2023-11-21
2023-11-21 18:05:00,190.85,191.025,190.81,190.89,488535,2023-11-21
2023-11-21 18:10:00,190.88,190.95,190.7,190.84,542842,2023-11-21
2023-11-21 18:15:00,190.84,191.08,190.7746,191.0703,474103,2023-11-21
2023-11-21 18:20:00,191.075,191.0791,190.52,190.528,608003,2023-11-21
2023-11-21 18:25:00,190.53,190.5899,190.27,190.3475,636867,2023-11-21
2023-11-21 18:30:00,190.35,190.43,190.17,190.19,1020100.0,2023-11-21
2023-11-21 18:35:00,190.1928,190.39,190.1637,190.24,546779,2023-11-21
2023-11-21 18:40:00,190.2349,190.47,190.16,190.42,422342,2023-11-21
2023-11-21 18:45:00,190.425,190.4499,190.1232,190.295,538349,2023-11-21
2023-11-21 18:50:00,190.295,190.325,190.07,190.29,447359,2023-11-21
2023-11-21 18:55:00,190.29,190.32,190.13,190.2475,319009,2023-11-21
2023-11-21 19:00:00,190.25,190.31,190.03,190.105,395220,2023-11-21
2023-11-21 19:05:00,190.1,190.155,189.89,189.97,505142,2023-11-21
2023-11-21 19:10:00,189.975,190.065,189.74,189.8423,423940,2023-11-21
2023-11-21 19:15:00,189.85,190.0469,189.84,189.925,389881,2023-11-21
2023-11-21 19:20:00,189.93,190.0679,189.855,189.93,324362,2023-11-21
2023-11-21 19:25:00,189.93,190.02,189.81,189.942,348931,2023-11-21
2023-11-21 19:30:00,189.94,189.99,189.83,189.9,290998,2023-11-21
2023-11-21 19:35:00,189.9,190.03,189.88,189.95,268976,2023-11-21
2023-11-21 19:40:00,189.955,190.0499,189.85,189.995,239489,2023-11-21
2023-11-21 19:45:00,190.0001,190.14,189.945,190.095,306488,2023-11-21
2023-11-21 19:50:00,190.1017,190.19,190.05,190.16,307343,2023-11-21
2023-11-21 19:55:00,190.155,190.245,190.08,190.2219,266324,2023-11-21
2023-11-21 20:00:00,190.235,190.2556,190.15,190.17,275008,2023-11-21
2023-11-21 20:05:00,190.17,190.2499,190.1,190.19,465476,2023-11-21
2023-11-21 20:10:00,190.19,190.23,190.115,190.185,218220,2023-11-21
2023-11-21 20:15:00,190.18,190.245,190.09,190.1195,223350,2023-11-21
2023-11-21 20:20:00,190.12,190.21,190.09,190.2009,228882,2023-11-21
2023-11-21 20:25:00,190.2001,190.32,190.18,190.275,269202,2023-11-21
2023-11-21 20:30:00,190.277,190.33,190.24,190.295,198953,2023-11-21
2023-11-21 20:35:00,190.29,190.36,190.2,190.35,208213,2023-11-21
2023-11-21 20:40:00,190.355,190.3801,190.275,190.3216,198832,2023-11-21
2023-11-21 20:45:00,190.33,190.5,190.32,190.46,277201,2023-11-21
2023-11-21 20:50:00,190.47,190.51,190.4,190.5098,326407,2023-11-21
2023-11-21 20:55:00,190.505,190.595,190.47,190.53,319764,2023-11-21
2023-11-21 21:00:00,190.529,190.6,190.28,190.33,389688,2023-11-21
2023-11-21 21:05:00,190.335,190.4532,190.3083,190.4532,206155,2023-11-21
2023-11-21 21:10:00,190.45,190.48,190.09,190.13,309396,2023-11-21
2023-11-21 21:15:00,190.135,190.27,190.1,190.21,251325,2023-11-21
2023-11-21 21:20:00,190.21,190.2473,190.04,190.06,198555,2023-11-21
2023-11-21 21:25:00,190.055,190.19,190.05,190.12,227766,2023-11-21
2023-11-21 21:30:00,190.12,190.275,190.085,190.265,253418,2023-11-21
2023-11-21 21:35:00,190.26,190.42,190.16,190.4135,234947,2023-11-21
2023-11-21 21:40:00,190.415,190.45,190.35,190.405,217295,2023-11-21
2023-11-21 21:45:00,190.405,190.52,190.39,190.4603,236805,2023-11-21
2023-11-21 21:50:00,190.46,190.6,190.45,190.55,203269,2023-11-21
2023-11-21 21:55:00,190.5429,190.6,190.39,190.42,219722,2023-11-21
2023-11-21 22:00:00,190.41,190.52,190.34,190.45,338400,2023-11-21
2023-11-21 22:05:00,190.45,190.45,190.19,190.3,235624,2023-11-21
2023-11-21 22:10:00,190.31,190.5,190.215,190.481,215568,2023-11-21
2023-11-21 22:15:00,190.48,190.615,190.34,190.4011,270383,2023-11-21
2023-11-21 22:20:00,190.405,190.43,190.3015,190.3209,248549,2023-11-21
2023-11-21 22:25:00,190.32,190.41,190.29,190.38,200321,2023-11-21
2023-11-21 22:30:00,190.3828,190.43,190.3,190.39,233818,2023-11-21
2023-11-21 22:35:00,190.385,190.44,190.31,190.355,168433,2023-11-21
2023-11-21 22:40:00,190.35,190.41,190.32,190.38,191750,2023-11-21
2023-11-21 22:45:00,190.385,190.49,190.375,190.4,211696,2023-11-21
2023-11-21 22:50:00,190.41,190.41,190.29,190.365,228929,2023-11-21
2023-11-21 22:55:00,190.37,190.5495,190.35,190.5175,522965,2023-11-21
2023-11-21 23:00:00,190.51,190.64,190.495,190.6199,367597,2023-11-21
2023-11-21 23:05:00,190.62,190.7,190.51,190.53,388755,2023-11-21
2023-11-21 23:10:00,190.53,190.68,190.53,190.575,253975,2023-11-21
2023-11-21 23:15:00,190.57,190.6493,190.565,190.605,248014,2023-11-21
2023-11-21 23:20:00,190.605,190.675,190.52,190.57,262745,2023-11-21
2023-11-21 23:25:00,190.565,190.71,190.51,190.65,364188,2023-11-21
2023-11-21 23:30:00,190.645,190.675,190.3101,190.38,446293,2023-11-21
2023-11-21 23:35:00,190.39,190.46,190.2913,190.43,323752,2023-11-21
2023-11-21 23:40:00,190.42,190.52,190.37,190.435,506491,2023-11-21
2023-11-21 23:45:00,190.435,190.435,190.29,190.37,567783,2023-11-21
2023-11-21 23:50:00,190.365,190.64,190.32,190.5601,1878825.0,2023-11-21
2023-11-21 23:55:00,190.58,190.73,190.475,190.65,1816023.0,2023-11-21
2023-11-22 00:00:00,190.66,190.75,190.58,190.64,372969,2023-11-21
2023-11-22 00:05:00,190.51,190.64,190.51,190.57,3425,2023-11-21
2023-11-22 00:10:00,190.59,190.64,190.57,190.5901,16288,2023-11-21
2023-11-22 00:15:00,190.52,190.54,190.52,190.52,2002,2023-11-21
2023-11-22 00:20:00,190.64,190.67,190.25,190.58,61957,2023-11-21
2023-11-22 00:25:00,190.54,190.75,190.51,190.65,17380,2023-11-21
2023-11-22 00:30:00,190.64,190.77,190.58,190.58,11702,2023-11-21
2023-11-22 00:35:00,190.6,190.62,190.4,190.49,21096,2023-11-21
2023-11-22 00:40:00,190.5483,190.64,190.49,190.64,57509,2023-11-21
2023-11-22 00:45:00,190.5,190.52,190.45,190.45,2803,2023-11-21
2023-11-22 00:50:00,190.4971,190.5,190.47,190.5,1165,2023-11-21
2023-11-22 00:55:00,190.51,190.56,190.51,190.56,1640,2023-11-21
2023-11-22 01:05:00,190.57,190.57,190.52,190.52,2312,2023-11-21
2023-11-22 01:10:00,190.4701,190.4701,190.47,190.47,413,2023-11-21
2023-11-22 01:15:00,190.51,190.54,190.51,190.52,1070,2023-11-21
2023-11-22 01:20:00,190.53,190.54,190.53,190.54,1046,2023-11-21
2023-11-22 01:25:00,190.5757,190.58,190.53,190.53,1459,2023-11-21
2023-11-22 01:30:00,190.55,190.55,190.53,190.53,732,2023-11-21
2023-11-22 01:35:00,190.53,190.53,190.53,190.53,282,2023-11-21
2023-11-22 01:40:00,190.57,190.57,190.5,190.53,1125,2023-11-21
2023-11-22 01:45:00,190.5,190.5,190.5,190.5,2431,2023-11-21
2023-11-22 01:50:00,190.5033,190.65,190.5,190.65,7107,2023-11-21
2023-11-22 01:55:00,190.65,190.75,190.65,190.66,7750,2023-11-21
2023-11-22 02:00:00,190.62,190.62,190.56,190.56,2688,2023-11-21
2023-11-22 02:05:00,190.56,190.56,190.47,190.47,3932,2023-11-21
2023-11-22 02:10:00,190.46,190.58,190.44,190.58,5302,2023-11-21
2023-11-22 02:15:00,190.48,190.48,190.47,190.47,617,2023-11-21
2023-11-22 02:20:00,190.5665,190.58,190.37,190.48,3162,2023-11-21
2023-11-22 02:25:00,190.41,190.57,190.41,190.56,4228,2023-11-21
2023-11-22 02:30:00,190.51,190.56,190.45,190.56,1712,2023-11-21
2023-11-22 02:35:00,190.57,190.58,190.5,190.52,2951,2023-11-21
2023-11-22 02:40:00,190.5016,190.5016,190.42,190.42,951,2023-11-21
2023-11-22 02:45:00,190.5,190.56,190.45,190.51,1143,2023-11-21
2023-11-22 02:50:00,190.45,190.45,190.45,190.45,314,2023-11-21
2023-11-22 02:55:00,190.51,190.51,190.42,190.51,2761,2023-11-21
2023-11-22 03:00:00,190.55,190.56,190.47,190.47,1230,2023-11-21
2023-11-22 03:05:00,190.54,190.59,190.54,190.58,2943,2023-11-21
2023-11-22 03:10:00,190.54,190.54,190.41,190.41,4024,2023-11-21
2023-11-22 03:15:00,190.42,190.42,190.36,190.36,7136,2023-11-21
2023-11-22 03:20:00,190.36,190.4,190.36,190.4,3198,2023-11-21
2023-11-22 03:25:00,190.4,190.4,190.3,190.38,1928,2023-11-21
2023-11-22 03:30:00,190.33,190.34,190.31,190.31,2062,2023-11-21
2023-11-22 03:35:00,190.34,190.39,190.34,190.39,1493,2023-11-21
2023-11-22 03:40:00,190.37,190.4,190.37,190.4,666,2023-11-21
2023-11-22 03:45:00,190.36,190.36,190.36,190.36,253,2023-11-21
2023-11-22 03:50:00,190.36,190.44,190.36,190.42,2985,2023-11-21
2023-11-22 03:55:00,190.37,190.37,190.3,190.3,1399,2023-11-21
2023-11-22 12:00:00,190.38,190.4,190.38,190.4,1726,2023-11-22
2023-11-22 12:05:00,190.4,190.4,190.4,190.4,335,2023-11-22
2023-11-22 12:10:00,190.45,190.46,190.45,190.45,2170,2023-11-22
2023-11-22 12:15:00,190.5,190.5,190.47,190.5,1149,2023-11-22
2023-11-22 12:25:00,190.46,190.46,190.46,190.46,916,2023-11-22
2023-11-22 12:30:00,190.5,190.5,190.5,190.5,1054,2023-11-22
2023-11-22 12:35:00,190.44,190.44,190.4,190.4,3210,2023-11-22
2023-11-22 12:40:00,190.45,190.46,190.45,190.46,564,2023-11-22
2023-11-22 12:55:00,190.49,190.5,190.49,190.5,1084,2023-11-22
2023-11-22 13:00:00,190.51,190.53,190.5,190.53,1358,2023-11-22
2023-11-22 13:10:00,190.64,190.66,190.64,190.66,860,2023-11-22
2023-11-22 13:25:00,190.63,190.63,190.63,190.63,271,2023-11-22
2023-11-22 13:30:00,190.61,190.65,190.61,190.64,907,2023-11-22
2023-11-22 13:35:00,190.65,190.65,190.58,190.64,2250,2023-11-22
2023-11-22 13:40:00,190.65,190.65,190.65,190.65,762,2023-11-22
2023-11-22 13:45:00,190.66,190.66,190.62,190.62,922,2023-11-22
2023-11-22 13:50:00,190.69,190.71,190.69,190.71,1020,2023-11-22
2023-11-22 13:55:00,190.71,190.98,190.71,190.88,4415,2023-11-22
2023-11-22 14:05:00,190.8,190.8,190.8,190.8,819,2023-11-22
2023-11-22 14:10:00,190.86,190.86,190.86,190.86,503,2023-11-22
2023-11-22 14:15:00,190.72,190.81,190.71,190.81,2174,2023-11-22
2023-11-22 14:25:00,190.77,190.94,190.77,190.94,4451,2023-11-22
2023-11-22 14:30:00,190.9,190.9,190.69,190.75,2175,2023-11-22
2023-11-22 14:35:00,190.85,190.85,190.85,190.85,1034,2023-11-22
2023-11-22 14:40:00,190.83,190.83,190.83,190.83,259,2023-11-22
2023-11-22 14:55:00,190.7,190.7,190.7,190.7,411,2023-11-22
2023-11-22 15:00:00,190.7,190.9,190.69,190.89,9763,2023-11-22
2023-11-22 15:05:00,190.89,190.95,190.89,190.9,4158,2023-11-22
2023-11-22 15:10:00,190.96,190.96,190.93,190.93,2882,2023-11-22
2023-11-22 15:15:00,190.9,190.98,190.87,190.98,4654,2023-11-22
2023-11-22 15:20:00,190.94,191.11,190.94,190.95,15576,2023-11-22
2023-11-22 15:25:00,191.15,191.15,191.07,191.07,3935,2023-11-22
2023-11-22 15:30:00,191.03,191.09,191.02,191.03,2772,2023-11-22
2023-11-22 15:35:00,191.08,191.1,191.08,191.1,684,2023-11-22
2023-11-22 15:40:00,191.1,191.1,191.03,191.03,6080,2023-11-22
2023-11-22 15:45:00,191.02,191.14,190.92,191.14,12852,2023-11-22
2023-11-22 15:50:00,191.11,191.13,191.09,191.1,3321,2023-11-22
2023-11-22 15:55:00,191.03,191.05,190.96,191.02,3080,2023-11-22
2023-11-22 16:00:00,190.72,191.14,190.1,191.05,37022,2023-11-22
2023-11-22 16:05:00,191.05,191.05,190.97,191.04,4331,2023-11-22
2023-11-22 16:10:00,191.04,191.07,191,191.0102,2849,2023-11-22
2023-11-22 16:15:00,191.0102,191.1,190.94,190.94,29650,2023-11-22
2023-11-22 16:20:00,190.95,191.15,190.95,191.15,9549,2023-11-22
2023-11-22 16:25:00,191.14,191.15,191.03,191.12,7416,2023-11-22
2023-11-22 16:30:00,191.1,191.1,190.9,190.99,7980,2023-11-22
2023-11-22 16:35:00,190.96,191,190.94,190.97,6037,2023-11-22
2023-11-22 16:40:00,190.97,191.02,190.95,191.02,10620,2023-11-22
2023-11-22 16:45:00,191.04,191.1403,191.04,191.06,16624,2023-11-22
2023-11-22 16:50:00,191.07,191.15,191.07,191.14,18836,2023-11-22
2023-11-22 16:55:00,191.13,191.18,191.08,191.1785,8746,2023-11-22
2023-11-22 17:00:00,191.15,191.28,191.15,191.19,17969,2023-11-22
2023-11-22 17:05:00,191.27,191.29,191.11,191.24,13650,2023-11-22
2023-11-22 17:10:00,191.28,191.44,191.25,191.29,33334,2023-11-22
2023-11-22 17:15:00,191.25,191.34,191.23,191.31,8666,2023-11-22
2023-11-22 17:20:00,191.33,191.46,191.33,191.4,20832,2023-11-22
2023-11-22 17:25:00,191.34,191.5,191.2,191.48,29578,2023-11-22
2023-11-22 17:30:00,191.49,192.73,191.465,192.66,2954502.0,2023-11-22
2023-11-22 17:35:00,192.67,192.93,192.47,192.48,1408016.0,2023-11-22
2023-11-22 17:40:00,192.48,192.81,192.445,192.64,838941,2023-11-22
2023-11-22 17:45:00,192.66,192.7,192.45,192.5,694507,2023-11-22
2023-11-22 17:50:00,192.49,192.63,191.765,191.79,948183,2023-11-22
2023-11-22 17:55:00,191.79,192.02,191.5788,191.9125,850784,2023-11-22
2023-11-22 18:00:00,191.92,191.988,191.43,191.63,894259,2023-11-22
2023-11-22 18:05:00,191.63,191.84,191.58,191.72,456665,2023-11-22
2023-11-22 18:10:00,191.72,191.83,191.5881,191.74,489145,2023-11-22
2023-11-22 18:15:00,191.73,191.89,191.59,191.85,499000,2023-11-22
2023-11-22 18:20:00,191.85,192.15,191.79,192.0847,615727,2023-11-22
2023-11-22 18:25:00,192.09,192.09,191.7734,191.9315,483783,2023-11-22
2023-11-22 18:30:00,191.95,192.1899,191.9478,192.18,436180,2023-11-22
2023-11-22 18:35:00,192.18,192.37,192.11,192.14,519057,2023-11-22
2023-11-22 18:40:00,192.14,192.3199,192.06,192.0701,360731,2023-11-22
2023-11-22 18:45:00,192.0799,192.156,191.7699,191.77,374693,2023-11-22
2023-11-22 18:50:00,191.78,191.88,191.39,191.4201,536399,2023-11-22
2023-11-22 18:55:00,191.43,191.58,191.4,191.45,620433,2023-11-22
2023-11-22 19:00:00,191.455,191.85,191.44,191.85,459068,2023-11-22
2023-11-22 19:05:00,191.84,191.865,191.52,191.54,335639,2023-11-22
2023-11-22 19:10:00,191.52,191.85,191.52,191.805,294704,2023-11-22
2023-11-22 19:15:00,191.8002,191.84,191.525,191.57,366379,2023-11-22
2023-11-22 19:20:00,191.5701,191.75,191.51,191.72,263883,2023-11-22
2023-11-22 19:25:00,191.71,191.71,191.54,191.66,218383,2023-11-22
2023-11-22 19:30:00,191.66,191.8499,191.64,191.715,348152,2023-11-22
2023-11-22 19:35:00,191.7132,191.72,191.59,191.64,289400,2023-11-22
2023-11-22 19:40:00,191.645,191.73,191.57,191.67,234253,2023-11-22
2023-11-22 19:45:00,191.665,191.74,191.5988,191.61,209620,2023-11-22
2023-11-22 19:50:00,191.62,191.67,191.5309,191.5594,225699,2023-11-22
2023-11-22 19:55:00,191.56,191.67,191.48,191.6623,282593,2023-11-22
2023-11-22 20:00:00,191.665,191.74,191.6,191.705,239011,2023-11-22
2023-11-22 20:05:00,191.705,191.85,191.69,191.8401,274847,2023-11-22
2023-11-22 20:10:00,191.8401,191.8899,191.57,191.59,297774,2023-11-22
2023-11-22 20:15:00,191.585,191.8,191.55,191.7822,257582,2023-11-22
2023-11-22 20:20:00,191.785,191.925,191.685,191.85,399774,2023-11-22
2023-11-22 20:25:00,191.8499,191.96,191.81,191.915,281940,2023-11-22
2023-11-22 20:30:00,191.915,191.92,191.64,191.69,313078,2023-11-22
2023-11-22 20:35:00,191.695,191.8498,191.68,191.795,258963,2023-11-22
2023-11-22 20:40:00,191.79,191.7999,191.66,191.705,237130,2023-11-22
2023-11-22 20:45:00,191.7,191.8,191.65,191.755,282829,2023-11-22
2023-11-22 20:50:00,191.76,191.92,191.73,191.8899,401541,2023-11-22
2023-11-22 20:55:00,191.895,191.945,191.78,191.905,253787,2023-11-22
2023-11-22 21:00:00,191.9,191.915,191.72,191.745,303269,2023-11-22
2023-11-22 21:05:00,191.745,191.99,191.68,191.975,309643,2023-11-22
2023-11-22 21:10:00,191.974,192.09,191.915,192.0699,344470,2023-11-22
2023-11-22 21:15:00,192.0641,192.08,191.7714,191.8,280959,2023-11-22
2023-11-22 21:20:00,191.81,192.0553,191.79,192.0404,263272,2023-11-22
2023-11-22 21:25:00,192.04,192.06,191.97,192.005,205421,2023-11-22
2023-11-22 21:30:00,192.01,192.0303,191.94,192.03,400824,2023-11-22
2023-11-22 21:35:00,192.02,192.03,191.85,191.87,215861,2023-11-22
2023-11-22 21:40:00,191.8712,191.895,191.76,191.785,279688,2023-11-22
2023-11-22 21:45:00,191.79,191.8,191.66,191.685,262493,2023-11-22
2023-11-22 21:50:00,191.68,191.706,191.53,191.5305,330184,2023-11-22
2023-11-22 21:55:00,191.535,191.68,191.53,191.63,415089,2023-11-22
2023-11-22 22:00:00,191.62,191.7,191.5701,191.59,303353,2023-11-22
2023-11-22 22:05:00,191.6,191.695,191.595,191.69,274639,2023-11-22
2023-11-22 22:10:00,191.7,191.71,191.53,191.5399,281597,2023-11-22
2023-11-22 22:15:00,191.535,191.6199,191.49,191.576,275994,2023-11-22
2023-11-22 22:20:00,191.575,191.66,191.535,191.535,212953,2023-11-22
2023-11-22 22:25:00,191.54,191.65,191.52,191.635,170020,2023-11-22
2023-11-22 22:30:00,191.64,191.64,191.35,191.3685,243417,2023-11-22
2023-11-22 22:35:00,191.3627,191.4,190.83,190.885,478847,2023-11-22
2023-11-22 22:40:00,190.9,191.21,190.825,191.1942,466707,2023-11-22
2023-11-22 22:45:00,191.2,191.215,190.95,190.95,329198,2023-11-22
2023-11-22 22:50:00,190.95,191.22,190.9398,191.19,358698,2023-11-22
2023-11-22 22:55:00,191.185,191.37,191.17,191.3501,368869,2023-11-22
2023-11-22 23:00:00,191.35,191.395,191.2728,191.39,350773,2023-11-22
2023-11-22 23:05:00,191.3916,191.475,191.22,191.4,355931,2023-11-22
2023-11-22 23:10:00,191.41,191.505,191.36,191.5025,226121,2023-11-22
2023-11-22 23:15:00,191.505,191.555,191.44,191.485,221122,2023-11-22
2023-11-22 23:20:00,191.485,191.49,191.27,191.445,295197,2023-11-22
2023-11-22 23:25:00,191.44,191.55,191.4,191.52,297435,2023-11-22
2023-11-22 23:30:00,191.515,191.985,191.445,191.55,356777,2023-11-22
2023-11-22 23:35:00,191.56,191.67,191.545,191.67,383155,2023-11-22
2023-11-22 23:40:00,191.67,191.7,191.51,191.54,368244,2023-11-22
2023-11-22 23:45:00,191.54,191.6315,191.5,191.54,422605,2023-11-22
2023-11-22 23:50:00,191.53,191.59,191.25,191.3,713213,2023-11-22
2023-11-22 23:55:00,191.28,191.42,191.22,191.3,1293766.0,2023-11-22
2023-11-23 00:00:00,191.3,191.32,191.23,191.2687,174161,2023-11-22
2023-11-23 00:05:00,191.2667,191.31,191.26,191.26,47983,2023-11-22
2023-11-23 00:10:00,191.29,191.31,191.28,191.28,16974,2023-11-22
2023-11-23 00:15:00,191.29,191.31,191.29,191.3,1994,2023-11-22
2023-11-23 00:20:00,191.31,191.47,191.26,191.39,57041,2023-11-22
2023-11-23 00:25:00,191.3,191.3,191.28,191.28,1339,2023-11-22
2023-11-23 00:30:00,191.28,191.28,191.27,191.27,562,2023-11-22
2023-11-23 00:35:00,191.28,191.28,191.27,191.27,350,2023-11-22
2023-11-23 00:40:00,191.29,191.29,191.28,191.28,228607,2023-11-22
2023-11-23 00:45:00,191.3,191.3,191.27,191.27,941,2023-11-22
2023-11-23 00:50:00,191.27,191.31,191.24,191.31,18785,2023-11-22
2023-11-23 00:55:00,191.3,191.3,191.3,191.3,265,2023-11-22
2023-11-23 01:00:00,191.35,191.35,191.31,191.33,69557,2023-11-22
2023-11-23 01:05:00,191.32,191.32,191.31,191.31,1015,2023-11-22
2023-11-23 01:10:00,191.31,191.31,191.3,191.31,1220,2023-11-22
2023-11-23 01:15:00,191.26,191.26,191.26,191.26,116,2023-11-22
2023-11-23 01:25:00,191.27,191.27,191.25,191.25,898,2023-11-22
2023-11-23 01:30:00,191.2344,191.2344,191.23,191.23,628,2023-11-22
2023-11-23 01:35:00,191.23,191.23,191.23,191.23,552,2023-11-22
2023-11-23 01:40:00,191.26,191.27,191.2599,191.26,1032,2023-11-22
2023-11-23 01:45:00,191.2699,191.27,191.2699,191.27,537,2023-11-22
2023-11-23 01:50:00,191.3,191.3,191.3,191.3,725,2023-11-22
2023-11-23 01:55:00,191.3,191.31,191.3,191.31,3260,2023-11-22
2023-11-23 02:00:00,191.32,191.32,191.27,191.27,3022,2023-11-22
2023-11-23 02:05:00,191.29,191.34,191.29,191.34,588,2023-11-22
2023-11-23 02:15:00,191.3,191.3,191.3,191.3,507,2023-11-22
2023-11-23 02:35:00,191.3,191.3,191.3,191.3,381,2023-11-22
2023-11-23 02:45:00,191.22,191.31,191.22,191.31,407,2023-11-22
2023-11-23 03:05:00,191.25,191.31,191.25,191.31,2202,2023-11-22
2023-11-23 03:10:00,191.27,191.3,191.26,191.26,625,2023-11-22
2023-11-23 03:15:00,191.26,191.26,191.26,191.26,102,2023-11-22
2023-11-23 03:35:00,191.26,191.26,191.25,191.25,675,2023-11-22
2023-11-23 03:45:00,191.25,191.25,191.22,191.22,936,2023-11-22
2023-11-23 03:50:00,191.2399,191.2399,191.2399,191.2399,218,2023-11-22
2023-11-23 03:55:00,191.25,191.29,191.24,191.26,3846,2023-11-22
